業態コード,業態名称,営業部コード,営業部名称,店舗コード,店舗名称,営業日,曜日,曜日区分,店休,天候,最高気温,最低気温,売上分類,売上実績,売上月次予算,売上予算比,売上累計予算比,売上前年,売上前年比,客数実績,組数実績,客数客単価,客数回転数,客数月次予算,客数予算比,客数前年,客数前年比,仕入月次予算,仕入実績,売上仕入率,累計仕入率,人件費月次予算,人件費実績,売上人件費率,累計人件費率,売上FL率,累計FL率,労働時間,人時売上,廃棄額,売上廃棄率,イベント
0001,千房直営,000001,第1エリア,002   ,千日前本店,2026/06/15,月,平日,,曇,28.0,20.0,計,450440,600000,0.7507,0.7507,690807,0.6520,193,67,2333.9,2.19,260,0.7423,286,0.6748,0,106018,0.2354,0.2354,0,105267,0.2337,0.2337,0.4691,0.4691,4584,5895.8,,0.0000,
0001,千房直営,000001,第1エリア,002   ,千日前本店,2026/06/16,火,平日,,晴,27.0,21.0,計,459124,600000,0.7652,0.7580,682073,0.6731,187,79,2455.2,2.13,260,0.7192,277,0.6751,0,87292,0.1901,0.2125,0,112644,0.2453,0.2396,0.4355,0.4521,4953,5561.8,,0.0000,
0001,千房直営,000001,第1エリア,002   ,千日前本店,2026/06/17,水,平日,,曇,28.0,22.0,計,436924,550000,0.7944,0.7694,564140,0.7745,192,72,2275.6,2.18,238,0.8067,248,0.7742,0,86775,0.1986,0.2080,0,121708,0.2786,0.2522,0.4772,0.4602,5436,4822.6,,0.0000,
0001,千房直営,000001,第1エリア,002   ,千日前本店,2026/06/18,木,平日,,晴,29.0,21.0,計,429816,600000,0.7164,0.7559,653918,0.6573,163,58,2636.9,1.85,260,0.6269,270,0.6037,0,85822,0.1997,0.2060,0,113227,0.2634,0.2549,0.4631,0.4609,4928,5233.1,,0.0000,
0001,千房直営,000001,第1エリア,002   ,千日前本店,2026/06/19,金,平日,,晴,31.0,24.0,計,606203,600000,1.0103,0.8076,534272,1.1346,274,95,2212.4,3.11,260,1.0538,244,1.1230,0,129185,0.2131,0.2078,0,111681,0.1842,0.2369,0.3973,0.4448,4878,7456.4,,0.0000,
0001,千房直営,000001,第1エリア,002   ,千日前本店,2026/06/20,土,土曜,,雨,26.0,23.0,計,886683,900000,0.9852,0.8491,875468,1.0128,399,129,2222.3,4.53,391,1.0205,348,1.1466,0,277772,0.3133,0.2364,0,178437,0.2012,0.2273,0.5145,0.4637,7746,6868.2,,0.0000,
0001,千房直営,000001,第1エリア,002   ,千日前本店,2026/06/21,日,日祝,,曇,29.0,24.0,計,675274,800000,0.8441,0.8483,618124,1.0925,279,105,2420.3,3.17,347,0.8040,303,0.9208,0,,0.0000,0.1959,0,151111,0.2238,0.2267,0.2238,0.4226,6739,6012.2,,0.0000,
0001,千房直営,000001,第1エリア,002   ,千日前本店,2026/06/22,月,平日,,雨,25.0,22.0,計,492348,550000,0.8952,0.8532,473428,1.0400,214,87,2300.7,2.43,239,0.8954,219,0.9772,0,102973,0.2091,0.1974,0,115267,0.2341,0.2275,0.4433,0.4249,4994,5915.3,,0.0000,
0001,千房直営,000001,第1エリア,002   ,千日前本店,2026/06/23,火,平日,,晴,25.0,21.0,計,376386,500000,0.7528,0.8444,600059,0.6272,141,63,2669.4,1.60,217,0.6498,263,0.5361,0,174172,0.4627,0.2182,0,97188,0.2582,0.2299,0.7210,0.4480,4296,5256.8,,0.0000,
0001,千房直営,000001,第1エリア,002   ,千日前本店,2026/06/24,水,平日,,雨,23.0,20.0,計,334949,500000,0.6699,0.8303,401190,0.8349,149,66,2248.0,1.69,217,0.6866,180,0.8278,0,95209,0.2842,0.2225,0,98256,0.2933,0.2340,0.5776,0.4565,4326,4645.6,,0.0000,
0001,千房直営,000001,第1エリア,002   ,千日前本店,2026/06/25,木,平日,,雨,23.0,20.0,計,660303,750000,0.8804,0.8357,585923,1.1269,209,82,3159.3,2.38,326,0.6411,243,0.8601,0,141445,0.2142,0.2215,0,120032,0.1818,0.2281,0.3960,0.4496,5103,7763.7,,0.0000,
0001,千房直営,000001,第1エリア,002   ,千日前本店,2026/06/26,金,平日,,雨,23.0,20.0,計,648279,750000,0.8644,0.8385,582064,1.1138,252,97,2572.5,2.86,326,0.7730,268,0.9403,0,137421,0.2120,0.2206,0,93687,0.1445,0.2197,0.3565,0.4403,4106,9473.1,,0.0000,
0001,千房直営,000001,第1エリア,002   ,千日前本店,2026/06/27,土,土曜,,曇,25.0,20.0,計,876520,900000,0.9739,0.8527,879671,0.9964,365,136,2401.4,4.15,391,0.9335,396,0.9217,0,243792,0.2781,0.2274,0,176267,0.2011,0.2175,0.4792,0.4449,7357,7148.5,,0.0000,
0001,千房直営,000001,第1エリア,002   ,千日前本店,2026/06/28,日,日祝,,曇,28.0,20.0,計,667598,800000,0.8345,0.8512,715071,0.9336,332,124,2010.8,3.77,347,0.9568,316,1.0506,0,,0.0000,0.2085,0,171123,0.2563,0.2207,0.2563,0.4292,6646,6027.1,,0.0000,
0001,千房直営,000001,第1エリア,002   ,千日前本店,2026/06/29,月,平日,,晴,31.0,24.0,計,502706,600000,0.8378,0.8504,360406,1.3948,184,66,2732.1,2.09,260,0.7077,163,1.1288,0,101419,0.2017,0.2081,0,131850,0.2623,0.2232,0.4640,0.4312,5087,5929.3,,0.0000,
0001,千房直営,000001,第1エリア,002   ,千日前本店,2026/06/30,火,平日,,晴,30.0,24.0,計,399376,500000,0.7988,0.8479,844839,0.4727,166,70,2405.9,1.89,217,0.7650,392,0.4235,0,,0.0000,0.1987,0,131218,0.3286,0.2279,0.3286,0.4266,4891,4899.3,,0.0000,
0001,千房直営,000002,第2エリア,005   ,リノアス八尾支店,2026/06/15,月,平日,,曇,27.0,20.0,計,129483,180000,0.7194,0.7194,161822,0.8002,63,33,2055.3,0.72,95,0.6632,82,0.7683,0,40903,0.3159,0.3159,0,38927,0.3006,0.3006,0.6165,0.6165,1844,4213.1,,0.0000,
0001,千房直営,000002,第2エリア,005   ,リノアス八尾支店,2026/06/16,火,平日,,曇,27.0,20.0,計,149565,160000,0.9348,0.8207,140589,1.0638,86,44,1739.1,0.98,84,1.0238,88,0.9773,0,20916,0.1398,0.2215,0,53845,0.3600,0.3325,0.4999,0.5540,2445,3670.3,,0.0000,
0001,千房直営,000002,第2エリア,005   ,リノアス八尾支店,2026/06/17,水,平日,,曇,28.0,22.0,計,83627,110000,0.7602,0.8059,111705,0.7486,55,29,1520.5,0.63,58,0.9483,65,0.8462,0,29149,0.3486,0.2508,0,51975,0.6215,0.3991,0.9701,0.6499,2255,2225.1,,0.0000,
0001,千房直営,000002,第2エリア,005   ,リノアス八尾支店,2026/06/18,木,平日,,晴,29.0,21.0,計,173844,140000,1.2417,0.9094,143941,1.2077,99,48,1756.0,1.13,74,1.3378,77,1.2857,0,4382,0.0252,0.1777,0,56214,0.3234,0.3746,0.3486,0.5523,2514,4149.0,,0.0000,
0001,千房直営,000002,第2エリア,005   ,リノアス八尾支店,2026/06/19,金,平日,,晴,31.0,22.0,計,156365,220000,0.7108,0.8554,204814,0.7634,91,47,1718.3,1.03,116,0.7845,105,0.8667,0,132953,0.8503,0.3295,0,57409,0.3671,0.3729,1.2174,0.7024,2534,3702.4,,0.0000,
0001,千房直営,000002,第2エリア,005   ,リノアス八尾支店,2026/06/20,土,土曜,,雨,27.0,23.0,計,312155,280000,1.1148,0.9221,276625,1.1284,175,80,1783.7,1.99,147,1.1905,150,1.1667,0,45315,0.1452,0.2722,0,104050,0.3333,0.3606,0.4785,0.6328,4555,4111.8,,0.0000,
0001,千房直営,000002,第2エリア,005   ,リノアス八尾支店,2026/06/21,日,日祝,,曇,29.0,24.0,計,313785,300000,1.0460,0.9488,282696,1.1100,155,67,2024.4,1.76,158,0.9810,153,1.0131,0,10890,0.0347,0.2157,0,88658,0.2825,0.3420,0.3172,0.5578,3681,5114.7,,0.0000,
0001,千房直営,000002,第2エリア,005   ,リノアス八尾支店,2026/06/22,月,平日,,雨,25.0,22.0,計,84920,90000,0.9436,0.9485,86099,0.9863,53,23,1602.3,0.60,47,1.1277,52,1.0192,0,86887,1.0232,0.2646,0,46831,0.5515,0.3547,1.5746,0.6193,2223,2292.0,,0.0000,
0001,千房直営,000002,第2エリア,005   ,リノアス八尾支店,2026/06/23,火,平日,,晴,25.0,20.0,計,106623,140000,0.7616,0.9323,132845,0.8026,60,29,1777.1,0.68,74,0.8108,75,0.8000,0,39011,0.3659,0.2717,0,56857,0.5333,0.3673,0.8991,0.6390,2359,2711.9,,0.0000,
0001,千房直営,000002,第2エリア,005   ,リノアス八尾支店,2026/06/24,水,平日,,雨,22.0,20.0,計,108081,100000,1.0808,0.9410,94781,1.1403,55,33,1965.1,0.63,53,1.0377,62,0.8871,0,84183,0.7789,0.3056,0,47620,0.4406,0.3722,1.2195,0.6778,2215,2927.7,,0.0000,
0001,千房直営,000002,第2エリア,005   ,リノアス八尾支店,2026/06/25,木,平日,,雨,23.0,20.0,計,108658,110000,0.9878,0.9438,114918,0.9455,57,29,1906.3,0.65,58,0.9828,60,0.9500,0,46416,0.4272,0.3132,0,48562,0.4469,0.3769,0.8741,0.6901,2149,3033.7,,0.0000,
0001,千房直営,000002,第2エリア,005   ,リノアス八尾支店,2026/06/26,金,平日,,雨,24.0,20.0,計,148105,160000,0.9257,0.9423,156207,0.9481,72,36,2057.0,0.82,84,0.8571,88,0.8182,0,86601,0.5847,0.3347,0,52776,0.3563,0.3753,0.9411,0.7100,2132,4168.1,,0.0000,
0001,千房直営,000002,第2エリア,005   ,リノアス八尾支店,2026/06/27,土,土曜,,曇,24.0,20.0,計,285279,320000,0.8915,0.9353,299849,0.9514,138,60,2067.2,1.57,168,0.8214,163,0.8466,0,14401,0.0505,0.2972,0,92136,0.3230,0.3684,0.3734,0.6655,3986,4294.2,,0.0000,
0001,千房直営,000002,第2エリア,005   ,リノアス八尾支店,2026/06/28,日,日祝,,曇,28.0,20.0,計,360505,300000,1.2017,0.9659,283388,1.2721,165,73,2184.9,1.88,158,1.0443,142,1.1620,0,,0.0000,0.2547,0,98601,0.2735,0.3548,0.2735,0.6095,4116,5255.2,,0.0000,
0001,千房直営,000002,第2エリア,005   ,リノアス八尾支店,2026/06/29,月,平日,,晴,31.0,23.0,計,232302,140000,1.6593,1.0012,130197,1.7842,127,68,1829.1,1.44,74,1.7162,61,2.0820,0,66799,0.2876,0.2574,0,47587,0.2049,0.3422,0.4924,0.5996,2253,6186.5,,0.0000,
0001,千房直営,000002,第2エリア,005   ,リノアス八尾支店,2026/06/30,火,平日,,晴,29.0,23.0,計,245995,110000,2.2363,1.0487,245981,1.0001,145,79,1696.5,1.65,58,2.5000,122,1.1885,0,35574,0.1446,0.2482,0,87908,0.3574,0.3434,0.5020,0.5916,3537,4172.9,,0.0000,
0001,千房直営,000001,第1エリア,010   ,京都アバンティ支店,2026/06/15,月,平日,,曇,27.0,19.0,計,222414,220000,1.0110,1.0110,236568,0.9402,100,43,2224.1,2.94,141,0.7092,94,1.0638,0,169264,0.7610,0.7610,0,59523,0.2676,0.2676,1.0287,1.0287,2605,5122.8,,0.0000,
0001,千房直営,000001,第1エリア,010   ,京都アバンティ支店,2026/06/16,火,平日,,曇,27.0,19.0,計,89549,220000,0.4070,0.7090,136719,0.6550,49,26,1827.5,1.44,141,0.3475,59,0.8305,0,32442,0.3623,0.6466,0,43017,0.4804,0.3287,0.8427,0.9753,1843,2915.3,,0.0000,
0001,千房直営,000001,第1エリア,010   ,京都アバンティ支店,2026/06/17,水,平日,,曇,26.0,22.0,計,213217,220000,0.9692,0.7957,214445,0.9943,94,51,2268.3,2.76,141,0.6667,107,0.8785,0,24537,0.1151,0.4308,0,51336,0.2408,0.2930,0.3558,0.7238,2240,5711.2,,0.0000,
0001,千房直営,000001,第1エリア,010   ,京都アバンティ支店,2026/06/18,木,平日,,曇,31.0,22.0,計,161941,230000,0.7041,0.7720,208392,0.7771,72,43,2249.2,2.12,147,0.4898,92,0.7826,0,71784,0.4433,0.4337,0,47372,0.2925,0.2929,0.7358,0.7266,2014,4824.5,,0.0000,
0001,千房直営,000001,第1エリア,010   ,京都アバンティ支店,2026/06/19,金,平日,,晴,32.0,23.0,計,289109,250000,1.1564,0.8563,314525,0.9192,129,58,2241.2,3.79,160,0.8063,137,0.9416,0,91250,0.3156,0.3988,0,60024,0.2076,0.2676,0.5232,0.6664,2575,6736.5,,0.0000,
0001,千房直営,000001,第1エリア,010   ,京都アバンティ支店,2026/06/20,土,土曜,,雨,25.0,23.0,計,354005,380000,0.9316,0.8752,272731,1.2980,186,92,1903.3,5.47,292,0.6370,116,1.6034,0,39217,0.1108,0.3221,0,63975,0.1807,0.2445,0.2915,0.5666,2684,7913.7,,0.0000,
0001,千房直営,000001,第1エリア,010   ,京都アバンティ支店,2026/06/21,日,日祝,,曇,29.0,23.0,計,235089,370000,0.6354,0.8282,292049,0.8050,109,51,2156.8,3.21,296,0.3682,137,0.7956,0,4590,0.0195,0.2767,0,65264,0.2776,0.2495,0.2971,0.5262,2998,4704.9,,0.0000,
0001,千房直営,000001,第1エリア,010   ,京都アバンティ支店,2026/06/22,月,平日,,雨,24.0,21.0,計,176512,220000,0.8023,0.8255,259297,0.6807,80,40,2206.4,2.35,141,0.5674,107,0.7477,0,65547,0.3713,0.2863,0,56392,0.3195,0.2566,0.6908,0.5428,2406,4401.8,,0.0000,
0001,千房直営,000001,第1エリア,010   ,京都アバンティ支店,2026/06/23,火,平日,,曇,25.0,20.0,計,182713,220000,0.8305,0.8260,299208,0.6107,76,39,2404.1,2.24,141,0.5390,136,0.5588,0,56269,0.3080,0.2883,0,62628,0.3428,0.2648,0.6507,0.5531,2775,3950.6,,0.0000,
0001,千房直営,000001,第1エリア,010   ,京都アバンティ支店,2026/06/24,水,平日,,雨,23.0,18.0,計,168664,220000,0.7667,0.8209,198022,0.8517,81,44,2082.3,2.38,141,0.5745,104,0.7788,0,24010,0.1424,0.2766,0,52008,0.3084,0.2683,0.4507,0.5448,2214,4570.8,,0.0000,
0001,千房直営,000001,第1エリア,010   ,京都アバンティ支店,2026/06/25,木,平日,,雨,22.0,21.0,計,174500,230000,0.7587,0.8157,272280,0.6409,81,45,2154.3,2.38,147,0.5510,106,0.7642,0,45860,0.2628,0.2755,0,49321,0.2826,0.2694,0.5455,0.5449,1883,5560.3,,0.0000,
0001,千房直営,000001,第1エリア,010   ,京都アバンティ支店,2026/06/26,金,平日,,雨,23.0,20.0,計,229252,250000,0.9170,0.8241,277208,0.8270,102,54,2247.6,3.00,160,0.6375,132,0.7727,0,64237,0.2802,0.2759,0,58971,0.2572,0.2683,0.5374,0.5442,2720,5057.0,,0.0000,
0001,千房直営,000001,第1エリア,010   ,京都アバンティ支店,2026/06/27,土,土曜,,雨,25.0,20.0,計,171938,380000,0.4525,0.7827,355002,0.4843,73,38,2355.3,2.15,292,0.2500,157,0.4650,0,31302,0.1821,0.2699,0,61023,0.3549,0.2738,0.5370,0.5437,2521,4092.1,,0.0000,
0001,千房直営,000001,第1エリア,010   ,京都アバンティ支店,2026/06/28,日,日祝,,曇,27.0,21.0,計,336775,370000,0.9102,0.7952,422697,0.7967,133,57,2532.1,3.91,296,0.4493,192,0.6927,0,3060,0.0091,0.2407,0,74218,0.2204,0.2679,0.2295,0.5085,2931,6894.1,,0.0000,
0001,千房直営,000001,第1エリア,010   ,京都アバンティ支店,2026/06/29,月,平日,,晴,31.0,22.0,計,180288,220000,0.8195,0.7965,260834,0.6912,83,43,2172.1,2.44,141,0.5887,125,0.6640,0,63445,0.3519,0.2470,0,55852,0.3098,0.2702,0.6617,0.5172,2271,4763.2,,0.0000,
0001,千房直営,000001,第1エリア,010   ,京都アバンティ支店,2026/06/30,火,平日,,晴,31.0,23.0,計,129294,220000,0.5877,0.7856,315645,0.4096,67,32,1929.8,1.97,141,0.4752,146,0.4589,0,57573,0.4453,0.2547,0,75995,0.5878,0.2826,1.0331,0.5373,2837,2734.5,,0.0000,
0001,千房直営,000001,第1エリア,013   ,堺東支店,2026/06/15,月,平日,,曇,27.0,20.0,計,254981,160000,1.5936,1.5936,304998,0.8360,115,54,2217.2,2.05,88,1.3068,149,0.7718,0,112444,0.4410,0.4410,0,76403,0.2996,0.2996,0.7406,0.7406,3396,4505.0,,0.0000,
0001,千房直営,000001,第1エリア,013   ,堺東支店,2026/06/16,火,平日,,晴,26.0,19.0,計,138386,160000,0.8649,1.2293,264084,0.5240,73,48,1895.7,1.30,88,0.8295,124,0.5887,0,82969,0.5995,0.4968,0,72364,0.5229,0.3782,1.1225,0.8750,3144,2641.0,,0.0000,
0001,千房直営,000001,第1エリア,013   ,堺東支店,2026/06/17,水,平日,,曇,27.0,22.0,計,147624,180000,0.8201,1.0820,235878,0.6258,81,56,1822.5,1.45,105,0.7714,130,0.6231,0,33130,0.2244,0.4225,0,73893,0.5005,0.4116,0.7250,0.8340,3116,2842.6,,0.0000,
0001,千房直営,000001,第1エリア,013   ,堺東支店,2026/06/18,木,平日,,晴,28.0,21.0,計,184306,180000,1.0239,1.0666,213223,0.8644,81,49,2275.4,1.45,100,0.8100,119,0.6807,0,49175,0.2668,0.3829,0,73290,0.3977,0.4080,0.6645,0.7909,3227,3426.8,,0.0000,
0001,千房直営,000001,第1エリア,013   ,堺東支店,2026/06/19,金,平日,,晴,30.0,22.0,計,219097,200000,1.0955,1.0732,296772,0.7383,109,61,2010.1,1.95,111,0.9820,169,0.6450,0,108378,0.4947,0.4088,0,77373,0.3531,0.3953,0.8478,0.8041,3300,3983.6,,0.0000,
0001,千房直営,000001,第1エリア,013   ,堺東支店,2026/06/20,土,土曜,,雨,27.0,23.0,計,328125,270000,1.2153,1.1065,360068,0.9113,173,95,1896.7,3.09,150,1.1533,179,0.9665,0,22070,0.0673,0.3208,0,108964,0.3321,0.3790,0.3993,0.6998,4481,4393.6,,0.0000,
0001,千房直営,000001,第1エリア,013   ,堺東支店,2026/06/21,日,日祝,,曇,29.0,24.0,計,349533,270000,1.2946,1.1423,406260,0.8604,163,83,2144.4,2.91,150,1.0867,204,0.7990,0,,0.0000,0.2516,0,105271,0.3012,0.3622,0.3012,0.6139,4269,4912.6,,0.0000,
0001,千房直営,000001,第1エリア,013   ,堺東支店,2026/06/22,月,平日,,雨,25.0,22.0,計,160383,160000,1.0024,1.1281,220920,0.7260,91,51,1762.5,1.63,88,1.0341,119,0.7647,0,26129,0.1629,0.2437,0,63897,0.3984,0.3655,0.5613,0.6091,2907,3310.3,,0.0000,
0001,千房直営,000001,第1エリア,013   ,堺東支店,2026/06/23,火,平日,,晴,25.0,20.0,計,148087,160000,0.9255,1.1095,232814,0.6361,80,55,1851.1,1.43,88,0.9091,121,0.6612,0,25219,0.1703,0.2380,0,61815,0.4174,0.3695,0.5877,0.6075,2747,3234.5,,0.0000,
0001,千房直営,000001,第1エリア,013   ,堺東支店,2026/06/24,水,平日,,雨,22.0,20.0,計,217403,180000,1.2078,1.1187,237551,0.9152,113,64,1923.9,2.02,100,1.1300,130,0.8692,0,66530,0.3060,0.2449,0,67410,0.3101,0.3635,0.6161,0.6084,2794,4668.6,,0.0000,
0001,千房直営,000001,第1エリア,013   ,堺東支店,2026/06/25,木,平日,,雨,23.0,20.0,計,163073,180000,0.9060,1.1005,277580,0.5875,88,59,1853.1,1.57,100,0.8800,145,0.6069,0,47380,0.2905,0.2481,0,74138,0.4546,0.3699,0.7452,0.6180,3238,3021.7,,0.0000,
0001,千房直営,000001,第1エリア,013   ,堺東支店,2026/06/26,金,平日,,雨,24.0,20.0,計,230520,200000,1.1526,1.1050,286928,0.8034,102,68,2260.0,1.82,111,0.9189,159,0.6415,0,122505,0.5314,0.2738,0,77563,0.3365,0.3669,0.8679,0.6407,3381,4090.9,,0.0000,
0001,千房直営,000001,第1エリア,013   ,堺東支店,2026/06/27,土,土曜,,曇,24.0,20.0,計,255919,270000,0.9478,1.0885,416320,0.6147,129,66,1983.9,2.30,150,0.8600,198,0.6515,0,78053,0.3050,0.2767,0,113684,0.4442,0.3739,0.7492,0.6506,4811,3191.7,,0.0000,
0001,千房直営,000001,第1エリア,013   ,堺東支店,2026/06/28,日,日祝,,曇,28.0,20.0,計,371656,270000,1.3765,1.1159,347641,1.0691,170,91,2186.2,3.04,150,1.1333,185,0.9189,0,,0.0000,0.2442,0,105605,0.2841,0.3634,0.2841,0.6076,4370,5102.8,,0.0000,
0001,千房直営,000001,第1エリア,013   ,堺東支店,2026/06/29,月,平日,,晴,30.0,23.0,計,194526,160000,1.2158,1.1212,227039,0.8568,109,60,1784.6,1.95,88,1.2386,131,0.8321,0,41933,0.2156,0.2426,0,87604,0.4503,0.3684,0.6659,0.6110,3211,3634.9,,0.0000,
0001,千房直営,000001,第1エリア,013   ,堺東支店,2026/06/30,火,平日,,晴,28.0,23.0,計,159865,160000,0.9992,1.1150,305516,0.5233,83,57,1926.1,1.48,88,0.9432,151,0.5497,0,31338,0.1960,0.2405,0,89837,0.5620,0.3772,0.7580,0.6177,3530,2717.3,,0.0000,
0001,千房直営,000001,第1エリア,014   ,高槻阪急スクエア支店,2026/06/15,月,平日,,曇,27.0,19.0,計,155592,190000,0.8189,0.8189,198070,0.7855,92,53,1691.2,1.74,0,,102,0.9020,0,105330,0.6770,0.6770,0,60865,0.3912,0.3912,1.0681,1.0681,2771,3369.0,,0.0000,
0001,千房直営,000001,第1エリア,014   ,高槻阪急スクエア支店,2026/06/16,火,平日,,曇,27.0,18.0,計,156880,190000,0.8257,0.8223,213900,0.7334,93,54,1686.9,1.75,0,,104,0.8942,0,51589,0.3288,0.5022,0,63241,0.4031,0.3972,0.7320,0.8994,2792,3371.3,,0.0000,
0001,千房直営,000001,第1エリア,014   ,高槻阪急スクエア支店,2026/06/17,水,平日,,曇,27.0,22.0,計,183469,190000,0.9656,0.8701,205196,0.8941,105,54,1747.3,1.98,0,,118,0.8898,0,3400,0.0185,0.3233,0,54223,0.2955,0.3596,0.3141,0.6828,2435,4520.8,,0.0000,
0001,千房直営,000001,第1エリア,014   ,高槻阪急スクエア支店,2026/06/18,木,平日,,晴,29.0,21.0,計,154247,190000,0.8118,0.8555,143011,1.0786,92,47,1676.6,1.74,0,,85,1.0824,0,13014,0.0844,0.2666,0,64083,0.4155,0.3728,0.4998,0.6394,2837,3262.2,,0.0000,
0001,千房直営,000001,第1エリア,014   ,高槻阪急スクエア支店,2026/06/19,金,平日,,晴,31.0,22.0,計,225396,200000,1.1270,0.9121,256849,0.8775,124,66,1817.7,2.34,0,,163,0.7607,0,132401,0.5874,0.3492,0,71991,0.3194,0.3591,0.9068,0.7083,3253,4157.3,,0.0000,
0001,千房直営,000001,第1エリア,014   ,高槻阪急スクエア支店,2026/06/20,土,土曜,,雨,25.0,23.0,計,396020,400000,0.9901,0.9350,375232,1.0554,260,117,1523.2,4.91,0,,203,1.2808,0,72278,0.1825,0.2973,0,89883,0.2270,0.3179,0.4095,0.6152,4040,5881.5,,0.0000,
0001,千房直営,000001,第1エリア,014   ,高槻阪急スクエア支店,2026/06/21,日,日祝,,曇,28.0,23.0,計,377729,300000,1.2591,0.9936,304511,1.2404,196,85,1927.2,3.70,0,,165,1.1879,0,,0.0000,0.2292,0,94416,0.2500,0.3024,0.2500,0.5316,4278,5297.7,,0.0000,
0001,千房直営,000001,第1エリア,014   ,高槻阪急スクエア支店,2026/06/22,月,平日,,雨,24.0,21.0,計,171834,180000,0.9546,0.9898,148692,1.1556,88,50,1952.7,1.66,0,,90,0.9778,0,101148,0.5886,0.2631,0,62587,0.3642,0.3082,0.9529,0.5713,2787,3699.3,,0.0000,
0001,千房直営,000001,第1エリア,014   ,高槻阪急スクエア支店,2026/06/23,火,平日,,曇,25.0,20.0,計,191194,190000,1.0063,0.9913,133112,1.4363,112,64,1707.1,2.11,0,,83,1.3494,0,34682,0.1814,0.2553,0,64369,0.3367,0.3109,0.5181,0.5663,2801,4095.6,,0.0000,
0001,千房直営,000001,第1エリア,014   ,高槻阪急スクエア支店,2026/06/24,水,平日,,雨,23.0,18.0,計,209933,190000,1.1049,1.0010,218203,0.9621,103,57,2038.2,1.94,0,,124,0.8306,0,33798,0.1610,0.2464,0,59943,0.2855,0.3085,0.4465,0.5549,2647,4758.6,,0.0000,
0001,千房直営,000001,第1エリア,014   ,高槻阪急スクエア支店,2026/06/25,木,平日,,雨,23.0,20.0,計,190675,190000,1.0036,1.0012,148913,1.2804,101,57,1887.9,1.91,0,,91,1.1099,0,86082,0.4515,0.2626,0,57560,0.3019,0.3080,0.7533,0.5706,2664,4294.5,,0.0000,
0001,千房直営,000001,第1エリア,014   ,高槻阪急スクエア支店,2026/06/26,金,平日,,雨,23.0,20.0,計,201764,200000,1.0088,1.0018,207048,0.9745,115,57,1754.5,2.17,0,,119,0.9664,0,116723,0.5785,0.2870,0,61840,0.3065,0.3079,0.8850,0.5949,2734,4427.9,,0.0000,
0001,千房直営,000001,第1エリア,014   ,高槻阪急スクエア支店,2026/06/27,土,土曜,,曇,24.0,20.0,計,296491,350000,0.8471,0.9835,382587,0.7750,167,76,1775.4,3.15,0,,183,0.9126,0,41896,0.1413,0.2722,0,95560,0.3223,0.3093,0.4636,0.5815,4304,4133.2,,0.0000,
0001,千房直営,000001,第1エリア,014   ,高槻阪急スクエア支店,2026/06/28,日,日祝,,曇,28.0,20.0,計,290567,320000,0.9080,0.9762,353861,0.8211,176,77,1650.9,3.32,0,,196,0.8980,0,,0.0000,0.2475,0,108237,0.3725,0.3151,0.3725,0.5625,4532,3846.9,,0.0000,
0001,千房直営,000001,第1エリア,014   ,高槻阪急スクエア支店,2026/06/29,月,平日,,晴,30.0,22.0,計,151915,180000,0.8440,0.9693,161444,0.9410,92,57,1651.3,1.74,0,,96,0.9583,0,57394,0.3778,0.2534,0,64646,0.4255,0.3201,0.8033,0.5734,2934,3106.6,,0.0000,
0001,千房直営,000001,第1エリア,014   ,高槻阪急スクエア支店,2026/06/30,火,平日,,晴,29.0,22.0,計,194577,180000,1.0810,0.9748,324080,0.6004,110,62,1768.9,2.08,0,,178,0.6180,0,74569,0.3832,0.2605,0,73206,0.3762,0.3232,0.7595,0.5837,2957,3948.1,,0.0000,
0001,千房直営,000002,第2エリア,015   ,曽根崎支店,2026/06/15,月,平日,,曇,28.0,20.0,計,,0,,,,,,,,0,0,,,,0,15855,,,0,0,,,,,0,,,,
0001,千房直営,000002,第2エリア,015   ,曽根崎支店,2026/06/16,火,平日,,晴,27.0,20.0,計,145285,240000,0.6054,0.6054,181065,0.8024,40,19,3632.1,0.83,80,0.5000,59,0.6780,0,70721,0.4868,0.5959,0,41704,0.2871,0.2871,0.7738,0.8830,1805,4829.4,,0.0000,
0001,千房直営,000002,第2エリア,015   ,曽根崎支店,2026/06/17,水,平日,,曇,28.0,22.0,計,250946,250000,1.0038,0.8086,283971,0.8837,54,24,4647.1,1.13,83,0.6506,85,0.6353,0,7180,0.0286,0.2366,0,42903,0.1710,0.2135,0.1996,0.4501,1835,8205.3,,0.0000,
0001,千房直営,000002,第2エリア,015   ,曽根崎支店,2026/06/18,木,平日,,晴,29.0,21.0,計,206643,270000,0.7653,0.7933,205300,1.0065,54,25,3826.7,1.13,90,0.6000,60,0.9000,0,64131,0.3103,0.2619,0,45209,0.2188,0.2153,0.5291,0.4772,1946,6371.3,,0.0000,
0001,千房直営,000002,第2エリア,015   ,曽根崎支店,2026/06/19,金,平日,,晴,31.0,23.0,計,382195,320000,1.1944,0.9121,299091,1.2779,94,38,4065.9,1.96,106,0.8868,95,0.9895,0,50607,0.1324,0.2117,0,50853,0.1331,0.1834,0.2655,0.3951,2140,10715.7,,0.0000,
0001,千房直営,000002,第2エリア,015   ,曽根崎支店,2026/06/20,土,土曜,,雨,26.0,23.0,計,331310,500000,0.6626,0.8332,544807,0.6081,120,50,2760.9,2.50,166,0.7229,170,0.7059,0,67610,0.2041,0.2097,0,72438,0.2186,0.1923,0.4227,0.4020,3112,6387.7,,0.0000,
0001,千房直営,000002,第2エリア,015   ,曽根崎支店,2026/06/21,日,日祝,,曇,29.0,24.0,計,277289,450000,0.6162,0.7851,426865,0.6496,92,41,3014.0,1.92,150,0.6133,137,0.6715,0,,0.0000,0.1733,0,81812,0.2950,0.2102,0.2950,0.3834,3549,4687.9,,0.0000,
0001,千房直営,000002,第2エリア,015   ,曽根崎支店,2026/06/22,月,平日,,雨,25.0,22.0,計,,0,,0.7851,,,,,,0,0,,,,0,7880,,0.1782,0,0,,0.2102,,0.3884,0,,,,
0001,千房直営,000002,第2エリア,015   ,曽根崎支店,2026/06/23,火,平日,,晴,25.0,21.0,計,178979,240000,0.7457,0.7809,201935,0.8863,38,17,4710.0,0.79,80,0.4750,75,0.5067,0,138210,0.7722,0.2382,0,39314,0.2197,0.2111,0.9919,0.4493,1705,6298.4,,0.0000,
0001,千房直営,000002,第2エリア,015   ,曽根崎支店,2026/06/24,水,平日,,雨,23.0,20.0,計,120690,250000,0.4828,0.7513,153701,0.7852,38,12,3176.1,0.79,83,0.4578,52,0.7308,0,12775,0.1059,0.2297,0,39310,0.3257,0.2184,0.4316,0.4482,1718,4215.0,,0.0000,
0001,千房直営,000002,第2エリア,015   ,曽根崎支店,2026/06/25,木,平日,,雨,23.0,20.0,計,166393,270000,0.6163,0.7383,329781,0.5046,47,21,3540.3,0.98,90,0.5222,103,0.4563,0,65281,0.3923,0.2429,0,36891,0.2217,0.2187,0.6140,0.4616,1559,6403.8,,0.0000,
0001,千房直営,000002,第2エリア,015   ,曽根崎支店,2026/06/26,金,平日,,雨,23.0,20.0,計,208341,320000,0.6511,0.7293,304321,0.6846,61,28,3415.4,1.27,106,0.5755,97,0.6289,0,77192,0.3705,0.2546,0,49002,0.2352,0.2202,0.6057,0.4748,2111,5921.6,,0.0000,
0001,千房直営,000002,第2エリア,015   ,曽根崎支店,2026/06/27,土,土曜,,曇,25.0,20.0,計,289035,470000,0.6150,0.7143,568916,0.5080,98,45,2949.3,2.04,156,0.6282,203,0.4828,0,44504,0.1540,0.2432,0,74996,0.2595,0.2246,0.4134,0.4679,3131,5538.8,,0.0000,
0001,千房直営,000002,第2エリア,015   ,曽根崎支店,2026/06/28,日,日祝,,曇,28.0,20.0,計,229879,450000,0.5108,0.6916,412764,0.5569,90,43,2554.2,1.88,150,0.6000,165,0.5455,0,,0.0000,0.2232,0,71463,0.3109,0.2318,0.3109,0.4549,3024,4561.1,,0.0000,
0001,千房直営,000002,第2エリア,015   ,曽根崎支店,2026/06/29,月,平日,,晴,31.0,23.0,計,98697,220000,0.4486,0.6790,,,35,15,2819.9,0.73,73,0.4795,,,0,31479,0.3189,0.2264,0,36139,0.3662,0.2364,0.6851,0.4628,1389,4263.4,,0.0000,
0001,千房直営,000002,第2エリア,015   ,曽根崎支店,2026/06/30,火,平日,,晴,30.0,24.0,計,76279,240000,0.3178,0.6597,496796,0.1535,28,14,2724.3,0.58,80,0.3500,186,0.1505,0,7165,0.0939,0.2230,0,52139,0.6835,0.2479,0.7775,0.4709,1989,2301.0,,0.0000,
0001,千房直営,000004,第4エリア,034   ,華 恵比寿ガーデンプレイス店,2026/06/15,月,平日,,曇,21.0,18.0,計,323292,250000,1.2932,1.2932,149572,2.1614,42,18,7697.4,0.84,40,1.0500,38,1.1053,0,105660,0.3268,0.3268,0,77990,0.2412,0.2412,0.5681,0.5681,3248,5972.1,,0.0000,
0001,千房直営,000004,第4エリア,034   ,華 恵比寿ガーデンプレイス店,2026/06/16,火,平日,,晴,26.0,17.0,計,313618,250000,1.2545,1.2738,195697,1.6026,38,15,8253.1,0.76,40,0.9500,42,0.9048,0,58872,0.1877,0.2583,0,83852,0.2674,0.2541,0.4551,0.5124,3571,5269.4,,0.0000,
0001,千房直営,000004,第4エリア,034   ,華 恵比寿ガーデンプレイス店,2026/06/17,水,平日,,晴,27.0,19.0,計,258540,250000,1.0342,1.1939,204458,1.2645,44,18,5875.9,0.88,40,1.1000,49,0.8980,0,41188,0.1593,0.2297,0,87944,0.3402,0.2790,0.4995,0.5087,3643,4258.1,,0.0000,
0001,千房直営,000004,第4エリア,034   ,華 恵比寿ガーデンプレイス店,2026/06/18,木,平日,,曇,25.0,20.0,計,206895,250000,0.8276,1.1023,335740,0.6162,33,14,6269.5,0.66,40,0.8250,39,0.8462,0,50037,0.2418,0.2320,0,81659,0.3947,0.3007,0.6365,0.5327,3445,3603.4,,0.0000,
0001,千房直営,000004,第4エリア,034   ,華 恵比寿ガーデンプレイス店,2026/06/19,金,平日,,曇,28.0,20.0,計,392846,350000,1.1224,1.1075,412141,0.9532,57,23,6892.0,1.14,50,1.1400,42,1.3571,0,266070,0.6773,0.3490,0,101284,0.2578,0.2894,0.9351,0.6384,4098,5751.8,,0.0000,
0001,千房直営,000004,第4エリア,034   ,華 恵比寿ガーデンプレイス店,2026/06/20,土,土曜,,雨,23.0,20.0,計,552739,600000,0.9212,1.0502,809986,0.6824,92,35,6008.0,1.84,100,0.9200,110,0.8364,0,89026,0.1611,0.2983,0,132226,0.2392,0.2759,0.4003,0.5741,5488,6043.1,,0.0000,
0001,千房直営,000004,第4エリア,034   ,華 恵比寿ガーデンプレイス店,2026/06/21,日,日祝,,曇,26.0,21.0,計,577875,600000,0.9631,1.0297,282042,2.0489,99,29,5837.1,1.98,100,0.9900,56,1.7679,0,32660,0.0565,0.2451,0,121157,0.2097,0.2613,0.2662,0.5064,5200,6667.8,,0.0000,
0001,千房直営,000004,第4エリア,034   ,華 恵比寿ガーデンプレイス店,2026/06/22,月,平日,,曇,27.0,21.0,計,319247,250000,1.2770,1.0518,307093,1.0396,55,23,5804.5,1.10,40,1.3750,41,1.3415,0,153741,0.4816,0.2707,0,80957,0.2536,0.2605,0.7352,0.5312,3400,5633.8,,0.0000,
0001,千房直営,000004,第4エリア,034   ,華 恵比寿ガーデンプレイス店,2026/06/23,火,平日,,曇,23.0,19.0,計,280062,250000,1.1202,1.0574,295930,0.9464,45,17,6223.6,0.90,40,1.1250,37,1.2162,0,70664,0.2523,0.2691,0,82875,0.2959,0.2635,0.5482,0.5327,3482,4825.9,,0.0000,
0001,千房直営,000004,第4エリア,034   ,華 恵比寿ガーデンプレイス店,2026/06/24,水,平日,,晴,25.0,19.0,計,243991,250000,0.9760,1.0512,319791,0.7630,52,16,4692.1,1.04,30,1.7333,47,1.1064,0,26454,0.1084,0.2578,0,79938,0.3276,0.2680,0.4360,0.5259,3338,4385.7,,0.0000,
0001,千房直営,000004,第4エリア,034   ,華 恵比寿ガーデンプレイス店,2026/06/25,木,平日,,雨,22.0,20.0,計,347659,250000,1.3906,1.0751,321891,1.0801,47,26,7397.0,0.94,30,1.5667,53,0.8868,0,56840,0.1635,0.2492,0,80450,0.2314,0.2647,0.3949,0.5139,3392,6149.6,,0.0000,
0001,千房直営,000004,第4エリア,034   ,華 恵比寿ガーデンプレイス店,2026/06/26,金,平日,,雨,24.0,20.0,計,427225,350000,1.2206,1.0882,460879,0.9270,59,22,7241.1,1.18,36,1.6389,76,0.7763,0,314419,0.7360,0.2982,0,98359,0.2302,0.2612,0.9662,0.5595,4029,6362.2,,0.0000,
0001,千房直営,000004,第4エリア,034   ,華 恵比寿ガーデンプレイス店,2026/06/27,土,土曜,,雨,23.0,21.0,計,459367,600000,0.7656,1.0452,487985,0.9414,93,35,4939.4,1.86,100,0.9300,90,1.0333,0,116202,0.2530,0.2938,0,126678,0.2758,0.2627,0.5287,0.5565,5176,5325.0,,0.0000,
0001,千房直営,000004,第4エリア,034   ,華 恵比寿ガーデンプレイス店,2026/06/28,日,日祝,,雨,23.0,20.0,計,426903,600000,0.7115,1.0059,322479,1.3238,85,31,5022.4,1.70,100,0.8500,53,1.6038,0,5465,0.0128,0.2704,0,133643,0.3131,0.2669,0.3259,0.5373,5524,4636.9,,0.0000,
0001,千房直営,000004,第4エリア,034   ,華 恵比寿ガーデンプレイス店,2026/06/29,月,平日,,曇,26.0,20.0,計,206238,250000,0.8250,0.9975,154812,1.3322,38,18,5427.3,0.76,30,1.2667,26,1.4615,0,123452,0.5986,0.2831,0,77016,0.3734,0.2710,0.9720,0.5541,3163,3912.2,,0.0000,
0001,千房直営,000004,第4エリア,034   ,華 恵比寿ガーデンプレイス店,2026/06/30,火,平日,,曇,28.0,22.0,計,165612,250000,0.6624,0.9825,521285,0.3177,29,17,5710.8,0.58,30,0.9667,134,0.2164,0,38741,0.2339,0.2816,0,84352,0.5093,0.2781,0.7433,0.5598,3395,2926.9,,0.0000,
0001,千房直営,000002,第2エリア,035   ,京橋京阪モール支店,2026/06/15,月,平日,,曇,28.0,20.0,計,104082,150000,0.6939,0.6939,110180,0.9447,57,35,1826.0,1.50,78,0.7308,55,1.0364,0,52874,0.5080,0.5080,0,50838,0.4884,0.4884,0.9964,0.9964,2304,2710.5,,0.0000,
0001,千房直営,000002,第2エリア,035   ,京橋京阪モール支店,2026/06/16,火,平日,,晴,27.0,20.0,計,121650,150000,0.8110,0.7524,97099,1.2528,59,29,2061.9,1.55,78,0.7564,52,1.1346,0,59092,0.4858,0.4960,0,44813,0.3684,0.4237,0.8541,0.9198,2022,3609.8,,0.0000,
0001,千房直営,000002,第2エリア,035   ,京橋京阪モール支店,2026/06/17,水,平日,,曇,28.0,22.0,計,125919,150000,0.8395,0.7814,183181,0.6874,66,37,1907.9,1.74,78,0.8462,109,0.6055,0,19720,0.1566,0.3745,0,46813,0.3718,0.4051,0.5284,0.7796,2087,3620.1,,0.0000,
0001,千房直営,000002,第2エリア,035   ,京橋京阪モール支店,2026/06/18,木,平日,,晴,29.0,21.0,計,134683,150000,0.8979,0.8106,148567,0.9065,64,36,2104.4,1.68,78,0.8205,72,0.8889,0,36334,0.2698,0.3455,0,48846,0.3627,0.3934,0.6324,0.7389,2250,3591.5,,0.0000,
0001,千房直営,000002,第2エリア,035   ,京橋京阪モール支店,2026/06/19,金,平日,,晴,31.0,23.0,計,210039,160000,1.3127,0.9163,151998,1.3819,59,33,3560.0,1.55,84,0.7024,74,0.7973,0,94667,0.4507,0.3772,0,52888,0.2518,0.3507,0.7025,0.7279,2361,5337.7,,0.0000,
0001,千房直営,000002,第2エリア,035   ,京橋京阪モール支店,2026/06/20,土,土曜,,雨,26.0,23.0,計,294262,280000,1.0509,0.9525,223947,1.3140,157,74,1874.3,4.13,147,1.0680,117,1.3419,0,45470,0.1545,0.3111,0,73382,0.2494,0.3206,0.4039,0.6317,3162,5583.7,,0.0000,
0001,千房直営,000002,第2エリア,035   ,京橋京阪モール支店,2026/06/21,日,日祝,,曇,29.0,24.0,計,235940,270000,0.8739,0.9363,305603,0.7720,121,61,1949.9,3.18,142,0.8521,152,0.7961,0,,0.0000,0.2512,0,65592,0.2780,0.3124,0.2780,0.5636,2853,4961.9,,0.0000,
0001,千房直営,000002,第2エリア,035   ,京橋京阪モール支店,2026/06/22,月,平日,,雨,25.0,22.0,計,102402,150000,0.6827,0.9103,140826,0.7272,55,31,1861.9,1.45,78,0.7051,74,0.7432,0,52477,0.5125,0.2714,0,46045,0.4496,0.3230,0.9621,0.5943,2103,2921.6,,0.0000,
0001,千房直営,000002,第2エリア,035   ,京橋京阪モール支店,2026/06/23,火,平日,,晴,25.0,21.0,計,145791,150000,0.9719,0.9160,74915,1.9461,77,40,1893.4,2.03,78,0.9872,42,1.8333,0,26296,0.1804,0.2624,0,50326,0.3452,0.3252,0.5256,0.5875,2289,3821.5,,0.0000,
0001,千房直営,000002,第2エリア,035   ,京橋京阪モール支店,2026/06/24,水,平日,,雨,23.0,20.0,計,165843,150000,1.1056,0.9322,123216,1.3460,78,46,2126.2,2.05,78,1.0000,70,1.1143,0,47300,0.2852,0.2647,0,44062,0.2657,0.3192,0.5509,0.5838,2014,4940.7,,0.0000,
0001,千房直営,000002,第2エリア,035   ,京橋京阪モール支店,2026/06/25,木,平日,,雨,23.0,20.0,計,154376,150000,1.0292,0.9398,132673,1.1636,71,47,2174.3,1.87,78,0.9103,73,0.9726,0,54023,0.3499,0.2720,0,49883,0.3231,0.3195,0.6731,0.5915,2241,4133.2,,0.0000,
0001,千房直営,000002,第2エリア,035   ,京橋京阪モール支店,2026/06/26,金,平日,,雨,23.0,20.0,計,156055,160000,0.9753,0.9425,184782,0.8445,67,41,2329.2,1.76,84,0.7976,116,0.5776,0,105312,0.6748,0.3042,0,43531,0.2789,0.3163,0.9538,0.6205,1939,4828.9,,0.0000,
0001,千房直営,000002,第2エリア,035   ,京橋京阪モール支店,2026/06/27,土,土曜,,曇,25.0,20.0,計,257835,270000,0.9549,0.9440,240449,1.0723,125,62,2062.7,3.29,142,0.8803,112,1.1161,0,16419,0.0637,0.2762,0,72753,0.2822,0.3123,0.3458,0.5884,3156,4901.8,,0.0000,
0001,千房直営,000002,第2エリア,035   ,京橋京阪モール支店,2026/06/28,日,日祝,,曇,28.0,20.0,計,226728,270000,0.8397,0.9332,227195,0.9979,117,61,1937.8,3.08,142,0.8239,116,1.0086,0,,0.0000,0.2504,0,72740,0.3208,0.3131,0.3208,0.5635,3093,4398.2,,0.0000,
0001,千房直営,000002,第2エリア,035   ,京橋京阪モール支店,2026/06/29,月,平日,,晴,31.0,23.0,計,143358,150000,0.9557,0.9344,111033,1.2911,67,33,2139.7,1.76,78,0.8590,61,1.0984,0,51797,0.3613,0.2566,0,49728,0.3469,0.3149,0.7082,0.5716,2107,4082.3,,0.0000,
0001,千房直営,000002,第2エリア,035   ,京橋京阪モール支店,2026/06/30,火,平日,,晴,30.0,23.0,計,102934,150000,0.6862,0.9216,319483,0.3222,54,31,1906.2,1.42,78,0.6923,157,0.3439,0,4590,0.0446,0.2485,0,53837,0.5230,0.3229,0.5676,0.5714,2158,2861.9,,0.0000,
0001,千房直営,000002,第2エリア,040   ,ハービスＰＬＡＺＡ梅田支店,2026/06/15,月,平日,,曇,28.0,20.0,計,166041,210000,0.7907,0.7907,196589,0.8446,73,31,2274.5,2.09,91,0.8022,87,0.8391,56700,84967,0.5117,0.5117,0,60463,0.3641,0.3641,0.8759,0.8759,2396,4158.0,,0.0000,
0001,千房直営,000002,第2エリア,040   ,ハービスＰＬＡＺＡ梅田支店,2026/06/16,火,平日,,晴,27.0,20.0,計,139756,210000,0.6655,0.7281,217542,0.6424,68,30,2055.2,1.94,91,0.7473,84,0.8095,56700,26668,0.1908,0.3651,0,52460,0.3754,0.3693,0.5662,0.7343,2323,3609.7,,0.0000,
0001,千房直営,000002,第2エリア,040   ,ハービスＰＬＡＺＡ梅田支店,2026/06/17,水,平日,,曇,28.0,22.0,計,150902,210000,0.7186,0.7249,178583,0.8450,65,34,2321.6,1.86,91,0.7143,80,0.8125,56700,18202,0.1206,0.2843,0,69748,0.4622,0.4000,0.5828,0.6843,2818,3213.0,,0.0000,
0001,千房直営,000002,第2エリア,040   ,ハービスＰＬＡＺＡ梅田支店,2026/06/18,木,平日,,晴,29.0,21.0,計,231599,210000,1.1029,0.8194,225031,1.0292,95,40,2437.9,2.71,91,1.0440,85,1.1176,56700,4187,0.0181,0.1947,0,67703,0.2923,0.3638,0.3104,0.5585,2710,5127.7,,0.0000,
0001,千房直営,000002,第2エリア,040   ,ハービスＰＬＡＺＡ梅田支店,2026/06/19,金,平日,,晴,31.0,23.0,計,224185,210000,1.0675,0.8690,193705,1.1574,95,40,2359.8,2.71,91,1.0440,81,1.1728,56700,101600,0.4532,0.2582,0,68762,0.3067,0.3497,0.7599,0.6080,2735,4918.1,,0.0000,
0001,千房直営,000002,第2エリア,040   ,ハービスＰＬＡＺＡ梅田支店,2026/06/20,土,土曜,,雨,26.0,23.0,計,284228,360000,0.7895,0.8487,348796,0.8149,134,64,2121.1,3.83,156,0.8590,154,0.8701,90000,44352,0.1560,0.2340,0,75170,0.2645,0.3295,0.4205,0.5634,3102,5497.6,,0.0000,
0001,千房直営,000002,第2エリア,040   ,ハービスＰＬＡＺＡ梅田支店,2026/06/21,日,日祝,,曇,29.0,24.0,計,264708,360000,0.7353,0.8257,329370,0.8037,118,52,2243.3,3.37,156,0.7564,142,0.8310,77040,,0.0000,0.1916,0,72525,0.2740,0.3194,0.2740,0.5110,3014,5269.6,,0.0000,
0001,千房直営,000002,第2エリア,040   ,ハービスＰＬＡＺＡ梅田支店,2026/06/22,月,平日,,雨,25.0,22.0,計,179516,210000,0.8548,0.8288,207756,0.8641,80,37,2244.0,2.29,91,0.8791,88,0.9091,56700,105927,0.5901,0.2352,0,62920,0.3505,0.3228,0.9406,0.5580,2564,4200.8,,0.0000,
0001,千房直営,000002,第2エリア,040   ,ハービスＰＬＡＺＡ梅田支店,2026/06/23,火,平日,,晴,25.0,21.0,計,192032,210000,0.9144,0.8370,180329,1.0649,75,33,2560.4,2.14,91,0.8242,80,0.9375,56700,41502,0.2161,0.2332,0,58014,0.3021,0.3207,0.5182,0.5538,2529,4555.9,,0.0000,
0001,千房直営,000002,第2エリア,040   ,ハービスＰＬＡＺＡ梅田支店,2026/06/24,水,平日,,雨,23.0,20.0,計,215030,210000,1.0240,0.8533,167672,1.2824,75,35,2867.1,2.14,91,0.8242,82,0.9146,56700,46345,0.2155,0.2313,0,59625,0.2773,0.3161,0.4928,0.5474,2280,5658.7,,0.0000,
0001,千房直営,000002,第2エリア,040   ,ハービスＰＬＡＺＡ梅田支店,2026/06/25,木,平日,,雨,23.0,20.0,計,218793,210000,1.0419,0.8685,152740,1.4325,91,47,2404.3,2.60,91,1.0000,81,1.1235,56700,,0.0000,0.2090,0,67125,0.3068,0.3152,0.3068,0.5242,2510,5230.1,,0.0000,
0001,千房直営,000002,第2エリア,040   ,ハービスＰＬＡＺＡ梅田支店,2026/06/26,金,平日,,雨,23.0,20.0,計,205987,210000,0.9809,0.8769,305208,0.6749,99,40,2080.7,2.83,91,1.0879,129,0.7674,56700,138342,0.6716,0.2475,0,69260,0.3362,0.3170,1.0078,0.5645,2650,4663.9,,0.0000,
0001,千房直営,000002,第2エリア,040   ,ハービスＰＬＡＺＡ梅田支店,2026/06/27,土,土曜,,曇,25.0,20.0,計,367273,360000,1.0202,0.8931,332701,1.1039,144,64,2550.5,4.11,156,0.9231,129,1.1163,90000,13084,0.0356,0.2201,0,97315,0.2650,0.3102,0.3006,0.5304,3710,5939.7,,0.0000,
0001,千房直営,000002,第2エリア,040   ,ハービスＰＬＡＺＡ梅田支店,2026/06/28,日,日祝,,曇,28.0,20.0,計,248981,360000,0.6916,0.8726,341744,0.7286,112,55,2223.0,3.20,156,0.7179,149,0.7517,77040,,0.0000,0.2024,0,83217,0.3342,0.3122,0.3342,0.5146,3276,4560.1,,0.0000,
0001,千房直営,000002,第2エリア,040   ,ハービスＰＬＡＺＡ梅田支店,2026/06/29,月,平日,,晴,31.0,23.0,計,161163,210000,0.7674,0.8667,206018,0.7823,86,36,1874.0,2.46,91,0.9451,85,1.0118,56700,133703,0.8296,0.2335,0,62915,0.3904,0.3160,1.2200,0.5495,2449,3948.5,,0.0000,
0001,千房直営,000002,第2エリア,040   ,ハービスＰＬＡＺＡ梅田支店,2026/06/30,火,平日,,晴,30.0,24.0,計,125451,210000,0.5974,0.8524,348309,0.3602,47,21,2669.2,1.34,91,0.5165,165,0.2848,111380,78557,0.6262,0.2481,0,72328,0.5765,0.3257,1.2027,0.5738,2584,2912.9,,0.0000,
0001,千房直営,000003,第3エリア,052   ,有楽町ビックカメラ支店,2026/06/15,月,平日,,曇,22.0,18.0,計,168986,250000,0.6759,0.6759,190210,0.8884,61,35,2770.3,1.09,81,0.7531,84,0.7262,0,30935,0.1831,0.1831,0,61484,0.3638,0.3638,0.5469,0.5469,2488,4075.2,,0.0000,
0001,千房直営,000003,第3エリア,052   ,有楽町ビックカメラ支店,2026/06/16,火,平日,,晴,27.0,16.0,計,234239,250000,0.9370,0.8065,153876,1.5223,86,38,2723.7,1.54,81,1.0617,61,1.4098,0,112660,0.4810,0.3561,0,79866,0.3410,0.3505,0.8219,0.7067,3119,4506.0,,0.0000,
0001,千房直営,000003,第3エリア,052   ,有楽町ビックカメラ支店,2026/06/17,水,平日,,晴,27.0,19.0,計,250914,260000,0.9651,0.8607,311131,0.8065,93,44,2698.0,1.66,84,1.1071,121,0.7686,0,68318,0.2723,0.3240,0,81579,0.3251,0.3408,0.5974,0.6648,3272,4601.1,,0.0000,
0001,千房直営,000003,第3エリア,052   ,有楽町ビックカメラ支店,2026/06/18,木,平日,,曇,25.0,20.0,計,311247,260000,1.1971,0.9465,264161,1.1782,107,48,2908.9,1.91,84,1.2738,103,1.0388,0,45097,0.1449,0.2662,0,87436,0.2809,0.3215,0.4258,0.5877,3277,5698.8,,0.0000,
0001,千房直営,000003,第3エリア,052   ,有楽町ビックカメラ支店,2026/06/19,金,平日,,曇,29.0,20.0,計,409517,300000,1.3651,1.0416,353435,1.1587,127,57,3224.5,2.27,97,1.3093,133,0.9549,0,103375,0.2524,0.2621,0,81794,0.1997,0.2852,0.4522,0.5473,3300,7445.8,,0.0000,
0001,千房直営,000003,第3エリア,052   ,有楽町ビックカメラ支店,2026/06/20,土,土曜,,雨,23.0,20.0,計,472287,500000,0.9446,1.0149,489185,0.9655,186,90,2539.2,3.32,200,0.9300,208,0.8942,0,42703,0.0904,0.2182,0,117551,0.2489,0.2759,0.3393,0.4942,4405,6433.0,,0.0000,
0001,千房直営,000003,第3エリア,052   ,有楽町ビックカメラ支店,2026/06/21,日,日祝,,曇,26.0,21.0,計,408214,500000,0.8164,0.9722,482541,0.8460,156,65,2616.8,2.79,209,0.7464,229,0.6812,0,34270,0.0840,0.1939,0,114861,0.2814,0.2769,0.3653,0.4708,4386,5584.3,,0.0000,
0001,千房直営,000003,第3エリア,052   ,有楽町ビックカメラ支店,2026/06/22,月,平日,,曇,26.0,21.0,計,221733,250000,0.8869,0.9639,173126,1.2808,87,50,2548.7,1.55,81,1.0741,59,1.4746,0,81830,0.3690,0.2096,0,92457,0.4170,0.2895,0.7860,0.4991,3436,3871.9,,0.0000,
0001,千房直営,000003,第3エリア,052   ,有楽町ビックカメラ支店,2026/06/23,火,平日,,曇,23.0,19.0,計,193527,250000,0.7741,0.9470,237396,0.8152,80,46,2419.1,1.43,81,0.9877,84,0.9524,0,78103,0.4036,0.2236,0,70997,0.3669,0.2951,0.7704,0.5187,2656,4371.8,,0.0000,
0001,千房直営,000003,第3エリア,052   ,有楽町ビックカメラ支店,2026/06/24,水,平日,,曇,26.0,19.0,計,205520,260000,0.7905,0.9338,251010,0.8188,83,45,2476.1,1.48,84,0.9881,96,0.8646,0,74593,0.3629,0.2336,0,73838,0.3593,0.2997,0.7222,0.5333,2858,4314.6,,0.0000,
0001,千房直営,000003,第3エリア,052   ,有楽町ビックカメラ支店,2026/06/25,木,平日,,雨,22.0,20.0,計,269584,260000,1.0369,0.9418,169970,1.5861,103,47,2617.3,1.84,84,1.2262,71,1.4507,0,58659,0.2176,0.2322,0,73403,0.2723,0.2973,0.4899,0.5295,2691,6010.8,,0.0000,
0001,千房直営,000003,第3エリア,052   ,有楽町ビックカメラ支店,2026/06/26,金,平日,,雨,24.0,20.0,計,314015,300000,1.0467,0.9505,345577,0.9087,105,56,2990.6,1.88,97,1.0825,110,0.9545,0,117992,0.3758,0.2453,0,82394,0.2624,0.2941,0.6381,0.5394,3182,5921.1,,0.0000,
0001,千房直営,000003,第3エリア,052   ,有楽町ビックカメラ支店,2026/06/27,土,土曜,,雨,23.0,21.0,計,380615,500000,0.7612,0.9276,516645,0.7367,148,77,2571.7,2.64,200,0.7400,219,0.6758,0,35990,0.0946,0.2303,0,120725,0.3172,0.2964,0.4117,0.5267,4331,5272.9,,0.0000,
0001,千房直営,000003,第3エリア,052   ,有楽町ビックカメラ支店,2026/06/28,日,日祝,,雨,23.0,20.0,計,418725,500000,0.8375,0.9179,560666,0.7468,163,77,2568.9,2.91,209,0.7799,224,0.7277,0,,0.0000,0.2077,0,123138,0.2941,0.2962,0.2941,0.5039,4211,5966.2,,0.0000,
0001,千房直営,000003,第3エリア,052   ,有楽町ビックカメラ支店,2026/06/29,月,平日,,曇,26.0,20.0,計,150104,260000,0.5773,0.8998,239780,0.6260,49,28,3063.3,0.88,84,0.5833,87,0.5632,0,99267,0.6613,0.2231,0,89456,0.5960,0.3064,1.2573,0.5295,3169,2842.0,,0.0000,
0001,千房直営,000003,第3エリア,052   ,有楽町ビックカメラ支店,2026/06/30,火,平日,,曇,28.0,22.0,計,202386,260000,0.7784,0.8937,543162,0.3726,78,47,2594.7,1.39,84,0.9286,205,0.3805,0,56957,0.2814,0.2257,0,95970,0.4742,0.3138,0.7556,0.5394,3253,3732.9,,0.0000,
0001,千房直営,000003,第3エリア,053   ,そごう横浜店,2026/06/15,月,平日,,曇,22.0,17.0,計,139267,220000,0.6330,0.6330,166246,0.8377,62,35,2246.2,1.24,92,0.6739,75,0.8267,8360,145597,1.0455,1.0455,0,57014,0.4094,0.4094,1.4548,1.4548,2445,3417.6,,0.0000,
0001,千房直営,000003,第3エリア,053   ,そごう横浜店,2026/06/16,火,平日,,晴,26.0,17.0,計,191577,220000,0.8708,0.7519,134564,1.4237,73,39,2624.3,1.46,92,0.7935,61,1.1967,8360,52815,0.2757,0.5997,0,54922,0.2867,0.3383,0.5624,0.9380,2401,4787.4,,0.0000,
0001,千房直営,000003,第3エリア,053   ,そごう横浜店,2026/06/17,水,平日,,晴,27.0,20.0,計,222618,220000,1.0119,0.8386,236843,0.9399,88,50,2529.8,1.76,92,0.9565,97,0.9072,8360,51405,0.2309,0.4514,0,56052,0.2518,0.3035,0.4827,0.7549,2490,5364.3,,0.0000,
0001,千房直営,000003,第3エリア,053   ,そごう横浜店,2026/06/18,木,平日,,曇,26.0,20.0,計,244888,220000,1.1131,0.9072,224064,1.0929,112,58,2186.5,2.24,92,1.2174,97,1.1546,8360,21527,0.0879,0.3399,0,69484,0.2837,0.2975,0.3716,0.6373,2966,4953.9,,0.0000,
0001,千房直営,000003,第3エリア,053   ,そごう横浜店,2026/06/19,金,平日,,晴,29.0,21.0,計,303923,260000,1.1689,0.9669,269528,1.1276,124,61,2451.0,2.48,109,1.1376,150,0.8267,8360,209190,0.6883,0.4359,0,72494,0.2385,0.2812,0.9268,0.7172,3061,5957.3,,0.0000,
0001,千房直営,000003,第3エリア,053   ,そごう横浜店,2026/06/20,土,土曜,,雨,25.0,21.0,計,474430,500000,0.9489,0.9614,538375,0.8812,239,110,1985.1,4.78,204,1.1716,244,0.9795,21500,69031,0.1455,0.3486,0,127475,0.2687,0.2774,0.4142,0.6260,5369,5301.9,,0.0000,
0001,千房直営,000003,第3エリア,053   ,そごう横浜店,2026/06/21,日,日祝,,曇,27.0,22.0,計,413071,500000,0.8261,0.9298,536800,0.7695,173,70,2387.7,3.46,219,0.7900,226,0.7655,20000,,0.0000,0.2762,0,104137,0.2521,0.2722,0.2521,0.5484,4501,5506.4,,0.0000,
0001,千房直営,000003,第3エリア,053   ,そごう横浜店,2026/06/22,月,平日,,曇,27.0,21.0,計,220411,220000,1.0019,0.9365,150863,1.4610,94,48,2344.8,1.88,92,1.0217,63,1.4921,8360,105926,0.4806,0.2966,0,69118,0.3136,0.2763,0.7942,0.5729,2876,4598.3,,0.0000,
0001,千房直営,000003,第3エリア,053   ,そごう横浜店,2026/06/23,火,平日,,曇,24.0,20.0,計,235632,220000,1.0711,0.9480,226623,1.0398,88,47,2677.6,1.76,92,0.9565,98,0.8980,8360,48271,0.2049,0.2877,0,70436,0.2989,0.2785,0.5038,0.5662,3047,4639.9,,0.0000,
0001,千房直営,000003,第3エリア,053   ,そごう横浜店,2026/06/24,水,平日,,晴,25.0,20.0,計,249840,220000,1.1356,0.9627,199635,1.2515,94,49,2657.9,1.88,92,1.0217,102,0.9216,8360,67540,0.2703,0.2861,0,59913,0.2398,0.2749,0.5101,0.5610,2613,5736.9,,0.0000,
0001,千房直営,000003,第3エリア,053   ,そごう横浜店,2026/06/25,木,平日,,雨,22.0,20.0,計,245836,220000,1.1174,0.9740,259764,0.9464,96,47,2560.8,1.92,92,1.0435,98,0.9796,8360,49755,0.2024,0.2791,0,76824,0.3125,0.2780,0.5149,0.5572,3129,4714.0,,0.0000,
0001,千房直営,000003,第3エリア,053   ,そごう横浜店,2026/06/26,金,平日,,雨,26.0,20.0,計,240324,260000,0.9243,0.9701,291870,0.8234,91,45,2640.9,1.82,109,0.8349,104,0.8750,8360,215373,0.8962,0.3257,0,81414,0.3388,0.2826,1.2349,0.6084,3506,4112.8,,0.0000,
0001,千房直営,000003,第3エリア,053   ,そごう横浜店,2026/06/27,土,土曜,,雨,23.0,22.0,計,435117,500000,0.8702,0.9569,590188,0.7373,183,93,2377.7,3.66,204,0.8971,233,0.7854,21500,43524,0.1000,0.2986,0,129331,0.2972,0.2844,0.3973,0.5830,5369,4862.5,,0.0000,
0001,千房直営,000003,第3エリア,053   ,そごう横浜店,2026/06/28,日,日祝,,雨,23.0,21.0,計,565558,500000,1.1311,0.9772,554457,1.0200,240,103,2356.5,4.80,219,1.0959,253,0.9486,20000,,0.0000,0.2582,0,124603,0.2203,0.2757,0.2203,0.5339,4964,6835.9,,0.0000,
0001,千房直営,000003,第3エリア,053   ,そごう横浜店,2026/06/29,月,平日,,曇,26.0,20.0,計,213532,220000,0.9706,0.9769,197552,1.0809,92,47,2321.0,1.84,92,1.0000,85,1.0824,8360,102632,0.4806,0.2690,0,68657,0.3215,0.2780,0.8022,0.5470,2837,4516.0,,0.0000,
0001,千房直営,000003,第3エリア,053   ,そごう横浜店,2026/06/30,火,平日,,晴,28.0,22.0,計,222611,220000,1.0119,0.9785,440873,0.5049,84,45,2650.1,1.68,92,0.9130,195,0.4308,8360,64464,0.2896,0.2700,0,85872,0.3857,0.2831,0.6753,0.5532,3338,4001.4,,0.0000,
0001,千房直営,000003,第3エリア,057   ,ルミネ立川支店,2026/06/15,月,平日,,曇,21.0,17.0,計,147465,150000,0.9831,0.9831,105123,1.4028,70,41,2106.6,1.59,75,0.9333,54,1.2963,0,61254,0.4154,0.4154,0,61361,0.4161,0.4161,0.8315,0.8315,2662,3323.8,,0.0000,
0001,千房直営,000003,第3エリア,057   ,ルミネ立川支店,2026/06/16,火,平日,,晴,27.0,15.0,計,115532,150000,0.7702,0.8767,89471,1.2913,57,34,2026.9,1.30,75,0.7600,42,1.3571,0,15635,0.1353,0.2924,0,65560,0.5675,0.4826,0.7028,0.7750,2804,2472.2,,0.0000,
0001,千房直営,000003,第3エリア,057   ,ルミネ立川支店,2026/06/17,水,平日,,晴,28.0,18.0,計,101317,150000,0.6754,0.8096,114570,0.8843,53,32,1911.6,1.20,75,0.7067,57,0.9298,0,107465,1.0607,0.5060,0,56144,0.5541,0.5025,1.6148,1.0085,2439,2492.4,,0.0000,
0001,千房直営,000003,第3エリア,057   ,ルミネ立川支店,2026/06/18,木,平日,,晴,25.0,19.0,計,146791,150000,0.9786,0.8518,118148,1.2424,63,39,2330.0,1.43,75,0.8400,66,0.9545,0,5550,0.0378,0.3716,0,62238,0.4240,0.4799,0.4618,0.8515,2724,3233.3,,0.0000,
0001,千房直営,000003,第3エリア,057   ,ルミネ立川支店,2026/06/19,金,平日,,曇,30.0,21.0,計,187721,150000,1.2515,0.9318,169782,1.1057,88,51,2133.2,2.00,75,1.1733,94,0.9362,0,70019,0.3730,0.3719,0,61506,0.3276,0.4390,0.7006,0.8110,2684,4196.4,,0.0000,
0001,千房直営,000003,第3エリア,057   ,ルミネ立川支店,2026/06/20,土,土曜,,雨,24.0,20.0,計,380052,340000,1.1178,0.9898,308238,1.2330,198,105,1919.5,4.50,170,1.1647,139,1.4245,0,23546,0.0620,0.2627,0,95626,0.2516,0.3730,0.3136,0.6358,4081,5587.6,,0.0000,
0001,千房直営,000003,第3エリア,057   ,ルミネ立川支店,2026/06/21,日,日祝,,曇,26.0,20.0,計,265094,340000,0.7797,0.9398,323319,0.8199,138,63,1921.0,3.14,170,0.8118,155,0.8903,0,,0.0000,0.2109,0,97296,0.3670,0.3718,0.3670,0.5828,4244,3747.8,,0.0000,
0001,千房直営,000003,第3エリア,057   ,ルミネ立川支店,2026/06/22,月,平日,,曇,27.0,20.0,計,133945,150000,0.8930,0.9354,105655,1.2678,61,34,2195.8,1.39,75,0.8133,55,1.1091,0,105367,0.7866,0.2631,0,58046,0.4334,0.3774,1.2200,0.6405,2476,3245.8,,0.0000,
0001,千房直営,000003,第3エリア,057   ,ルミネ立川支店,2026/06/23,火,平日,,曇,25.0,18.0,計,146189,150000,0.9746,0.9388,141279,1.0348,69,46,2118.7,1.57,75,0.9200,71,0.9718,0,31038,0.2123,0.2585,0,62870,0.4301,0.3821,0.6424,0.6407,2768,3168.8,,0.0000,
0001,千房直営,000003,第3エリア,057   ,ルミネ立川支店,2026/06/24,水,平日,,曇,25.0,18.0,計,100591,150000,0.6706,0.9174,188512,0.5336,53,37,1897.9,1.20,75,0.7067,86,0.6163,0,39817,0.3958,0.2665,0,66280,0.6589,0.3983,1.0547,0.6648,2965,2035.6,,0.0000,
0001,千房直営,000003,第3エリア,057   ,ルミネ立川支店,2026/06/25,木,平日,,雨,22.0,20.0,計,167007,150000,1.1134,0.9319,134834,1.2386,76,49,2197.5,1.73,75,1.0133,72,1.0556,0,20886,0.1251,0.2540,0,52639,0.3152,0.3910,0.4403,0.6450,2334,4293.2,,0.0000,
0001,千房直営,000003,第3エリア,057   ,ルミネ立川支店,2026/06/26,金,平日,,曇,22.0,20.0,計,205997,150000,1.3733,0.9622,145532,1.4155,91,57,2263.7,2.07,75,1.2133,71,1.2817,0,140444,0.6818,0.2960,0,73415,0.3564,0.3876,1.0382,0.6836,2863,4317.1,,0.0000,
0001,千房直営,000003,第3エリア,057   ,ルミネ立川支店,2026/06/27,土,土曜,,雨,23.0,21.0,計,223680,330000,0.6778,0.9249,329743,0.6783,109,55,2052.1,2.48,165,0.6606,159,0.6855,0,63114,0.2822,0.2947,0,88546,0.3959,0.3884,0.6780,0.6831,3721,3606.8,,0.0000,
0001,千房直営,000003,第3エリア,057   ,ルミネ立川支店,2026/06/28,日,日祝,,曇,22.0,21.0,計,347640,330000,1.0535,0.9398,363616,0.9561,164,84,2119.8,3.73,165,0.9939,181,0.9061,0,,0.0000,0.2563,0,102537,0.2950,0.3762,0.2950,0.6325,4107,5078.7,,0.0000,
0001,千房直営,000003,第3エリア,057   ,ルミネ立川支店,2026/06/29,月,平日,,曇,26.0,20.0,計,136357,150000,0.9090,0.9383,80992,1.6836,61,36,2235.4,1.39,75,0.8133,47,1.2979,0,104670,0.7676,0.2812,0,72278,0.5301,0.3837,1.2977,0.6648,2913,2808.6,,0.0000,
0001,千房直営,000003,第3エリア,057   ,ルミネ立川支店,2026/06/30,火,平日,,曇,28.0,22.0,計,129370,150000,0.8625,0.9346,256540,0.5043,66,44,1960.2,1.50,75,0.8800,130,0.5077,0,29153,0.2253,0.2787,0,79825,0.6170,0.3940,0.8424,0.6727,3166,2451.7,,0.0000,
0001,千房直営,000002,第2エリア,059   ,あべのキューズモール支店,2026/06/15,月,平日,,曇,28.0,20.0,計,132626,200000,0.6631,0.6631,161468,0.8214,77,37,1722.4,1.54,111,0.6937,85,0.9059,0,102909,0.7759,0.7759,0,49806,0.3755,0.3755,1.1515,1.1515,2171,3665.4,,0.0000,
0001,千房直営,000002,第2エリア,059   ,あべのキューズモール支店,2026/06/16,火,平日,,晴,26.0,20.0,計,214458,200000,1.0723,0.8677,197731,1.0846,107,55,2004.3,2.14,111,0.9640,97,1.1031,0,51923,0.2421,0.4461,0,57741,0.2692,0.3099,0.5114,0.7560,2597,4954.7,,0.0000,
0001,千房直営,000002,第2エリア,059   ,あべのキューズモール支店,2026/06/17,水,平日,,曇,28.0,22.0,計,214178,210000,1.0199,0.9201,213975,1.0009,115,54,1862.4,2.30,116,0.9914,112,1.0268,0,28259,0.1319,0.3262,0,66979,0.3127,0.3110,0.4447,0.6372,2973,4322.5,,0.0000,
0001,千房直営,000002,第2エリア,059   ,あべのキューズモール支店,2026/06/18,木,平日,,晴,28.0,21.0,計,179996,210000,0.8571,0.9040,161267,1.1161,98,49,1836.7,1.96,116,0.8448,81,1.2099,0,61414,0.3412,0.3299,0,61211,0.3401,0.3180,0.6813,0.6479,2769,3900.2,,0.0000,
0001,千房直営,000002,第2エリア,059   ,あべのキューズモール支店,2026/06/19,金,平日,,晴,30.0,23.0,計,201487,210000,0.9595,0.9153,214718,0.9384,120,65,1679.1,2.40,116,1.0345,132,0.9091,0,119965,0.5954,0.3866,0,51844,0.2573,0.3050,0.8527,0.6917,2332,5184.1,,0.0000,
0001,千房直営,000002,第2エリア,059   ,あべのキューズモール支店,2026/06/20,土,土曜,,雨,26.0,23.0,計,414902,450000,0.9220,0.9173,435660,0.9524,244,104,1700.4,4.88,264,0.9242,238,1.0252,0,91467,0.2205,0.3358,0,123184,0.2969,0.3026,0.5174,0.6384,5368,4637.5,,0.0000,
0001,千房直営,000002,第2エリア,059   ,あべのキューズモール支店,2026/06/21,日,日祝,,曇,29.0,24.0,計,411746,420000,0.9803,0.9313,375530,1.0964,237,88,1737.3,4.74,247,0.9595,219,1.0822,0,,0.0000,0.2577,0,105374,0.2559,0.2917,0.2559,0.5494,4607,5362.4,,0.0000,
0001,千房直営,000002,第2エリア,059   ,あべのキューズモール支店,2026/06/22,月,平日,,雨,25.0,22.0,計,127144,200000,0.6357,0.9031,150291,0.8460,69,34,1842.7,1.38,111,0.6216,85,0.8118,0,76230,0.5996,0.2806,0,51312,0.4036,0.2992,1.0031,0.5798,2301,3315.4,,0.0000,
0001,千房直営,000002,第2エリア,059   ,あべのキューズモール支店,2026/06/23,火,平日,,晴,25.0,20.0,計,155674,200000,0.7784,0.8923,219486,0.7093,82,40,1898.5,1.64,111,0.7387,117,0.7009,0,42960,0.2760,0.2802,0,51447,0.3305,0.3016,0.6064,0.5818,2283,4091.3,,0.0000,
0001,千房直営,000002,第2エリア,059   ,あべのキューズモール支店,2026/06/24,水,平日,,雨,22.0,20.0,計,188217,210000,0.8963,0.8926,204683,0.9196,103,54,1827.3,2.06,116,0.8879,100,1.0300,0,23245,0.1235,0.2671,0,63342,0.3365,0.3045,0.4600,0.5716,2838,3979.2,,0.0000,
0001,千房直営,000002,第2エリア,059   ,あべのキューズモール支店,2026/06/25,木,平日,,雨,23.0,20.0,計,212699,210000,1.0129,0.9019,178590,1.1910,124,58,1715.3,2.48,116,1.0690,98,1.2653,0,71518,0.3362,0.2731,0,67008,0.3150,0.3054,0.6513,0.5785,2936,4346.7,,0.0000,
0001,千房直営,000002,第2エリア,059   ,あべのキューズモール支店,2026/06/26,金,平日,,雨,24.0,20.0,計,212034,210000,1.0097,0.9096,251557,0.8429,122,58,1738.0,2.44,116,1.0517,127,0.9606,0,70982,0.3348,0.2780,0,61782,0.2914,0.3043,0.6261,0.5823,2774,4586.2,,0.0000,
0001,千房直営,000002,第2エリア,059   ,あべのキューズモール支店,2026/06/27,土,土曜,,曇,24.0,20.0,計,354333,450000,0.7874,0.8933,414647,0.8545,212,94,1671.4,4.24,264,0.8030,222,0.9550,0,80323,0.2267,0.2720,0,108910,0.3074,0.3047,0.5341,0.5766,4663,4559.3,,0.0000,
0001,千房直営,000002,第2エリア,059   ,あべのキューズモール支店,2026/06/28,日,日祝,,曇,28.0,20.0,計,371143,420000,0.8837,0.8923,414834,0.8947,201,89,1846.5,4.02,247,0.8138,226,0.8894,0,,0.0000,0.2422,0,110024,0.2964,0.3038,0.2964,0.5460,4904,4540.9,,0.0000,
0001,千房直営,000002,第2エリア,059   ,あべのキューズモール支店,2026/06/29,月,平日,,晴,31.0,23.0,計,125902,200000,0.6295,0.8791,178835,0.7040,74,37,1701.4,1.48,111,0.6667,89,0.8315,0,58484,0.4645,0.2502,0,57954,0.4603,0.3094,0.9248,0.5595,2498,3024.1,,0.0000,
0001,千房直営,000002,第2エリア,059   ,あべのキューズモール支店,2026/06/30,火,平日,,晴,29.0,23.0,計,177352,200000,0.8868,0.8795,450008,0.3941,86,44,2062.2,1.72,111,0.7748,235,0.3660,0,70657,0.3984,0.2573,0,78617,0.4433,0.3158,0.8417,0.5731,3091,3442.6,,0.0000,
0001,千房直営,000003,第3エリア,064   ,リンクス池袋支店,2026/06/15,月,平日,,曇,21.0,18.0,計,86704,250000,0.3468,0.3468,,,44,24,1970.5,1.26,150,0.2933,,,39250,73098,0.8431,0.8431,0,44886,0.5177,0.5177,1.3608,1.3608,1951,2666.4,,0.0000,
0001,千房直営,000003,第3エリア,064   ,リンクス池袋支店,2026/06/16,火,平日,,晴,27.0,16.0,計,71458,250000,0.2858,0.3163,,,35,24,2041.7,1.00,150,0.2333,,,39250,46635,0.6526,0.7570,0,51347,0.7186,0.6084,1.3712,1.3655,2241,1913.2,,0.0000,
0001,千房直営,000003,第3エリア,064   ,リンクス池袋支店,2026/06/17,水,平日,,晴,27.0,19.0,計,124503,280000,0.4447,0.3624,,,57,29,2184.3,1.63,168,0.3393,,,39250,16210,0.1302,0.4809,0,46795,0.3759,0.5060,0.5061,0.9869,2113,3535.3,,0.0000,
0001,千房直営,000003,第3エリア,064   ,リンクス池袋支店,2026/06/18,木,平日,,曇,25.0,20.0,計,77991,250000,0.3120,0.3502,,,37,23,2107.9,1.06,150,0.2467,,,39250,45129,0.5786,0.5021,0,46864,0.6009,0.5265,1.1795,1.0286,2062,2269.4,,0.0000,
0001,千房直営,000003,第3エリア,064   ,リンクス池袋支店,2026/06/19,金,平日,,曇,29.0,20.0,計,138077,320000,0.4315,0.3694,,,59,31,2340.3,1.69,192,0.3073,,,39250,91030,0.6593,0.5456,0,54845,0.3972,0.4907,1.0565,1.0363,2372,3492.7,,0.0000,
0001,千房直営,000003,第3エリア,064   ,リンクス池袋支店,2026/06/20,土,土曜,,雨,23.0,20.0,計,310855,400000,0.7771,0.4626,,,160,78,1942.8,4.57,267,0.5993,,,90000,44177,0.1421,0.3907,0,87596,0.2818,0.4105,0.4239,0.8012,3812,4892.8,,0.0000,
0001,千房直営,000003,第3エリア,064   ,リンクス池袋支店,2026/06/21,日,日祝,,曇,26.0,21.0,計,228505,380000,0.6013,0.4874,,,105,51,2176.2,3.00,258,0.4070,,,84360,5002,0.0219,0.3095,0,81480,0.3566,0.3986,0.3785,0.7081,3606,3802.1,,0.0000,
0001,千房直営,000003,第3エリア,064   ,リンクス池袋支店,2026/06/22,月,平日,,曇,27.0,20.0,計,75207,250000,0.3008,0.4678,,,36,19,2089.1,1.03,150,0.2400,,,39250,41729,0.5549,0.3261,0,46028,0.6120,0.4130,1.1669,0.7391,2075,2174.7,,0.0000,
0001,千房直営,000003,第3エリア,064   ,リンクス池袋支店,2026/06/23,火,平日,,曇,23.0,18.0,計,89922,250000,0.3597,0.4575,,,49,29,1835.1,1.40,150,0.3267,,,39250,53494,0.5949,0.3462,0,48988,0.5448,0.4229,1.1397,0.7690,2139,2522.4,,0.0000,
0001,千房直営,000003,第3エリア,064   ,リンクス池袋支店,2026/06/24,水,平日,,曇,25.0,19.0,計,125153,280000,0.4470,0.4565,,,58,33,2157.8,1.66,168,0.3452,,,39250,23517,0.1879,0.3312,0,47851,0.3823,0.4191,0.5702,0.7503,2155,3484.5,,0.0000,
0001,千房直営,000003,第3エリア,064   ,リンクス池袋支店,2026/06/25,木,平日,,雨,22.0,20.0,計,139444,250000,0.5578,0.4645,,,60,33,2324.1,1.71,150,0.4000,,,39250,32251,0.2313,0.3218,0,51915,0.3723,0.4146,0.6036,0.7364,2265,3693.9,,0.0000,
0001,千房直営,000003,第3エリア,064   ,リンクス池袋支店,2026/06/26,金,平日,,曇,23.0,20.0,計,170836,320000,0.5339,0.4709,,,77,39,2218.6,2.20,192,0.4010,,,39250,88732,0.5194,0.3424,0,56193,0.3289,0.4057,0.8483,0.7480,2446,4190.6,,0.0000,
0001,千房直営,000003,第3エリア,064   ,リンクス池袋支店,2026/06/27,土,土曜,,雨,23.0,21.0,計,185028,400000,0.4626,0.4700,,,83,40,2229.3,2.37,267,0.3109,,,90000,42466,0.2295,0.3309,0,85573,0.4625,0.4115,0.6920,0.7424,3795,2925.3,,0.0000,
0001,千房直営,000003,第3エリア,064   ,リンクス池袋支店,2026/06/28,日,日祝,,雨,22.0,20.0,計,300573,380000,0.7910,0.4987,,,152,65,1977.5,4.34,258,0.5891,,,84360,32580,0.1084,0.2994,0,81863,0.2724,0.3918,0.3807,0.6912,3565,5058.7,,0.0000,
0001,千房直営,000003,第3エリア,064   ,リンクス池袋支店,2026/06/29,月,平日,,曇,26.0,20.0,計,89429,250000,0.3577,0.4908,,,47,23,1902.7,1.34,150,0.3133,,,39250,90562,1.0127,0.3282,0,52024,0.5817,0.3994,1.5944,0.7277,1967,2727.9,,0.0000,
0001,千房直営,000003,第3エリア,064   ,リンクス池袋支店,2026/06/30,火,平日,,曇,28.0,22.0,計,332986,250000,1.3319,0.5350,302639,1.1003,152,82,2190.7,4.34,150,1.0133,134,1.1343,39250,2697,0.0081,0.2864,0,94216,0.2829,0.3842,0.2910,0.6706,3476,5747.7,,0.0000,
0001,千房直営,000002,第2エリア,065   ,名代JO-TERRACE OSAKA店,2026/06/15,月,平日,,曇,28.0,20.0,計,,0,,,,,,,,0,0,,,,0,,,,0,0,,,,,0,,,,店休日
0001,千房直営,000002,第2エリア,065   ,名代JO-TERRACE OSAKA店,2026/06/16,火,平日,,晴,27.0,21.0,計,84819,120000,0.7068,0.7068,110141,0.7701,44,23,1927.7,0.76,61,0.7213,51,0.8627,0,48469,0.5714,0.5714,0,28111,0.3314,0.3314,0.9029,0.9029,1210,4205.9,,0.0000,高校体育祭
0001,千房直営,000002,第2エリア,065   ,名代JO-TERRACE OSAKA店,2026/06/17,水,平日,,曇,28.0,22.0,計,141875,120000,1.1823,0.9446,167278,0.8481,82,35,1730.2,1.41,61,1.3443,92,0.8913,0,34940,0.2463,0.3679,0,32981,0.2325,0.2695,0.4787,0.6374,1416,6011.7,,0.0000,中高体育祭
0001,千房直営,000002,第2エリア,065   ,名代JO-TERRACE OSAKA店,2026/06/18,木,平日,,晴,29.0,21.0,計,120284,120000,1.0024,0.9638,105302,1.1423,66,18,1822.5,1.14,61,1.0820,60,1.1000,0,6386,0.0531,0.2588,0,32143,0.2672,0.2687,0.3203,0.5275,1361,5302.7,,0.0000,小学校運動会
0001,千房直営,000002,第2エリア,065   ,名代JO-TERRACE OSAKA店,2026/06/19,金,平日,,晴,31.0,24.0,計,102810,120000,0.8568,0.9371,122688,0.8380,57,28,1803.7,0.98,61,0.9344,65,0.8769,0,215604,2.0971,0.6790,0,33278,0.3237,0.2813,2.4208,0.9603,1419,4347.1,,0.0000,イベントなし
0001,千房直営,000002,第2エリア,065   ,名代JO-TERRACE OSAKA店,2026/06/20,土,土曜,,雨,26.0,23.0,計,318858,450000,0.7086,0.8265,405402,0.7865,165,78,1932.5,2.84,231,0.7143,211,0.7820,0,72205,0.2264,0.4913,0,97330,0.3052,0.2912,0.5317,0.7825,4236,4516.4,,0.0000,ドリカム
0001,千房直営,000002,第2エリア,065   ,名代JO-TERRACE OSAKA店,2026/06/21,日,日祝,,曇,29.0,24.0,計,551725,450000,1.2261,0.9568,431074,1.2799,253,97,2180.7,4.36,231,1.0952,222,1.1396,0,,0.0000,0.2860,0,79491,0.1441,0.2297,0.1441,0.5157,3437,9631.5,,0.0000,ドリカム
0001,千房直営,000002,第2エリア,065   ,名代JO-TERRACE OSAKA店,2026/06/22,月,平日,,雨,25.0,22.0,計,,0,,0.9568,,,,,,0,0,,,,0,,,0.2860,0,0,,0.2297,,0.5157,0,,,,店休日
0001,千房直営,000002,第2エリア,065   ,名代JO-TERRACE OSAKA店,2026/06/23,火,平日,,晴,25.0,21.0,計,214314,300000,0.7144,0.9135,172533,1.2422,114,51,1879.9,1.97,154,0.7403,86,1.3256,0,30680,0.1432,0.2660,0,57384,0.2678,0.2350,0.4109,0.5011,2454,5240.0,,0.0000,ゆず
0001,千房直営,000002,第2エリア,065   ,名代JO-TERRACE OSAKA店,2026/06/24,水,平日,,雨,23.0,20.0,計,213929,300000,0.7131,0.8831,194657,1.0990,111,51,1927.3,1.91,154,0.7208,89,1.2472,0,2800,0.0131,0.2351,0,56770,0.2654,0.2388,0.2785,0.4738,2420,5304.0,,0.0000,ゆず
0001,千房直営,000002,第2エリア,065   ,名代JO-TERRACE OSAKA店,2026/06/25,木,平日,,雨,23.0,20.0,計,74000,120000,0.6167,0.8679,84193,0.8789,50,15,1480.0,0.86,61,0.8197,44,1.1364,0,85969,1.1617,0.2727,0,33004,0.4460,0.2472,1.6077,0.5199,1437,3089.8,,0.0000,イベントなし
0001,千房直営,000002,第2エリア,065   ,名代JO-TERRACE OSAKA店,2026/06/26,金,平日,,雨,23.0,20.0,計,218045,250000,0.8722,0.8684,224884,0.9696,107,51,2037.8,1.84,128,0.8359,124,0.8629,0,186272,0.8543,0.3349,0,59931,0.2749,0.2501,1.1291,0.5850,2566,5098.5,,0.0000,松田聖子
0001,千房直営,000002,第2エリア,065   ,名代JO-TERRACE OSAKA店,2026/06/27,土,土曜,,曇,25.0,20.0,計,458809,450000,1.0196,0.8927,337282,1.3603,208,84,2205.8,3.59,231,0.9004,180,1.1556,0,37473,0.0817,0.2884,0,99024,0.2158,0.2438,0.2975,0.5322,4320,6372.3,,0.0000,松田聖子
0001,千房直営,000002,第2エリア,065   ,名代JO-TERRACE OSAKA店,2026/06/28,日,日祝,,曇,28.0,20.0,計,479741,460000,1.0429,0.9139,427357,1.1226,232,106,2067.8,4.00,236,0.9831,215,1.0791,0,,0.0000,0.2419,0,99145,0.2067,0.2378,0.2067,0.4798,4054,7100.3,,0.0000,松田聖子
0001,千房直営,000002,第2エリア,065   ,名代JO-TERRACE OSAKA店,2026/06/29,月,平日,,晴,31.0,24.0,計,,0,,0.9139,66615,0.0000,,,,0,0,,38,0.0000,0,,,0.2419,0,0,,0.2378,,0.4798,0,,,,店休日
0001,千房直営,000002,第2エリア,065   ,名代JO-TERRACE OSAKA店,2026/06/30,火,平日,,晴,30.0,24.0,計,83062,120000,0.6922,0.9060,235948,0.3520,36,12,2307.3,0.62,61,0.5902,136,0.2647,0,14673,0.1767,0.2402,0,56835,0.6842,0.2500,0.8609,0.4901,2049,2432.3,,0.0000,イベントなし
0001,千房直営,000003,第3エリア,066   ,セレオ八王子支店,2026/06/15,月,平日,,曇,21.0,16.0,計,118572,120000,0.9881,0.9881,96890,1.2238,60,36,1976.2,1.58,66,0.9091,55,1.0909,0,94757,0.7992,0.7992,0,54236,0.4574,0.4574,1.2566,1.2566,2461,2890.8,,0.0000,
0001,千房直営,000003,第3エリア,066   ,セレオ八王子支店,2026/06/16,火,平日,,晴,27.0,15.0,計,,0,,0.9881,107115,0.0000,,,,0,0,,64,0.0000,0,,,0.7992,0,0,,0.4574,,1.2566,0,,,,
0001,千房直営,000003,第3エリア,066   ,セレオ八王子支店,2026/06/17,水,平日,,晴,28.0,17.0,計,126934,130000,0.9764,0.9820,82931,1.5306,69,47,1839.6,1.82,71,0.9718,50,1.3800,0,40166,0.3164,0.5496,0,49889,0.3930,0.4241,0.7095,0.9737,2122,3589.1,,0.0000,
0001,千房直営,000003,第3エリア,066   ,セレオ八王子支店,2026/06/18,木,平日,,晴,26.0,19.0,計,81563,130000,0.6274,0.8607,84043,0.9705,46,31,1773.1,1.21,71,0.6479,42,1.0952,0,6546,0.0803,0.4325,0,56028,0.6869,0.4897,0.7672,0.9222,2530,1934.3,,0.0000,
0001,千房直営,000003,第3エリア,066   ,セレオ八王子支店,2026/06/19,金,平日,,曇,31.0,21.0,計,118086,150000,0.7872,0.8399,165432,0.7138,67,41,1762.5,1.76,82,0.8171,97,0.6907,0,39720,0.3364,0.4070,0,52900,0.4480,0.4786,0.7843,0.8856,2336,3033.0,,0.0000,
0001,千房直営,000003,第3エリア,066   ,セレオ八王子支店,2026/06/20,土,土曜,,雨,23.0,20.0,計,262277,300000,0.8743,0.8523,190984,1.3733,153,80,1714.2,4.03,154,0.9935,97,1.5773,0,36948,0.1409,0.3084,0,74798,0.2852,0.4069,0.4261,0.7152,3436,4579.9,,0.0000,
0001,千房直営,000003,第3エリア,066   ,セレオ八王子支店,2026/06/21,日,日祝,,曇,26.0,20.0,計,160881,240000,0.6703,0.8115,163738,0.9826,78,43,2062.6,2.05,132,0.5909,93,0.8387,0,,0.0000,0.2512,0,62680,0.3896,0.4037,0.3896,0.6549,2886,3344.7,,0.0000,
0001,千房直営,000003,第3エリア,066   ,セレオ八王子支店,2026/06/22,月,平日,,曇,28.0,20.0,計,69252,120000,0.5771,0.7879,98281,0.7046,35,27,1978.6,0.92,66,0.5303,54,0.6481,0,47209,0.6817,0.2830,0,52460,0.7575,0.4298,1.4392,0.7128,2306,1801.9,,0.0000,
0001,千房直営,000003,第3エリア,066   ,セレオ八王子支店,2026/06/23,火,平日,,曇,25.0,18.0,計,163812,120000,1.3651,0.8407,81693,2.0052,75,53,2184.2,1.97,66,1.1364,51,1.4706,0,68063,0.4155,0.3027,0,64751,0.3953,0.4247,0.8108,0.7274,2952,3329.5,,0.0000,
0001,千房直営,000003,第3エリア,066   ,セレオ八王子支店,2026/06/24,水,平日,,曇,25.0,18.0,計,77619,130000,0.5971,0.8187,91397,0.8493,49,35,1584.1,1.29,71,0.6901,53,0.9245,0,26170,0.3372,0.3050,0,44338,0.5712,0.4343,0.9084,0.7393,1973,2360.4,,0.0000,
0001,千房直営,000003,第3エリア,066   ,セレオ八王子支店,2026/06/25,木,平日,,雨,22.0,19.0,計,122890,130000,0.9453,0.8292,108885,1.1286,67,43,1834.2,1.76,71,0.9437,46,1.4565,0,27378,0.2228,0.2972,0,61039,0.4967,0.4402,0.7195,0.7375,2759,2672.5,,0.0000,
0001,千房直営,000003,第3エリア,066   ,セレオ八王子支店,2026/06/26,金,平日,,曇,22.0,19.0,計,158408,150000,1.0561,0.8490,117782,1.3449,81,59,1955.7,2.13,82,0.9878,66,1.2273,0,108591,0.6855,0.3393,0,48962,0.3091,0.4260,0.9946,0.7653,2140,4441.3,,0.0000,
0001,千房直営,000003,第3エリア,066   ,セレオ八王子支店,2026/06/27,土,土曜,,雨,23.0,21.0,計,224440,240000,0.9352,0.8596,226472,0.9910,112,61,2003.9,2.95,124,0.9032,109,1.0275,0,64776,0.2886,0.3326,0,73226,0.3263,0.4127,0.6149,0.7453,2876,4682.3,,0.0000,
0001,千房直営,000003,第3エリア,066   ,セレオ八王子支店,2026/06/28,日,日祝,,曇,22.0,21.0,計,231895,240000,0.9662,0.8712,200026,1.1593,116,55,1999.1,3.05,132,0.8788,105,1.1048,0,,0.0000,0.2923,0,75749,0.3267,0.4023,0.3267,0.6946,3132,4442.4,,0.0000,
0001,千房直営,000003,第3エリア,066   ,セレオ八王子支店,2026/06/29,月,平日,,曇,26.0,20.0,計,84923,120000,0.7077,0.8627,79238,1.0717,53,33,1602.3,1.39,66,0.8030,45,1.1778,0,21077,0.2482,0.2905,0,49129,0.5785,0.4098,0.8267,0.7003,2063,2469.9,,0.0000,
0001,千房直営,000003,第3エリア,066   ,セレオ八王子支店,2026/06/30,火,平日,,曇,28.0,22.0,計,115944,120000,0.9662,0.8678,151347,0.7661,65,42,1783.8,1.71,66,0.9848,84,0.7738,0,62477,0.5389,0.3041,0,67237,0.5799,0.4191,1.1188,0.7232,2764,2516.9,,0.0000,
0001,千房直営,000002,第2エリア,067   ,ららぽーと名古屋みなとアクルス店,2026/06/15,月,平日,,曇,27.0,19.0,計,84745,160000,0.5297,0.5297,143819,0.5892,49,28,1729.5,0.88,95,0.5158,104,0.4712,0,112159,1.3235,1.3235,0,41154,0.4856,0.4856,1.8091,1.8091,1855,2741.1,,0.0000,
0001,千房直営,000002,第2エリア,067   ,ららぽーと名古屋みなとアクルス店,2026/06/16,火,平日,,曇,27.0,19.0,計,119300,160000,0.7456,0.6376,82560,1.4450,79,40,1510.1,1.41,95,0.8316,50,1.5800,0,53812,0.4511,0.8134,0,54820,0.4595,0.4704,0.9106,1.2838,2328,3074.7,,0.0000,
0001,千房直営,000002,第2エリア,067   ,ららぽーと名古屋みなとアクルス店,2026/06/17,水,平日,,曇,26.0,22.0,計,152425,160000,0.9527,0.7426,164932,0.9242,87,42,1752.0,1.55,95,0.9158,99,0.8788,0,70906,0.4652,0.6645,0,49426,0.3243,0.4079,0.7895,1.0724,2289,3995.4,,0.0000,
0001,千房直営,000002,第2エリア,067   ,ららぽーと名古屋みなとアクルス店,2026/06/18,木,平日,,曇,31.0,22.0,計,131143,160000,0.8196,0.7619,155353,0.8442,84,43,1561.2,1.50,95,0.8842,83,1.0120,0,27987,0.2134,0.5432,0,44179,0.3369,0.3888,0.5503,0.9320,2107,3734.5,,0.0000,
0001,千房直営,000002,第2エリア,067   ,ららぽーと名古屋みなとアクルス店,2026/06/19,金,平日,,晴,32.0,23.0,計,192331,180000,1.0685,0.8292,193853,0.9921,113,56,1702.0,2.02,107,1.0561,128,0.8828,0,28052,0.1459,0.4308,0,54307,0.2824,0.3587,0.4282,0.7895,2392,4824.4,,0.0000,
0001,千房直営,000002,第2エリア,067   ,ららぽーと名古屋みなとアクルス店,2026/06/20,土,土曜,,雨,25.0,23.0,計,462508,450000,1.0278,0.8996,384869,1.2017,283,119,1634.3,5.05,267,1.0599,221,1.2805,0,55354,0.1197,0.3048,0,110155,0.2382,0.3099,0.3579,0.6147,4479,6195.7,,0.0000,
0001,千房直営,000002,第2エリア,067   ,ららぽーと名古屋みなとアクルス店,2026/06/21,日,日祝,,曇,29.0,23.0,計,378753,450000,0.8417,0.8844,379965,0.9968,236,97,1604.9,4.21,267,0.8839,225,1.0489,0,6300,0.0166,0.2331,0,99302,0.2622,0.2980,0.2788,0.5311,4244,5354.7,,0.0000,
0001,千房直営,000002,第2エリア,067   ,ららぽーと名古屋みなとアクルス店,2026/06/22,月,平日,,雨,24.0,21.0,計,98692,160000,0.6168,0.8616,99541,0.9915,55,30,1794.4,0.98,95,0.5789,67,0.8209,0,69176,0.7009,0.2616,0,40934,0.4148,0.3051,1.1157,0.5667,1642,3606.3,,0.0000,
0001,千房直営,000002,第2エリア,067   ,ららぽーと名古屋みなとアクルス店,2026/06/23,火,平日,,曇,25.0,20.0,計,126561,160000,0.7910,0.8561,108702,1.1643,75,40,1687.5,1.34,95,0.7895,65,1.1538,0,136027,1.0748,0.3205,0,51853,0.4097,0.3127,1.4845,0.6332,2165,3507.5,,0.0000,
0001,千房直営,000002,第2エリア,067   ,ららぽーと名古屋みなとアクルス店,2026/06/24,水,平日,,雨,23.0,18.0,計,146394,160000,0.9150,0.8604,145719,1.0046,82,41,1785.3,1.46,95,0.8632,95,0.8632,0,30055,0.2053,0.3116,0,43285,0.2957,0.3114,0.5010,0.6230,1943,4520.7,,0.0000,
0001,千房直営,000002,第2エリア,067   ,ららぽーと名古屋みなとアクルス店,2026/06/25,木,平日,,雨,22.0,21.0,計,168387,160000,1.0524,0.8734,144046,1.1690,91,45,1850.4,1.63,95,0.9579,82,1.1098,0,98900,0.5873,0.3341,0,49265,0.2926,0.3099,0.8799,0.6440,2079,4859.7,,0.0000,
0001,千房直営,000002,第2エリア,067   ,ららぽーと名古屋みなとアクルス店,2026/06/26,金,平日,,雨,23.0,20.0,計,187507,180000,1.0417,0.8853,145723,1.2867,106,55,1768.9,1.89,107,0.9907,91,1.1648,0,66263,0.3534,0.3357,0,55155,0.2941,0.3085,0.6475,0.6443,2354,4779.3,,0.0000,
0001,千房直営,000002,第2エリア,067   ,ららぽーと名古屋みなとアクルス店,2026/06/27,土,土曜,,雨,25.0,20.0,計,425452,450000,0.9454,0.8944,389546,1.0922,244,108,1743.7,4.36,267,0.9139,229,1.0655,0,63639,0.1496,0.3061,0,110788,0.2604,0.3009,0.4100,0.6070,4477,5701.8,,0.0000,
0001,千房直営,000002,第2エリア,067   ,ららぽーと名古屋みなとアクルス店,2026/06/28,日,日祝,,曇,27.0,21.0,計,423783,450000,0.9417,0.9006,454773,0.9319,226,92,1875.1,4.04,267,0.8464,277,0.8159,0,,0.0000,0.2642,0,108281,0.2555,0.2947,0.2555,0.5589,4068,6250.5,,0.0000,
0001,千房直営,000002,第2エリア,067   ,ららぽーと名古屋みなとアクルス店,2026/06/29,月,平日,,晴,31.0,22.0,計,110870,160000,0.6929,0.8913,122161,0.9076,67,34,1654.8,1.20,95,0.7053,73,0.9178,0,92591,0.8351,0.2840,0,51443,0.4640,0.3005,1.2991,0.5845,1970,3376.8,,0.0000,
0001,千房直営,000002,第2エリア,067   ,ららぽーと名古屋みなとアクルス店,2026/06/30,火,平日,,晴,31.0,23.0,計,131513,160000,0.8220,0.8884,361997,0.3633,67,34,1962.9,1.20,95,0.7053,206,0.3252,0,54402,0.4137,0.2891,0,70154,0.5334,0.3097,0.9471,0.5988,2647,2981.0,,0.0000,
0001,千房直営,000003,第3エリア,068   ,舞 イクスピアリ店,2026/06/15,月,平日,,雨,22.0,18.0,計,324962,270000,1.2036,1.2036,274912,1.1821,139,56,2337.9,2.67,135,1.0296,127,1.0945,0,83884,0.2581,0.2581,0,92690,0.2852,0.2852,0.5434,0.5434,3693,5279.6,,0.0000,
0001,千房直営,000003,第3エリア,068   ,舞 イクスピアリ店,2026/06/16,火,平日,,晴,26.0,17.0,計,296434,270000,1.0979,1.1507,214841,1.3798,130,47,2280.3,2.50,135,0.9630,101,1.2871,0,96156,0.3244,0.2897,0,82837,0.2794,0.2825,0.6038,0.5722,3247,5477.7,,0.0000,
0001,千房直営,000003,第3エリア,068   ,舞 イクスピアリ店,2026/06/17,水,平日,,晴,27.0,20.0,計,226861,270000,0.8402,1.0472,235366,0.9639,127,47,1786.3,2.44,135,0.9407,119,1.0672,0,86077,0.3794,0.3137,0,92500,0.4077,0.3160,0.7872,0.6297,3757,3623.0,,0.0000,
0001,千房直営,000003,第3エリア,068   ,舞 イクスピアリ店,2026/06/18,木,平日,,曇,25.0,20.0,計,225517,270000,0.8352,0.9942,283244,0.7962,113,46,1995.7,2.17,135,0.8370,132,0.8561,0,57879,0.2567,0.3017,0,81787,0.3627,0.3258,0.6193,0.6275,3324,4070.7,,0.0000,
0001,千房直営,000003,第3エリア,068   ,舞 イクスピアリ店,2026/06/19,金,平日,,曇,28.0,21.0,計,277218,300000,0.9241,0.9790,297171,0.9329,131,54,2116.2,2.52,150,0.8733,148,0.8851,0,183946,0.6635,0.3760,0,90179,0.3253,0.3257,0.9888,0.7017,3496,4757.7,,0.0000,
0001,千房直営,000003,第3エリア,068   ,舞 イクスピアリ店,2026/06/20,土,土曜,,雨,24.0,21.0,計,496900,540000,0.9202,0.9624,440701,1.1275,251,93,1979.7,4.83,270,0.9296,216,1.1620,0,54646,0.1100,0.3044,0,115504,0.2324,0.3006,0.3424,0.6051,4679,6371.9,,0.0000,
0001,千房直営,000003,第3エリア,068   ,舞 イクスピアリ店,2026/06/21,日,日祝,,曇,26.0,22.0,計,382432,480000,0.7967,0.9293,417240,0.9166,186,70,2056.1,3.58,240,0.7750,208,0.8942,0,20700,0.0541,0.2615,0,105108,0.2748,0.2962,0.3290,0.5577,4149,5530.5,,0.0000,
0001,千房直営,000003,第3エリア,068   ,舞 イクスピアリ店,2026/06/22,月,平日,,曇,26.0,20.0,計,225509,270000,0.8352,0.9198,204403,1.1033,102,41,2210.9,1.96,135,0.7556,93,1.0968,0,62713,0.2781,0.2630,0,80890,0.3587,0.3019,0.6368,0.5650,3248,4165.8,,0.0000,
0001,千房直営,000003,第3エリア,068   ,舞 イクスピアリ店,2026/06/23,火,平日,,曇,23.0,19.0,計,294082,270000,1.0892,0.9353,319444,0.9206,143,57,2056.5,2.75,135,1.0593,152,0.9408,0,117349,0.3990,0.2776,0,93662,0.3185,0.3037,0.7175,0.5813,3574,4937.0,,0.0000,
0001,千房直営,000003,第3エリア,068   ,舞 イクスピアリ店,2026/06/24,水,平日,,曇,25.0,18.0,計,309952,270000,1.1480,0.9532,392863,0.7890,143,56,2167.5,2.75,135,1.0593,196,0.7296,0,51265,0.1654,0.2662,0,100059,0.3228,0.3056,0.4882,0.5719,3768,4935.5,,0.0000,
0001,千房直営,000003,第3エリア,068   ,舞 イクスピアリ店,2026/06/25,木,平日,,雨,22.0,20.0,計,347314,270000,1.2863,0.9791,373510,0.9299,168,63,2067.3,3.23,135,1.2444,189,0.8889,0,41021,0.1181,0.2511,0,94214,0.2713,0.3021,0.3894,0.5533,3549,5871.7,,0.0000,
0001,千房直営,000003,第3エリア,068   ,舞 イクスピアリ店,2026/06/26,金,平日,,雨,25.0,21.0,計,300896,300000,1.0030,0.9810,246370,1.2213,125,52,2407.2,2.40,150,0.8333,128,0.9766,0,168287,0.5593,0.2761,0,100469,0.3339,0.3047,0.8932,0.5808,3563,5067.0,,0.0000,
0001,千房直営,000003,第3エリア,068   ,舞 イクスピアリ店,2026/06/27,土,土曜,,雨,23.0,21.0,計,359166,540000,0.6651,0.9415,386394,0.9295,187,70,1920.7,3.60,270,0.6926,191,0.9791,0,71467,0.1990,0.2693,0,134388,0.3742,0.3108,0.5731,0.5802,5024,4289.4,,0.0000,
0001,千房直営,000003,第3エリア,068   ,舞 イクスピアリ店,2026/06/28,日,日祝,,雨,23.0,20.0,計,395145,480000,0.8232,0.9297,426226,0.9271,203,78,1946.5,3.90,240,0.8458,206,0.9854,0,20700,0.0524,0.2501,0,137337,0.3476,0.3141,0.3999,0.5642,5134,4618.0,,0.0000,
0001,千房直営,000003,第3エリア,068   ,舞 イクスピアリ店,2026/06/29,月,平日,,曇,25.0,20.0,計,196035,270000,0.7261,0.9188,259583,0.7552,104,40,1885.0,2.00,135,0.7704,112,0.9286,0,97437,0.4970,0.2605,0,101903,0.5198,0.3228,1.0169,0.5833,3764,3124.9,,0.0000,
0001,千房直営,000003,第3エリア,068   ,舞 イクスピアリ店,2026/06/30,火,平日,,曇,28.0,22.0,計,264425,270000,0.9794,0.9219,440693,0.6000,125,48,2115.4,2.40,135,0.9259,227,0.5507,0,103329,0.3908,0.2675,0,112054,0.4238,0.3282,0.8145,0.5957,4243,3739.2,,0.0000,
0001,千房直営,000003,第3エリア,069   ,有明ガーデン支店,2026/06/15,月,平日,,曇,22.0,18.0,計,150071,230000,0.6525,0.6525,152788,0.9822,64,31,2344.9,1.31,107,0.5981,60,1.0667,39600,188734,1.2576,1.2576,0,64418,0.4293,0.4293,1.6869,1.6869,2656,3390.2,,0.0000,
0001,千房直営,000003,第3エリア,069   ,有明ガーデン支店,2026/06/16,火,平日,,晴,26.0,17.0,計,193936,230000,0.8432,0.7478,175745,1.1035,88,38,2203.8,1.80,107,0.8224,86,1.0233,39600,131789,0.6795,0.9317,0,72835,0.3756,0.3990,1.0551,1.3307,2811,4139.5,,0.0000,
0001,千房直営,000003,第3エリア,069   ,有明ガーデン支店,2026/06/17,水,平日,,晴,27.0,20.0,計,168226,230000,0.7314,0.7424,245144,0.6862,80,40,2102.8,1.63,107,0.7477,119,0.6723,39600,26684,0.1586,0.6778,0,73009,0.4340,0.4105,0.5926,1.0883,3010,3353.3,,0.0000,
0001,千房直営,000003,第3エリア,069   ,有明ガーデン支店,2026/06/18,木,平日,,曇,25.0,20.0,計,139274,230000,0.6055,0.7082,245101,0.5682,71,40,1961.6,1.45,107,0.6636,129,0.5504,39600,67214,0.4826,0.6361,0,64044,0.4598,0.4210,0.9424,1.0571,2477,3373.6,,0.0000,
0001,千房直営,000003,第3エリア,069   ,有明ガーデン支店,2026/06/19,金,平日,,曇,28.0,20.0,計,285049,300000,0.9502,0.7677,309326,0.9215,125,63,2280.4,2.55,140,0.8929,158,0.7911,39600,155904,0.5469,0.6090,0,76848,0.2696,0.3749,0.8165,0.9839,2967,5764.4,,0.0000,
0001,千房直営,000003,第3エリア,069   ,有明ガーデン支店,2026/06/20,土,土曜,,雨,23.0,21.0,計,614915,550000,1.1180,0.8765,427092,1.4398,325,157,1892.0,6.63,265,1.2264,228,1.4254,97350,49604,0.0807,0.3996,0,131390,0.2137,0.3110,0.2943,0.7106,5361,6882.1,,0.0000,
0001,千房直営,000003,第3エリア,069   ,有明ガーデン支店,2026/06/21,日,日祝,,曇,26.0,22.0,計,618582,550000,1.1247,0.9354,430576,1.4366,282,128,2193.6,5.76,272,1.0368,219,1.2877,102300,,0.0000,0.2857,0,117632,0.1902,0.2766,0.1902,0.5622,4742,7826.8,,0.0000,
0001,千房直営,000003,第3エリア,069   ,有明ガーデン支店,2026/06/22,月,平日,,曇,26.0,21.0,計,203856,230000,0.8863,0.9309,131522,1.5500,87,44,2343.2,1.78,107,0.8131,60,1.4500,39600,99515,0.4882,0.3031,0,68225,0.3347,0.2816,0.8228,0.5846,2632,4647.2,,0.0000,
0001,千房直営,000003,第3エリア,069   ,有明ガーデン支店,2026/06/23,火,平日,,曇,23.0,19.0,計,187291,230000,0.8143,0.9213,166449,1.1252,84,41,2229.7,1.71,107,0.7850,80,1.0500,39600,103315,0.5516,0.3212,0,61916,0.3306,0.2851,0.8822,0.6064,2558,4393.1,,0.0000,
0001,千房直営,000003,第3エリア,069   ,有明ガーデン支店,2026/06/24,水,平日,,曇,25.0,19.0,計,214081,230000,0.9308,0.9220,219938,0.9734,94,44,2277.5,1.92,107,0.8785,109,0.8624,39600,143125,0.6686,0.3480,0,66308,0.3097,0.2870,0.9783,0.6351,2647,4852.6,,0.0000,
0001,千房直営,000003,第3エリア,069   ,有明ガーデン支店,2026/06/25,木,平日,,雨,22.0,20.0,計,261221,230000,1.1357,0.9372,197065,1.3256,90,47,2902.5,1.84,107,0.8411,132,0.6818,39600,97412,0.3729,0.3502,0,74347,0.2846,0.2868,0.6575,0.6370,2608,6009.7,,0.0000,
0001,千房直営,000003,第3エリア,069   ,有明ガーデン支店,2026/06/26,金,平日,,雨,25.0,20.0,計,265598,280000,0.9486,0.9381,302044,0.8793,110,54,2414.5,2.24,131,0.8397,134,0.8209,39600,113713,0.4281,0.3564,0,82027,0.3088,0.2886,0.7370,0.6450,2978,5351.2,,0.0000,
0001,千房直営,000003,第3エリア,069   ,有明ガーデン支店,2026/06/27,土,土曜,,雨,23.0,21.0,計,427129,550000,0.7766,0.9163,636622,0.6709,202,89,2114.5,4.12,265,0.7623,315,0.6413,97350,62175,0.1456,0.3323,0,112454,0.2633,0.2857,0.4088,0.6180,3896,6578.0,,0.0000,
0001,千房直営,000003,第3エリア,069   ,有明ガーデン支店,2026/06/28,日,日祝,,雨,23.0,20.0,計,574491,550000,1.0445,0.9315,643429,0.8929,295,119,1947.4,6.02,272,1.0846,334,0.8832,102300,,0.0000,0.2879,0,136346,0.2373,0.2792,0.2373,0.5672,4976,6927.1,,0.0000,
0001,千房直営,000003,第3エリア,069   ,有明ガーデン支店,2026/06/29,月,平日,,曇,26.0,20.0,計,174368,230000,0.7581,0.9233,160055,1.0894,73,30,2388.6,1.49,107,0.6822,77,0.9481,39600,110827,0.6356,0.3015,0,80060,0.4591,0.2863,1.0947,0.5877,2538,4122.2,,0.0000,
0001,千房直営,000003,第3エリア,069   ,有明ガーデン支店,2026/06/30,火,平日,,晴,28.0,22.0,計,152347,230000,0.6624,0.9115,376631,0.4045,66,40,2308.3,1.35,107,0.6168,162,0.4074,30000,56584,0.3714,0.3038,0,94980,0.6234,0.2973,0.9949,0.6011,3191,2864.6,,0.0000,
0001,千房直営,000002,第2エリア,071   ,イオンモール各務原インター支店,2026/06/15,月,平日,,曇,27.0,19.0,計,85459,80000,1.0682,1.0682,81412,1.0497,63,32,1356.5,1.34,59,1.0678,49,1.2857,0,10738,0.1257,0.1257,0,34848,0.4078,0.4078,0.5334,0.5334,1561,3284.8,,0.0000,
0001,千房直営,000002,第2エリア,071   ,イオンモール各務原インター支店,2026/06/16,火,平日,,晴,27.0,19.0,計,85094,70000,1.2156,1.1370,56940,1.4945,59,33,1442.3,1.26,51,1.1569,40,1.4750,0,46969,0.5520,0.3384,0,36053,0.4237,0.4157,0.9757,0.7541,1662,3072.0,,0.0000,
0001,千房直営,000002,第2エリア,071   ,イオンモール各務原インター支店,2026/06/17,水,平日,,曇,28.0,21.0,計,68759,80000,0.8595,1.0405,74070,0.9283,51,25,1348.2,1.09,59,0.8644,47,1.0851,0,5600,0.0814,0.2645,0,31354,0.4560,0.4273,0.5374,0.6918,1463,2819.9,,0.0000,
0001,千房直営,000002,第2エリア,071   ,イオンモール各務原インター支店,2026/06/18,木,平日,,曇,31.0,21.0,計,93272,70000,1.3325,1.1086,71941,1.2965,62,34,1504.4,1.32,51,1.2157,53,1.1698,0,54928,0.5889,0.3555,0,29751,0.3190,0.3969,0.9079,0.7524,1478,3786.4,,0.0000,
0001,千房直営,000002,第2エリア,071   ,イオンモール各務原インター支店,2026/06/19,金,平日,,晴,34.0,23.0,計,54977,80000,0.6872,1.0199,121595,0.4521,40,22,1374.4,0.85,59,0.6780,78,0.5128,0,50509,0.9187,0.4354,0,31274,0.5689,0.4213,1.4876,0.8567,1527,2160.2,,0.0000,
0001,千房直営,000002,第2エリア,071   ,イオンモール各務原インター支店,2026/06/20,土,土曜,,雨,25.0,21.0,計,235558,210000,1.1217,1.0561,208737,1.1285,163,68,1445.1,3.47,140,1.1643,139,1.1727,0,22033,0.0935,0.3062,0,61123,0.2595,0.3601,0.3530,0.6663,2914,4850.2,,0.0000,
0001,千房直営,000002,第2エリア,071   ,イオンモール各務原インター支店,2026/06/21,日,日祝,,曇,29.0,21.0,計,176704,210000,0.8414,0.9998,227973,0.7751,114,49,1550.0,2.43,140,0.8143,152,0.7500,0,,0.0000,0.2385,0,57468,0.3252,0.3524,0.3252,0.5909,2706,3918.0,,0.0000,
0001,千房直営,000002,第2エリア,071   ,イオンモール各務原インター支店,2026/06/22,月,平日,,晴,26.0,21.0,計,77405,80000,0.9676,0.9969,88415,0.8755,56,31,1382.2,1.19,59,0.9492,64,0.8750,0,49470,0.6391,0.2739,0,30761,0.3974,0.3564,1.0365,0.6303,1518,3059.5,,0.0000,
0001,千房直営,000002,第2エリア,071   ,イオンモール各務原インター支店,2026/06/23,火,平日,,晴,26.0,20.0,計,102576,70000,1.4654,1.0314,71402,1.4366,70,38,1465.4,1.49,51,1.3725,52,1.3462,0,22077,0.2152,0.2677,0,34089,0.3323,0.3539,0.5476,0.6216,1555,3957.9,,0.0000,
0001,千房直営,000002,第2エリア,071   ,イオンモール各務原インター支店,2026/06/24,水,平日,,曇,25.0,21.0,計,69276,80000,0.8660,1.0185,91330,0.7585,50,27,1385.5,1.06,59,0.8475,61,0.8197,0,32830,0.4739,0.2813,0,35187,0.5079,0.3640,0.9818,0.6454,1620,2565.8,,0.0000,
0001,千房直営,000002,第2エリア,071   ,イオンモール各務原インター支店,2026/06/25,木,平日,,雨,22.0,20.0,計,92155,70000,1.3165,1.0375,71597,1.2871,69,39,1335.6,1.47,51,1.3529,51,1.3529,0,6312,0.0685,0.2642,0,36293,0.3938,0.3664,0.4623,0.6306,1728,3199.8,,0.0000,
0001,千房直営,000002,第2エリア,071   ,イオンモール各務原インター支店,2026/06/26,金,平日,,雨,24.0,21.0,計,84525,80000,1.0566,1.0388,65443,1.2916,61,34,1385.7,1.30,59,1.0339,49,1.2449,0,52311,0.6189,0.2886,0,35560,0.4207,0.3702,1.0396,0.6588,1758,2884.8,,0.0000,
0001,千房直営,000002,第2エリア,071   ,イオンモール各務原インター支店,2026/06/27,土,土曜,,曇,24.0,20.0,計,182374,200000,0.9119,1.0204,209465,0.8707,122,60,1494.9,2.60,133,0.9173,123,0.9919,0,16074,0.0881,0.2627,0,53340,0.2925,0.3601,0.3806,0.6228,2573,4252.8,,0.0000,
0001,千房直営,000002,第2エリア,071   ,イオンモール各務原インター支店,2026/06/28,日,日祝,,晴,27.0,21.0,計,266563,200000,1.3328,1.0599,243158,1.0963,166,66,1605.8,3.53,148,1.1216,165,1.0061,0,19660,0.0738,0.2326,0,60165,0.2257,0.3387,0.2995,0.5713,2823,5665.5,,0.0000,
0001,千房直営,000002,第2エリア,071   ,イオンモール各務原インター支店,2026/06/29,月,平日,,曇,31.0,21.0,計,69228,80000,0.8654,1.0506,66148,1.0466,50,29,1384.6,1.06,59,0.8475,48,1.0417,0,19349,0.2795,0.2344,0,39766,0.5744,0.3481,0.8539,0.5825,1742,2384.4,,0.0000,
0001,千房直営,000002,第2エリア,071   ,イオンモール各務原インター支店,2026/06/30,火,平日,,晴,31.0,22.0,計,71878,80000,0.8985,1.0436,180873,0.3974,48,29,1497.5,1.02,59,0.8136,122,0.3934,0,7454,0.1037,0.2293,0,36978,0.5145,0.3547,0.6182,0.5839,1569,2748.7,,0.0000,
0001,千房直営,600000,本社,078   ,Chibo`s Kitchen 阪神梅田店,2026/06/15,月,平日,,曇,28.0,20.0,計,,,,,,,,,,,,,,,,,,,,0,,,,,0,,,,
0001,千房直営,600000,本社,078   ,Chibo`s Kitchen 阪神梅田店,2026/06/16,火,平日,,晴,27.0,20.0,計,,,,,,,,,,,,,,,,,,,,0,,,,,0,,,,
0001,千房直営,600000,本社,078   ,Chibo`s Kitchen 阪神梅田店,2026/06/17,水,平日,,曇,28.0,22.0,計,,,,,,,,,,,,,,,,,,,,0,,,,,0,,,,
0001,千房直営,600000,本社,078   ,Chibo`s Kitchen 阪神梅田店,2026/06/18,木,平日,,晴,29.0,21.0,計,,,,,,,,,,,,,,,,,,,,0,,,,,0,,,,
0001,千房直営,600000,本社,078   ,Chibo`s Kitchen 阪神梅田店,2026/06/19,金,平日,,晴,31.0,23.0,計,,,,,,,,,,,,,,,,,,,,0,,,,,0,,,,
0001,千房直営,600000,本社,078   ,Chibo`s Kitchen 阪神梅田店,2026/06/20,土,土曜,,雨,26.0,23.0,計,,,,,,,,,,,,,,,,,,,,0,,,,,0,,,,
0001,千房直営,600000,本社,078   ,Chibo`s Kitchen 阪神梅田店,2026/06/21,日,日祝,,曇,29.0,24.0,計,,,,,,,,,,,,,,,,,,,,0,,,,,0,,,,
0001,千房直営,600000,本社,078   ,Chibo`s Kitchen 阪神梅田店,2026/06/22,月,平日,,雨,25.0,22.0,計,,,,,,,,,,,,,,,,,,,,0,,,,,0,,,,
0001,千房直営,600000,本社,078   ,Chibo`s Kitchen 阪神梅田店,2026/06/23,火,平日,,晴,25.0,21.0,計,,,,,,,,,,,,,,,,,,,,0,,,,,0,,,,
0001,千房直営,600000,本社,078   ,Chibo`s Kitchen 阪神梅田店,2026/06/24,水,平日,,雨,23.0,20.0,計,,,,,,,,,,,,,,,,,,,,0,,,,,0,,,,
0001,千房直営,600000,本社,078   ,Chibo`s Kitchen 阪神梅田店,2026/06/25,木,平日,,雨,23.0,20.0,計,,,,,,,,,,,,,,,,,,,,0,,,,,0,,,,
0001,千房直営,600000,本社,078   ,Chibo`s Kitchen 阪神梅田店,2026/06/26,金,平日,,雨,23.0,20.0,計,,,,,,,,,,,,,,,,,,,,0,,,,,0,,,,
0001,千房直営,600000,本社,078   ,Chibo`s Kitchen 阪神梅田店,2026/06/27,土,土曜,,曇,25.0,20.0,計,,,,,,,,,,,,,,,,,,,,0,,,,,0,,,,
0001,千房直営,600000,本社,078   ,Chibo`s Kitchen 阪神梅田店,2026/06/28,日,日祝,,曇,28.0,20.0,計,,,,,,,,,,,,,,,,,,,,0,,,,,0,,,,
0001,千房直営,600000,本社,078   ,Chibo`s Kitchen 阪神梅田店,2026/06/29,月,平日,,晴,31.0,23.0,計,,,,,,,,,,,,,,,,,,,,0,,,,,0,,,,
0001,千房直営,600000,本社,078   ,Chibo`s Kitchen 阪神梅田店,2026/06/30,火,平日,,晴,30.0,24.0,計,,,,,,,,,,,,,,,,,,,,0,,,,,0,,,,
0001,千房直営,600000,本社,1000  ,本社,2026/06/15,月,平日,,曇,28.0,20.0,計,,,,,,,,,,,,,,,,,,,,0,,,,,0,,,,
0001,千房直営,600000,本社,1000  ,本社,2026/06/16,火,平日,,晴,26.0,20.0,計,,,,,,,,,,,,,,,,,,,,0,,,,,0,,,,
0001,千房直営,600000,本社,1000  ,本社,2026/06/17,水,平日,,曇,28.0,22.0,計,,,,,,,,,,,,,,,,,,,,0,,,,,0,,,,
0001,千房直営,600000,本社,1000  ,本社,2026/06/18,木,平日,,晴,29.0,21.0,計,,,,,,,,,,,,,,,,,,,,0,,,,,0,,,,
0001,千房直営,600000,本社,1000  ,本社,2026/06/19,金,平日,,晴,31.0,23.0,計,,,,,,,,,,,,,,,,,,,,0,,,,,0,,,,
0001,千房直営,600000,本社,1000  ,本社,2026/06/20,土,土曜,,雨,26.0,24.0,計,,,,,,,,,,,,,,,,,,,,0,,,,,0,,,,
0001,千房直営,600000,本社,1000  ,本社,2026/06/21,日,日祝,,曇,29.0,24.0,計,,,,,,,,,,,,,,,,,,,,0,,,,,0,,,,
0001,千房直営,600000,本社,1000  ,本社,2026/06/22,月,平日,,雨,25.0,22.0,計,,,,,,,,,,,,,,,,,,,,0,,,,,0,,,,
0001,千房直営,600000,本社,1000  ,本社,2026/06/23,火,平日,,晴,25.0,21.0,計,,,,,,,,,,,,,,,,,,,,0,,,,,0,,,,
0001,千房直営,600000,本社,1000  ,本社,2026/06/24,水,平日,,雨,23.0,20.0,計,,,,,,,,,,,,,,,,,,,,0,,,,,0,,,,
0001,千房直営,600000,本社,1000  ,本社,2026/06/25,木,平日,,雨,23.0,20.0,計,,,,,,,,,,,,,,,,,,,,0,,,,,0,,,,
0001,千房直営,600000,本社,1000  ,本社,2026/06/26,金,平日,,雨,24.0,20.0,計,,,,,,,,,,,,,,,,,,,,0,,,,,0,,,,
0001,千房直営,600000,本社,1000  ,本社,2026/06/27,土,土曜,,曇,25.0,20.0,計,,,,,,,,,,,,,,,,,,,,0,,,,,0,,,,
0001,千房直営,600000,本社,1000  ,本社,2026/06/28,日,日祝,,曇,28.0,20.0,計,,,,,,,,,,,,,,,,,,,,0,,,,,0,,,,
0001,千房直営,600000,本社,1000  ,本社,2026/06/29,月,平日,,晴,31.0,23.0,計,,,,,,,,,,,,,,,,,,,,0,,,,,0,,,,
0001,千房直営,600000,本社,1000  ,本社,2026/06/30,火,平日,,晴,29.0,24.0,計,,,,,,,,,,,,,,,,,,,,0,,,,,0,,,,
0001,千房直営,000004,第4エリア,101   ,ぷれじでんと南本店,2026/06/15,月,平日,,曇,28.0,20.0,計,134662,250000,0.5386,0.5386,244809,0.5501,16,5,8416.4,0.55,23,0.6957,20,0.8000,0,51922,0.3856,0.3856,0,49692,0.3690,0.3690,0.7546,0.7546,2062,3918.4,,0.0000,
0001,千房直営,000004,第4エリア,101   ,ぷれじでんと南本店,2026/06/16,火,平日,,晴,27.0,21.0,計,46610,250000,0.1864,0.3625,240095,0.1941,6,3,7768.3,0.21,23,0.2609,25,0.2400,0,30018,0.6440,0.4520,0,33040,0.7089,0.4564,1.3529,0.9084,1409,1984.8,,0.0000,
0001,千房直営,000004,第4エリア,101   ,ぷれじでんと南本店,2026/06/17,水,平日,,曇,28.0,22.0,計,189163,250000,0.7567,0.4939,351604,0.5380,14,7,13511.6,0.48,23,0.6087,33,0.4242,0,26332,0.1392,0.2923,0,57783,0.3055,0.3793,0.4447,0.6716,2481,4574.7,,0.0000,
0001,千房直営,000004,第4エリア,101   ,ぷれじでんと南本店,2026/06/18,木,平日,,晴,29.0,21.0,計,244090,250000,0.9764,0.6145,337048,0.7242,28,9,8717.5,0.97,23,1.2174,37,0.7568,0,112963,0.4628,0.3600,0,62119,0.2545,0.3297,0.7173,0.6898,2547,5750.1,,0.0000,
0001,千房直営,000004,第4エリア,101   ,ぷれじでんと南本店,2026/06/19,金,平日,,晴,31.0,24.0,計,179090,340000,0.5267,0.5923,347740,0.5150,16,7,11193.1,0.55,31,0.5161,32,0.5000,0,158068,0.8826,0.4779,0,43830,0.2447,0.3106,1.1274,0.7885,1892,5679.4,,0.0000,
0001,千房直営,000004,第4エリア,101   ,ぷれじでんと南本店,2026/06/20,土,土曜,,雨,26.0,23.0,計,435660,340000,1.2814,0.7317,368801,1.1813,38,13,11464.7,1.31,31,1.2258,37,1.0270,0,38430,0.0882,0.3398,0,68073,0.1563,0.2559,0.2445,0.5957,2808,9309.0,,0.0000,
0001,千房直営,000004,第4エリア,101   ,ぷれじでんと南本店,2026/06/21,日,日祝,,曇,29.0,24.0,計,,0,,0.7317,,,,,,0,0,,,,0,,,0.3398,0,0,,0.2559,,0.5957,0,,,,
0001,千房直営,000004,第4エリア,101   ,ぷれじでんと南本店,2026/06/22,月,平日,,雨,25.0,22.0,計,237190,250000,0.9488,0.7598,71450,3.3197,27,8,8784.8,0.93,22,1.2273,8,3.3750,0,44347,0.1870,0.3151,0,56661,0.2389,0.2531,0.4259,0.5682,2442,5827.8,,0.0000,
0001,千房直営,000004,第4エリア,101   ,ぷれじでんと南本店,2026/06/23,火,平日,,晴,25.0,21.0,計,307941,250000,1.2318,0.8139,115552,2.6650,34,12,9057.1,1.17,22,1.5455,13,2.6154,0,39289,0.1276,0.2826,0,55217,0.1793,0.2403,0.3069,0.5229,2250,8211.8,,0.0000,
0001,千房直営,000004,第4エリア,101   ,ぷれじでんと南本店,2026/06/24,水,平日,,雨,23.0,20.0,計,246157,250000,0.9846,0.8315,216650,1.1362,18,9,13675.4,0.62,22,0.8182,20,0.9000,0,43975,0.1786,0.2699,0,51935,0.2110,0.2367,0.3896,0.5066,2161,6834.5,,0.0000,
0001,千房直営,000004,第4エリア,101   ,ぷれじでんと南本店,2026/06/25,木,平日,,雨,23.0,20.0,計,311938,250000,1.2478,0.8703,243930,1.2788,23,7,13562.5,0.79,22,1.0455,19,1.2105,0,47446,0.1521,0.2541,0,45736,0.1466,0.2247,0.2987,0.4788,1962,9539.4,,0.0000,
0001,千房直営,000004,第4エリア,101   ,ぷれじでんと南本店,2026/06/26,金,平日,,雨,23.0,20.0,計,131900,340000,0.3879,0.8160,356242,0.3703,11,4,11990.9,0.38,31,0.3548,35,0.3143,0,40945,0.3104,0.2572,0,59577,0.4517,0.2368,0.7621,0.4940,2355,3360.5,,0.0000,
0001,千房直営,000004,第4エリア,101   ,ぷれじでんと南本店,2026/06/27,土,土曜,,曇,25.0,20.0,計,191160,340000,0.5622,0.7903,359660,0.5315,18,6,10620.0,0.62,31,0.5806,42,0.4286,0,20345,0.1064,0.2463,0,60506,0.3165,0.2426,0.4229,0.4889,2281,5028.3,,0.0000,
0001,千房直営,000004,第4エリア,101   ,ぷれじでんと南本店,2026/06/28,日,日祝,,曇,28.0,20.0,計,,0,,0.7903,,,,,,0,0,,,,0,10808,,0.2504,0,0,,0.2426,,0.4929,0,,,,
0001,千房直営,000004,第4エリア,101   ,ぷれじでんと南本店,2026/06/29,月,平日,,晴,31.0,24.0,計,129950,250000,0.5198,0.7716,339773,0.3825,19,8,6839.5,0.66,22,0.8636,29,0.6552,0,28638,0.2204,0.2490,0,65091,0.5009,0.2546,0.7213,0.5036,2325,3353.5,,0.0000,
0001,千房直営,000004,第4エリア,101   ,ぷれじでんと南本店,2026/06/30,火,平日,,晴,30.0,24.0,計,269208,250000,1.0768,0.7914,,,20,5,13460.4,0.69,22,0.9091,,,0,76927,0.2858,0.2522,0,66300,0.2463,0.2539,0.5320,0.5061,2404,6719.0,,0.0000,
0001,千房直営,000004,第4エリア,102   ,ぷれじでんと北店,2026/06/15,月,平日,,曇,28.0,20.0,計,322188,350000,0.9205,0.9205,447319,0.7203,24,9,13424.5,0.77,31,0.7742,38,0.6316,0,77231,0.2397,0.2397,0,102603,0.3185,0.3185,0.5582,0.5582,4003,4829.2,,0.0000,
0001,千房直営,000004,第4エリア,102   ,ぷれじでんと北店,2026/06/16,火,平日,,晴,27.0,20.0,計,141690,350000,0.4048,0.6627,324640,0.4365,12,4,11807.5,0.39,31,0.3871,28,0.4286,0,103888,0.7332,0.3904,0,58282,0.4113,0.3468,1.1445,0.7373,2315,3672.3,,0.0000,
0001,千房直営,000004,第4エリア,102   ,ぷれじでんと北店,2026/06/17,水,平日,,曇,28.0,22.0,計,414234,350000,1.1835,0.8363,351654,1.1780,32,10,12944.8,1.03,31,1.0323,29,1.1034,0,40225,0.0971,0.2521,0,98211,0.2371,0.2951,0.3342,0.5471,3836,6479.2,,0.0000,
0001,千房直営,000004,第4エリア,102   ,ぷれじでんと北店,2026/06/18,木,平日,,晴,29.0,21.0,計,442629,400000,1.1066,0.9109,249030,1.7774,33,10,13413.0,1.06,35,0.9429,27,1.2222,0,149177,0.3370,0.2805,0,109373,0.2471,0.2790,0.5841,0.5595,4323,6143.4,,0.0000,
0001,千房直営,000004,第4エリア,102   ,ぷれじでんと北店,2026/06/19,金,平日,,晴,31.0,23.0,計,584655,450000,1.2992,1.0028,323256,1.8086,47,14,12439.5,1.52,39,1.2051,33,1.4242,0,88475,0.1513,0.2409,0,116218,0.1988,0.2544,0.3501,0.4953,4461,7863.6,,0.0000,
0001,千房直営,000004,第4エリア,102   ,ぷれじでんと北店,2026/06/20,土,土曜,,雨,26.0,23.0,計,393309,350000,1.1237,1.0216,411552,0.9557,30,8,13110.3,0.97,31,0.9677,47,0.6383,0,61531,0.1564,0.2264,0,83312,0.2118,0.2471,0.3683,0.4735,3313,7123.0,,0.0000,
0001,千房直営,000004,第4エリア,102   ,ぷれじでんと北店,2026/06/21,日,日祝,,曇,29.0,24.0,計,,0,,1.0216,,,,,,0,0,,,,0,,,0.2264,0,0,,0.2471,,0.4735,0,,,,
0001,千房直営,000004,第4エリア,102   ,ぷれじでんと北店,2026/06/22,月,平日,,雨,25.0,22.0,計,411220,350000,1.1749,1.0423,225680,1.8221,35,11,11749.1,1.13,31,1.1290,15,2.3333,0,170462,0.4145,0.2550,0,95571,0.2324,0.2449,0.6469,0.4999,3711,6648.7,,0.0000,
0001,千房直営,000004,第4エリア,102   ,ぷれじでんと北店,2026/06/23,火,平日,,晴,25.0,21.0,計,85405,350000,0.2440,0.9476,238110,0.3587,9,5,9489.4,0.29,31,0.2903,20,0.4500,0,157449,1.8436,0.3035,0,59705,0.6991,0.2587,2.5426,0.5623,2299,2228.9,,0.0000,
0001,千房直営,000004,第4エリア,102   ,ぷれじでんと北店,2026/06/24,水,平日,,雨,23.0,20.0,計,254129,400000,0.6353,0.9103,434998,0.5842,18,6,14118.3,0.58,35,0.5143,34,0.5294,0,59919,0.2358,0.2979,0,85525,0.3365,0.2652,0.5723,0.5631,3375,4517.8,,0.0000,
0001,千房直営,000004,第4エリア,102   ,ぷれじでんと北店,2026/06/25,木,平日,,雨,23.0,20.0,計,521101,400000,1.3028,0.9521,340908,1.5286,42,10,12407.2,1.35,35,1.2000,25,1.6800,0,107201,0.2057,0.2844,0,110244,0.2116,0.2574,0.4173,0.5418,4156,7523.1,,0.0000,
0001,千房直営,000004,第4エリア,102   ,ぷれじでんと北店,2026/06/26,金,平日,,雨,23.0,20.0,計,200689,450000,0.4460,0.8979,499170,0.4020,15,6,13379.3,0.48,39,0.3846,51,0.2941,0,133555,0.6655,0.3047,0,77266,0.3850,0.2642,1.0505,0.5689,2963,4063.9,,0.0000,
0001,千房直営,000004,第4エリア,102   ,ぷれじでんと北店,2026/06/27,土,土曜,,曇,25.0,20.0,計,384380,350000,1.0982,0.9133,609038,0.6311,38,14,10115.3,1.23,31,1.2258,54,0.7037,0,40333,0.1049,0.2862,0,104890,0.2729,0.2650,0.3778,0.5512,3639,6337.7,,0.0000,
0001,千房直営,000004,第4エリア,102   ,ぷれじでんと北店,2026/06/28,日,日祝,,曇,28.0,20.0,計,,0,,0.9133,,,,,,0,0,,,,0,,,0.2862,0,0,,0.2650,,0.5512,0,,,,
0001,千房直営,000004,第4エリア,102   ,ぷれじでんと北店,2026/06/29,月,平日,,晴,31.0,23.0,計,212645,400000,0.5316,0.8825,335257,0.6343,18,7,11813.6,0.58,35,0.5143,29,0.6207,0,45748,0.2151,0.2828,0,80129,0.3768,0.2704,0.5920,0.5532,2893,4410.2,,0.0000,
0001,千房直営,000004,第4エリア,102   ,ぷれじでんと北店,2026/06/30,火,平日,,晴,30.0,24.0,計,340414,450000,0.7565,0.8720,,,24,7,14183.9,0.77,40,0.6000,,,0,99386,0.2920,0.2834,0,87262,0.2563,0.2694,0.5483,0.5528,3066,6661.7,,0.0000,
0001,千房直営,000004,第4エリア,103   ,ぷれじでんとシェラトン都ホテル大阪店,2026/06/15,月,平日,,曇,28.0,20.0,計,,0,,,,,,,,0,0,,,,0,,,,0,0,,,,,0,,,,
0001,千房直営,000004,第4エリア,103   ,ぷれじでんとシェラトン都ホテル大阪店,2026/06/16,火,平日,,晴,26.0,20.0,計,554955,400000,1.3874,1.3874,651444,0.8519,38,9,14604.1,0.88,0,,66,0.5758,0,277782,0.5005,0.5005,0,127054,0.2289,0.2289,0.7295,0.7295,5112,6513.6,,0.0000,
0001,千房直営,000004,第4エリア,103   ,ぷれじでんとシェラトン都ホテル大阪店,2026/06/17,水,平日,,曇,28.0,22.0,計,254527,400000,0.6363,1.0119,412180,0.6175,41,17,6208.0,0.95,0,,51,0.8039,0,52331,0.2056,0.4078,0,112408,0.4416,0.2958,0.6472,0.7036,4613,3310.6,,0.0000,
0001,千房直営,000004,第4エリア,103   ,ぷれじでんとシェラトン都ホテル大阪店,2026/06/18,木,平日,,晴,28.0,21.0,計,408939,360000,1.1359,1.0504,263151,1.5540,43,15,9510.2,1.00,0,,37,1.1622,0,113641,0.2779,0.3642,0,101477,0.2481,0.2798,0.5260,0.6440,4070,6028.6,,0.0000,
0001,千房直営,000004,第4エリア,103   ,ぷれじでんとシェラトン都ホテル大阪店,2026/06/19,金,平日,,晴,30.0,23.0,計,270708,650000,0.4165,0.8227,464607,0.5827,50,20,5414.2,1.16,0,,73,0.6849,0,255119,0.9424,0.4693,0,116500,0.4304,0.3072,1.3728,0.7765,4784,3395.2,,0.0000,
0001,千房直営,000004,第4エリア,103   ,ぷれじでんとシェラトン都ホテル大阪店,2026/06/20,土,土曜,,雨,26.0,23.0,計,758856,850000,0.8928,0.8451,631361,1.2019,107,32,7092.1,2.49,0,,82,1.3049,0,260515,0.3433,0.4268,0,167240,0.2204,0.2779,0.5637,0.7047,6810,6686.0,,0.0000,
0001,千房直営,000004,第4エリア,103   ,ぷれじでんとシェラトン都ホテル大阪店,2026/06/21,日,日祝,,曇,28.0,24.0,計,902707,700000,1.2896,0.9377,492789,1.8318,98,27,9211.3,2.28,0,,77,1.2727,0,16320,0.0181,0.3097,0,183031,0.2028,0.2564,0.2208,0.5660,7534,7189.1,,0.0000,
0001,千房直営,000004,第4エリア,103   ,ぷれじでんとシェラトン都ホテル大阪店,2026/06/22,月,平日,,雨,25.0,22.0,計,,0,,0.9377,,,,,,0,0,,,,0,,,0.3097,0,0,,0.2564,,0.5660,0,,,,
0001,千房直営,000004,第4エリア,103   ,ぷれじでんとシェラトン都ホテル大阪店,2026/06/23,火,平日,,晴,25.0,20.0,計,197696,360000,0.5492,0.9001,361384,0.5471,39,19,5069.1,0.91,0,,32,1.2188,0,229475,1.1607,0.3599,0,114337,0.5783,0.2754,1.7391,0.6353,4591,2583.7,,0.0000,
0001,千房直営,000004,第4エリア,103   ,ぷれじでんとシェラトン都ホテル大阪店,2026/06/24,水,平日,,雨,23.0,20.0,計,381992,360000,1.0611,0.9143,444640,0.8591,62,24,6161.2,1.44,0,,59,1.0508,0,40713,0.1066,0.3340,0,121843,0.3190,0.2798,0.4255,0.6138,4995,4588.5,,0.0000,
0001,千房直営,000004,第4エリア,103   ,ぷれじでんとシェラトン都ホテル大阪店,2026/06/25,木,平日,,雨,23.0,20.0,計,392309,360000,1.0897,0.9285,411967,0.9523,43,16,9123.5,1.00,0,,47,0.9149,0,163657,0.4172,0.3419,0,125890,0.3209,0.2837,0.7381,0.6256,4981,4725.7,,0.0000,
0001,千房直営,000004,第4エリア,103   ,ぷれじでんとシェラトン都ホテル大阪店,2026/06/26,金,平日,,雨,23.0,20.0,計,399706,650000,0.6149,0.8885,348120,1.1482,55,21,7267.4,1.28,0,,54,1.0185,0,186265,0.4660,0.3529,0,104454,0.2613,0.2818,0.7273,0.6346,4154,5773.3,,0.0000,
0001,千房直営,000004,第4エリア,103   ,ぷれじでんとシェラトン都ホテル大阪店,2026/06/27,土,土曜,,曇,24.0,20.0,計,637367,850000,0.7498,0.8686,878698,0.7254,84,21,7587.7,1.95,0,,97,0.8660,0,171495,0.2691,0.3425,0,183100,0.2873,0.2824,0.5563,0.6250,6801,5623.0,,0.0000,
0001,千房直営,000004,第4エリア,103   ,ぷれじでんとシェラトン都ホテル大阪店,2026/06/28,日,日祝,,曇,28.0,20.0,計,680674,700000,0.9724,0.8796,857382,0.7939,85,33,8007.9,1.98,0,,118,0.7203,0,30246,0.0444,0.3078,0,169693,0.2493,0.2786,0.2937,0.5864,6110,6684.2,,0.0000,
0001,千房直営,000004,第4エリア,103   ,ぷれじでんとシェラトン都ホテル大阪店,2026/06/29,月,平日,,晴,31.0,23.0,計,,0,,0.8796,,,,,,0,0,,,,0,,,0.3078,0,0,,0.2786,,0.5864,0,,,,
0001,千房直営,000004,第4エリア,103   ,ぷれじでんとシェラトン都ホテル大阪店,2026/06/30,火,平日,,晴,29.0,23.0,計,145680,360000,0.4047,0.8552,663004,0.2197,21,10,6937.1,0.49,0,,85,0.2471,0,247105,1.6962,0.3416,0,112815,0.7744,0.2906,2.4706,0.6322,4247,2058.1,,0.0000,
0001,千房直営,000004,第4エリア,109   ,ぷれじでんとオー・エム・ホテル日航ビル店,2026/06/15,月,平日,,曇,28.0,20.0,計,,0,,,,,,,,0,0,,,,0,48250,,,0,0,,,,,0,,,,
0001,千房直営,000004,第4エリア,109   ,ぷれじでんとオー・エム・ホテル日航ビル店,2026/06/16,火,平日,,晴,27.0,21.0,計,225299,300000,0.7510,0.7510,448672,0.5021,35,15,6437.1,1.25,40,0.8750,53,0.6604,0,118656,0.5267,0.7408,0,81722,0.3627,0.3627,0.8894,1.1035,3401,3974.7,,0.0000,
0001,千房直営,000004,第4エリア,109   ,ぷれじでんとオー・エム・ホテル日航ビル店,2026/06/17,水,平日,,曇,28.0,22.0,計,279035,300000,0.9301,0.8406,408790,0.6826,48,21,5813.2,1.71,40,1.2000,37,1.2973,0,70815,0.2538,0.4714,0,78369,0.2809,0.3174,0.5346,0.7888,3219,5201.0,,0.0000,
0001,千房直営,000004,第4エリア,109   ,ぷれじでんとオー・エム・ホテル日航ビル店,2026/06/18,木,平日,,晴,29.0,21.0,計,237660,350000,0.6790,0.7810,368505,0.6449,32,15,7426.9,1.14,45,0.7111,42,0.7619,0,96377,0.4055,0.4503,0,60407,0.2542,0.2972,0.6597,0.7474,2450,5820.2,,0.0000,
0001,千房直営,000004,第4エリア,109   ,ぷれじでんとオー・エム・ホテル日航ビル店,2026/06/19,金,平日,,晴,31.0,24.0,計,454037,350000,1.2972,0.9200,295475,1.5366,64,20,7094.3,2.29,45,1.4222,41,1.5610,0,58476,0.1288,0.3282,0,108402,0.2388,0.2750,0.3675,0.6032,4378,6222.5,,0.0000,
0001,千房直営,000004,第4エリア,109   ,ぷれじでんとオー・エム・ホテル日航ビル店,2026/06/20,土,土曜,,雨,26.0,23.0,計,347199,600000,0.5787,0.8122,479792,0.7236,47,23,7387.2,1.68,75,0.6267,47,1.0000,0,217471,0.6264,0.3953,0,82011,0.2362,0.2663,0.8626,0.6616,3318,6278.5,,0.0000,
0001,千房直営,000004,第4エリア,109   ,ぷれじでんとオー・エム・ホテル日航ビル店,2026/06/21,日,日祝,,曇,29.0,24.0,計,384528,550000,0.6991,0.7868,517109,0.7436,55,19,6991.4,1.96,70,0.7857,75,0.7333,0,16968,0.0441,0.3253,0,109332,0.2843,0.2699,0.3285,0.5951,4469,5162.6,,0.0000,
0001,千房直営,000004,第4エリア,109   ,ぷれじでんとオー・エム・ホテル日航ビル店,2026/06/22,月,平日,,雨,25.0,22.0,計,,0,,0.7868,,,,,,0,0,,,,0,780,,0.3257,0,0,,0.2699,,0.5955,0,,,,
0001,千房直営,000004,第4エリア,109   ,ぷれじでんとオー・エム・ホテル日航ビル店,2026/06/23,火,平日,,晴,25.0,21.0,計,269276,300000,0.8976,0.7989,141662,1.9008,39,17,6904.5,1.39,35,1.1143,29,1.3448,0,202975,0.7538,0.3781,0,73339,0.2724,0.2702,1.0261,0.6483,3021,5348.1,,0.0000,
0001,千房直営,000004,第4エリア,109   ,ぷれじでんとオー・エム・ホテル日航ビル店,2026/06/24,水,平日,,雨,23.0,20.0,計,303775,300000,1.0126,0.8199,314575,0.9657,44,19,6904.0,1.57,35,1.2571,34,1.2941,0,32763,0.1079,0.3453,0,90305,0.2973,0.2735,0.4051,0.6188,3738,4876.0,,0.0000,
0001,千房直営,000004,第4エリア,109   ,ぷれじでんとオー・エム・ホテル日航ビル店,2026/06/25,木,平日,,雨,23.0,20.0,計,284132,350000,0.8118,0.8191,246991,1.1504,34,15,8356.8,1.21,40,0.8500,31,1.0968,0,63644,0.2240,0.3329,0,92409,0.3252,0.2787,0.5492,0.6117,3684,4627.6,,0.0000,
0001,千房直営,000004,第4エリア,109   ,ぷれじでんとオー・エム・ホテル日航ビル店,2026/06/26,金,平日,,雨,23.0,20.0,計,305909,350000,0.8740,0.8242,268607,1.1389,42,15,7283.5,1.50,45,0.9333,41,1.0244,0,160327,0.5241,0.3518,0,94375,0.3085,0.2817,0.8326,0.6335,3875,4736.7,,0.0000,
0001,千房直営,000004,第4エリア,109   ,ぷれじでんとオー・エム・ホテル日航ビル店,2026/06/27,土,土曜,,曇,25.0,20.0,計,386622,600000,0.6444,0.7994,747126,0.5175,46,21,8404.8,1.64,70,0.6571,62,0.7419,0,95701,0.2475,0.3402,0,97044,0.2510,0.2783,0.4985,0.6185,4047,5732.0,,0.0000,
0001,千房直営,000004,第4エリア,109   ,ぷれじでんとオー・エム・ホテル日航ビル店,2026/06/28,日,日祝,,曇,28.0,20.0,計,780513,550000,1.4191,0.8690,437871,1.7825,83,29,9403.8,2.96,65,1.2769,66,1.2576,0,15752,0.0202,0.2816,0,141894,0.1818,0.2606,0.2020,0.5422,5452,8589.7,,0.0000,
0001,千房直営,000004,第4エリア,109   ,ぷれじでんとオー・エム・ホテル日航ビル店,2026/06/29,月,平日,,晴,31.0,24.0,計,,0,,0.8690,,,,,,0,0,,,,0,,,0.2816,0,0,,0.2606,,0.5422,0,,,,
0001,千房直営,000004,第4エリア,109   ,ぷれじでんとオー・エム・ホテル日航ビル店,2026/06/30,火,平日,,晴,30.0,24.0,計,161666,300000,0.5389,0.8499,786646,0.2055,26,12,6217.9,0.93,35,0.7429,78,0.3333,0,164424,1.0171,0.3085,0,90498,0.5598,0.2715,1.5768,0.5800,3160,3069.6,,0.0000,
0001,千房直営,000004,第4エリア,111   ,ぷれじでんと大丸心斎橋店,2026/06/15,月,平日,,曇,28.0,20.0,計,353957,400000,0.8849,0.8849,515817,0.6862,58,22,6102.7,1.71,50,1.1600,64,0.9063,125600,202952,0.5734,0.5734,0,118280,0.3342,0.3342,0.9075,0.9075,4797,4427.2,,0.0000,
0001,千房直営,000004,第4エリア,111   ,ぷれじでんと大丸心斎橋店,2026/06/16,火,平日,,晴,27.0,21.0,計,340241,400000,0.8506,0.8677,391010,0.8702,56,24,6075.7,1.65,50,1.1200,60,0.9333,125600,64944,0.1909,0.3859,0,83585,0.2457,0.2908,0.4365,0.6767,3508,5819.4,,0.0000,
0001,千房直営,000004,第4エリア,111   ,ぷれじでんと大丸心斎橋店,2026/06/17,水,平日,,曇,28.0,22.0,計,446913,400000,1.1173,0.9509,288571,1.5487,73,22,6122.1,2.15,50,1.4600,52,1.4038,125600,79706,0.1783,0.3046,0,102521,0.2294,0.2667,0.4077,0.5714,4179,6416.6,,0.0000,
0001,千房直営,000004,第4エリア,111   ,ぷれじでんと大丸心斎橋店,2026/06/18,木,平日,,晴,29.0,21.0,計,364582,400000,0.9115,0.9411,420693,0.8666,64,26,5696.6,1.88,50,1.2800,52,1.2308,125600,162249,0.4450,0.3386,0,119694,0.3283,0.2817,0.7733,0.6203,4904,4460.6,,0.0000,
0001,千房直営,000004,第4エリア,111   ,ぷれじでんと大丸心斎橋店,2026/06/19,金,平日,,晴,31.0,24.0,計,390902,450000,0.8687,0.9252,523176,0.7472,69,28,5665.2,2.03,56,1.2321,76,0.9079,125600,129316,0.3308,0.3370,0,120701,0.3088,0.2872,0.6396,0.6242,4800,4886.3,,0.0000,
0001,千房直営,000004,第4エリア,111   ,ぷれじでんと大丸心斎橋店,2026/06/20,土,土曜,,雨,26.0,23.0,計,591053,750000,0.7881,0.8884,824054,0.7173,92,41,6424.5,2.71,93,0.9892,122,0.7541,251250,129413,0.2190,0.3090,0,156736,0.2652,0.2820,0.4841,0.5910,6359,5576.8,,0.0000,
0001,千房直営,000004,第4エリア,111   ,ぷれじでんと大丸心斎橋店,2026/06/21,日,日祝,,曇,29.0,24.0,計,609204,750000,0.8123,0.8724,680438,0.8953,90,33,6768.9,2.65,94,0.9574,96,0.9375,251533,10980,0.0180,0.2517,0,153594,0.2521,0.2761,0.2701,0.5278,5987,6105.3,,0.0000,
0001,千房直営,000004,第4エリア,111   ,ぷれじでんと大丸心斎橋店,2026/06/22,月,平日,,雨,25.0,22.0,計,125009,400000,0.3125,0.8157,376511,0.3320,25,10,5000.4,0.74,50,0.5000,55,0.4545,125600,178352,1.4267,0.2973,0,102959,0.8236,0.2974,2.2503,0.5947,4161,1802.6,,0.0000,
0001,千房直営,000004,第4エリア,111   ,ぷれじでんと大丸心斎橋店,2026/06/23,火,平日,,晴,25.0,21.0,計,224217,400000,0.5605,0.7922,259558,0.8638,50,20,4484.3,1.47,50,1.0000,37,1.3514,125600,90115,0.4019,0.3041,0,88609,0.3952,0.3037,0.7971,0.6079,3678,3657.7,,0.0000,
0001,千房直営,000004,第4エリア,111   ,ぷれじでんと大丸心斎橋店,2026/06/24,水,平日,,雨,23.0,20.0,計,517851,400000,1.2946,0.8345,346081,1.4963,60,26,8630.9,1.76,50,1.2000,55,1.0909,125600,110897,0.2141,0.2924,0,119215,0.2302,0.2941,0.4444,0.5865,4548,6831.8,,0.0000,
0001,千房直営,000004,第4エリア,111   ,ぷれじでんと大丸心斎橋店,2026/06/25,木,平日,,雨,23.0,20.0,計,435266,400000,1.0882,0.8542,297227,1.4644,62,26,7020.4,1.82,50,1.2400,53,1.1698,125600,106989,0.2458,0.2878,0,114941,0.2641,0.2912,0.5099,0.5789,4356,5995.4,,0.0000,
0001,千房直営,000004,第4エリア,111   ,ぷれじでんと大丸心斎橋店,2026/06/26,金,平日,,雨,23.0,20.0,計,423543,450000,0.9412,0.8612,326250,1.2982,58,23,7302.5,1.71,56,1.0357,55,1.0545,125600,213647,0.5044,0.3068,0,90603,0.2139,0.2844,0.7183,0.5912,3594,7070.8,,0.0000,
0001,千房直営,000004,第4エリア,111   ,ぷれじでんと大丸心斎橋店,2026/06/27,土,土曜,,曇,25.0,20.0,計,655571,750000,0.8741,0.8627,705752,0.9289,100,40,6555.7,2.94,93,1.0753,95,1.0526,251250,134547,0.2052,0.2946,0,169296,0.2582,0.2812,0.4635,0.5759,6278,6265.4,,0.0000,
0001,千房直営,000004,第4エリア,111   ,ぷれじでんと大丸心斎橋店,2026/06/28,日,日祝,,曇,28.0,20.0,計,730631,750000,0.9742,0.8745,732155,0.9979,105,42,6958.4,3.09,94,1.1170,102,1.0294,251533,7708,0.0106,0.2612,0,170543,0.2334,0.2756,0.2440,0.5368,6009,7295.4,,0.0000,
0001,千房直営,000004,第4エリア,111   ,ぷれじでんと大丸心斎橋店,2026/06/29,月,平日,,晴,31.0,24.0,計,423828,400000,1.0596,0.8844,449336,0.9432,58,19,7307.4,1.71,50,1.1600,59,0.9831,125600,193667,0.4569,0.2737,0,113381,0.2675,0.2751,0.7245,0.5488,4214,6034.6,,0.0000,
0001,千房直営,000004,第4エリア,111   ,ぷれじでんと大丸心斎橋店,2026/06/30,火,平日,,晴,30.0,24.0,計,421652,400000,1.0541,0.8930,585199,0.7205,66,25,6388.7,1.94,50,1.3200,80,0.8250,125600,,0.0000,0.2574,0,154995,0.3676,0.2806,0.3676,0.5380,5512,4589.8,,0.0000,
0001,千房直営,000004,第4エリア,112   ,琥 虎ノ門,2026/06/15,月,平日,,曇,22.0,18.0,計,180040,200000,0.9002,0.9002,227880,0.7901,14,5,12860.0,1.00,15,0.9333,18,0.7778,0,24211,0.1345,0.1345,0,37976,0.2109,0.2109,0.3454,0.3454,1626,6643.5,,0.0000,
0001,千房直営,000004,第4エリア,112   ,琥 虎ノ門,2026/06/16,火,平日,,晴,26.0,17.0,計,177630,200000,0.8882,0.8942,87620,2.0273,12,4,14802.5,0.86,15,0.8000,10,1.2000,0,61938,0.3487,0.2409,0,40072,0.2256,0.2182,0.5743,0.4591,1695,6287.8,,0.0000,
0001,千房直営,000004,第4エリア,112   ,琥 虎ノ門,2026/06/17,水,平日,,晴,27.0,19.0,計,172900,200000,0.8645,0.8843,172350,1.0032,12,3,14408.3,0.86,15,0.8000,14,0.8571,0,15811,0.0914,0.1922,0,48039,0.2778,0.2376,0.3693,0.4298,1915,5417.2,,0.0000,
0001,千房直営,000004,第4エリア,112   ,琥 虎ノ門,2026/06/18,木,平日,,曇,25.0,20.0,計,170400,200000,0.8520,0.8762,28050,6.0749,9,3,18933.3,0.64,15,0.6000,4,2.2500,0,15276,0.0896,0.1672,0,57812,0.3393,0.2623,0.4289,0.4296,2307,4431.7,,0.0000,
0001,千房直営,000004,第4エリア,112   ,琥 虎ノ門,2026/06/19,金,平日,,曇,28.0,20.0,計,112030,200000,0.5602,0.8130,391320,0.2863,10,5,11203.0,0.71,15,0.6667,22,0.4545,0,24878,0.2221,0.1748,0,32102,0.2865,0.2657,0.5086,0.4405,1361,4938.9,,0.0000,
0001,千房直営,000004,第4エリア,112   ,琥 虎ノ門,2026/06/20,土,土曜,,雨,23.0,21.0,計,195700,200000,0.9785,0.8406,246830,0.7929,13,5,15053.8,0.93,15,0.8667,17,0.7647,0,25236,0.1290,0.1659,0,53072,0.2712,0.2668,0.4001,0.4327,2111,5562.3,,0.0000,
0001,千房直営,000004,第4エリア,112   ,琥 虎ノ門,2026/06/21,日,日祝,,曇,26.0,22.0,計,113700,200000,0.5685,0.8017,171100,0.6645,6,2,18950.0,0.43,15,0.4000,9,0.6667,0,6210,0.0546,0.1546,0,50289,0.4423,0.2845,0.4969,0.4392,2002,3407.6,,0.0000,
0001,千房直営,000004,第4エリア,112   ,琥 虎ノ門,2026/06/22,月,平日,,曇,27.0,21.0,計,104300,200000,0.5215,0.7667,231810,0.4499,5,1,20860.0,0.36,15,0.3333,12,0.4167,0,77222,0.7404,0.2044,0,48664,0.4666,0.3000,1.2070,0.5044,1979,3162.2,,0.0000,
0001,千房直営,000004,第4エリア,112   ,琥 虎ノ門,2026/06/23,火,平日,,曇,23.0,19.0,計,123250,200000,0.6163,0.7500,172652,0.7139,10,3,12325.0,0.71,15,0.6667,14,0.7143,0,25764,0.2090,0.2049,0,38372,0.3113,0.3010,0.5204,0.5059,1662,4449.5,,0.0000,
0001,千房直営,000004,第4エリア,112   ,琥 虎ノ門,2026/06/24,水,平日,,曇,25.0,19.0,計,366490,200000,1.8325,0.8582,180730,2.0278,17,4,21558.2,1.21,15,1.1333,12,1.4167,0,8267,0.0226,0.1659,0,39576,0.1080,0.2598,0.1305,0.4258,1694,12980.8,,0.0000,
0001,千房直営,000004,第4エリア,112   ,琥 虎ノ門,2026/06/25,木,平日,,雨,22.0,20.0,計,183245,200000,0.9162,0.8635,279890,0.6547,11,5,16658.6,0.79,15,0.7333,17,0.6471,0,31509,0.1720,0.1665,0,43498,0.2374,0.2577,0.4093,0.4242,1722,6384.8,,0.0000,
0001,千房直営,000004,第4エリア,112   ,琥 虎ノ門,2026/06/26,金,平日,,雨,24.0,20.0,計,114260,200000,0.5713,0.8391,308900,0.3699,10,4,11426.0,0.71,15,0.6667,22,0.4545,0,36073,0.3157,0.1750,0,38530,0.3372,0.2622,0.6529,0.4372,1547,4431.5,,0.0000,
0001,千房直営,000004,第4エリア,112   ,琥 虎ノ門,2026/06/27,土,土曜,,雨,23.0,21.0,計,61100,200000,0.3055,0.7981,278440,0.2194,2,1,30550.0,0.14,15,0.1333,11,0.1818,0,17269,0.2826,0.1781,0,51476,0.8425,0.2793,1.1251,0.4574,1918,1911.4,,0.0000,
0001,千房直営,000004,第4エリア,112   ,琥 虎ノ門,2026/06/28,日,日祝,,雨,23.0,20.0,計,53300,200000,0.2665,0.7601,83080,0.6416,5,1,10660.0,0.36,15,0.3333,9,0.5556,0,,0.0000,0.1737,0,45955,0.8622,0.2939,0.8622,0.4675,1626,1966.8,,0.0000,
0001,千房直営,000004,第4エリア,112   ,琥 虎ノ門,2026/06/29,月,平日,,曇,26.0,20.0,計,202285,200000,1.0114,0.7769,219350,0.9222,17,8,11899.1,1.21,15,1.1333,14,1.2143,0,49655,0.2455,0.1799,0,73850,0.3651,0.3000,0.6105,0.4800,2391,5076.2,,0.0000,
0001,千房直営,000004,第4エリア,112   ,琥 虎ノ門,2026/06/30,火,平日,,晴,28.0,22.0,計,258930,200000,1.2947,0.8092,81250,3.1868,11,4,23539.1,0.79,15,0.7333,5,2.2000,0,61477,0.2374,0.1857,0,64390,0.2487,0.2949,0.4861,0.4806,2155,7209.2,,0.0000,
0001,千房直営,000004,第4エリア,113   ,ぷれじでんとRetreat,2026/06/15,月,平日,,曇,28.0,20.0,計,37480,80000,0.4685,0.4685,134135,0.2794,3,1,12493.3,0.30,6,0.5000,8,0.3750,0,3089,0.0824,0.0824,0,18584,0.4958,0.4958,0.5783,0.5783,763,2947.3,,0.0000,
0001,千房直営,000004,第4エリア,113   ,ぷれじでんとRetreat,2026/06/16,火,平日,,晴,27.0,20.0,計,135160,90000,1.5018,1.0155,49630,2.7234,9,3,15017.8,0.90,7,1.2857,5,1.8000,0,25093,0.1857,0.1632,0,25262,0.1869,0.2540,0.3726,0.4172,1012,8013.4,,0.0000,
0001,千房直営,000004,第4エリア,113   ,ぷれじでんとRetreat,2026/06/17,水,平日,,曇,28.0,22.0,計,48520,90000,0.5391,0.8506,67150,0.7226,4,2,12130.0,0.40,7,0.5714,6,0.6667,0,7697,0.1586,0.1622,0,25324,0.5219,0.3128,0.6806,0.4750,1060,2746.4,,0.0000,
0001,千房直営,000004,第4エリア,113   ,ぷれじでんとRetreat,2026/06/18,木,平日,,晴,29.0,21.0,計,70330,90000,0.7814,0.8328,28070,2.5055,5,2,14066.0,0.50,7,0.7143,2,2.5000,0,3315,0.0471,0.1345,0,18174,0.2584,0.2996,0.3055,0.4341,747,5649.0,,0.0000,
0001,千房直営,000004,第4エリア,113   ,ぷれじでんとRetreat,2026/06/19,金,平日,,晴,31.0,23.0,計,74820,100000,0.7482,0.8140,109260,0.6848,7,3,10688.6,0.70,8,0.8750,9,0.7778,0,15690,0.2097,0.1498,0,27371,0.3658,0.3132,0.5755,0.4630,1152,3896.9,,0.0000,
0001,千房直営,000004,第4エリア,113   ,ぷれじでんとRetreat,2026/06/20,土,土曜,,雨,26.0,23.0,計,53910,85000,0.6342,0.7855,132662,0.4064,3,1,17970.0,0.30,7,0.4286,11,0.2727,0,8906,0.1652,0.1518,0,19485,0.3614,0.3194,0.5266,0.4712,790,4094.4,,0.0000,
0001,千房直営,000004,第4エリア,113   ,ぷれじでんとRetreat,2026/06/21,日,日祝,,曇,29.0,24.0,計,,0,,0.7855,,,,,,0,0,,,,0,,,0.1518,0,0,,0.3194,,0.4712,0,,,,
0001,千房直営,000004,第4エリア,113   ,ぷれじでんとRetreat,2026/06/22,月,平日,,雨,25.0,22.0,計,95387,80000,1.1923,0.8384,109540,0.8708,8,3,11923.4,0.80,7,1.1429,6,1.3333,0,16559,0.1736,0.1558,0,29904,0.3135,0.3183,0.4871,0.4741,1182,4842.0,,0.0000,
0001,千房直営,000004,第4エリア,113   ,ぷれじでんとRetreat,2026/06/23,火,平日,,晴,25.0,21.0,計,88396,90000,0.9822,0.8567,47790,1.8497,8,4,11049.5,0.80,8,1.0000,5,1.6000,0,1305,0.0148,0.1352,0,21620,0.2446,0.3075,0.2593,0.4427,857,6188.8,,0.0000,
0001,千房直営,000004,第4エリア,113   ,ぷれじでんとRetreat,2026/06/24,水,平日,,雨,23.0,20.0,計,46689,90000,0.5188,0.8185,83620,0.5583,3,1,15563.0,0.30,8,0.3750,9,0.3333,0,350,0.0075,0.1260,0,18139,0.3885,0.3133,0.3960,0.4393,752,3725.2,,0.0000,
0001,千房直営,000004,第4エリア,113   ,ぷれじでんとRetreat,2026/06/25,木,平日,,雨,23.0,20.0,計,16780,90000,0.1864,0.7542,98140,0.1710,2,1,8390.0,0.20,8,0.2500,7,0.2857,0,4179,0.2490,0.1291,0,16399,0.9773,0.3300,1.2263,0.4591,671,1500.4,,0.0000,
0001,千房直営,000004,第4エリア,113   ,ぷれじでんとRetreat,2026/06/26,金,平日,,雨,23.0,20.0,計,0,100000,0.0000,0.6776,46495,0.0000,0,0,,0.00,8,0.0000,4,0.0000,0,20077,,0.1592,0,7491,,0.3412,,0.5004,292,0.0,,,
0001,千房直営,000004,第4エリア,113   ,ぷれじでんとRetreat,2026/06/27,土,土曜,,曇,25.0,20.0,計,36955,80000,0.4619,0.6614,231810,0.1594,4,2,9238.8,0.40,7,0.5714,19,0.2105,0,50750,1.3733,0.2229,0,17608,0.4765,0.3483,1.8498,0.5712,717,3092.5,,0.0000,
0001,千房直営,000004,第4エリア,113   ,ぷれじでんとRetreat,2026/06/28,日,日祝,,曇,28.0,20.0,計,,0,,0.6614,,,,,,0,0,,,,0,,,0.2229,0,0,,0.3483,,0.5712,0,,,,
0001,千房直営,000004,第4エリア,113   ,ぷれじでんとRetreat,2026/06/29,月,平日,,晴,31.0,23.0,計,108521,80000,1.3565,0.7100,93280,1.1634,10,3,10852.1,1.00,6,1.6667,7,1.4286,0,3360,0.0310,0.1973,0,36954,0.3405,0.3473,0.3715,0.5445,1302,5001.0,,0.0000,
0001,千房直営,000004,第4エリア,113   ,ぷれじでんとRetreat,2026/06/30,火,平日,,晴,30.0,24.0,計,38850,90000,0.4317,0.6897,,,3,1,12950.0,0.30,8,0.3750,,,0,8289,0.2134,0.1980,0,21387,0.5505,0.3565,0.7639,0.5545,727,3206.3,,0.0000,
0001,千房直営,000001,第1エリア,301   ,道頓堀ビル店,2026/06/15,月,平日,,曇,28.0,20.0,計,1288830,1800000,0.7160,0.7160,1835279,0.7023,586,192,2199.4,3.17,0,,718,0.8162,0,173203,0.1344,0.1344,0,283787,0.2202,0.2202,0.3546,0.3546,12368,6252.4,,0.0000,
0001,千房直営,000001,第1エリア,301   ,道頓堀ビル店,2026/06/16,火,平日,,晴,27.0,21.0,計,1213734,1800000,0.6743,0.6952,1554800,0.7806,556,214,2183.0,3.01,0,,796,0.6985,0,478775,0.3945,0.2605,0,271133,0.2234,0.2217,0.6179,0.4823,11670,6240.3,,0.0000,
0001,千房直営,000001,第1エリア,301   ,道頓堀ビル店,2026/06/17,水,平日,,曇,28.0,22.0,計,1493132,1800000,0.8295,0.7399,1444705,1.0335,530,207,2817.2,2.86,0,,658,0.8055,0,243914,0.1634,0.2242,0,301698,0.2021,0.2144,0.3654,0.4386,13100,6838.8,,0.0000,
0001,千房直営,000001,第1エリア,301   ,道頓堀ビル店,2026/06/18,木,平日,,晴,29.0,21.0,計,1365268,1800000,0.7585,0.7446,1643948,0.8305,646,204,2113.4,3.49,0,,704,0.9176,0,207015,0.1516,0.2057,0,293038,0.2146,0.2144,0.3663,0.4202,12422,6594.4,,0.0000,
0001,千房直営,000001,第1エリア,301   ,道頓堀ビル店,2026/06/19,金,平日,,晴,31.0,24.0,計,1259123,1800000,0.6995,0.7356,1566007,0.8040,515,175,2444.9,2.78,0,,703,0.7326,0,393721,0.3127,0.2261,0,282458,0.2243,0.2163,0.5370,0.4424,12339,6122.7,,0.0000,
0001,千房直営,000001,第1エリア,301   ,道頓堀ビル店,2026/06/20,土,土曜,,雨,26.0,23.0,計,1497277,2000000,0.7486,0.7379,2152837,0.6955,615,219,2434.6,3.32,0,,941,0.6536,0,361245,0.2413,0.2289,0,321948,0.2150,0.2161,0.4563,0.4450,14162,6343.5,,0.0000,
0001,千房直営,000001,第1エリア,301   ,道頓堀ビル店,2026/06/21,日,日祝,,曇,29.0,24.0,計,1330727,2000000,0.6654,0.7268,1797832,0.7402,550,200,2419.5,2.97,0,,778,0.7069,0,,0.0000,0.1966,0,317515,0.2386,0.2193,0.2386,0.4159,13735,5813.2,,0.0000,
0001,千房直営,000001,第1エリア,301   ,道頓堀ビル店,2026/06/22,月,平日,,雨,25.0,22.0,計,1267858,1800000,0.7044,0.7241,1504415,0.8428,573,219,2212.7,3.10,0,,659,0.8695,0,221467,0.1747,0.1940,0,270009,0.2130,0.2185,0.3876,0.4126,11648,6530.9,,0.0000,
0001,千房直営,000001,第1エリア,301   ,道頓堀ビル店,2026/06/23,火,平日,,晴,25.0,21.0,計,1138977,1800000,0.6328,0.7142,1691303,0.6734,475,182,2397.8,2.57,0,,726,0.6543,0,365030,0.3205,0.2062,0,278341,0.2444,0.2210,0.5649,0.4272,12288,5561.4,,0.0000,
0001,千房直営,000001,第1エリア,301   ,道頓堀ビル店,2026/06/24,水,平日,,雨,23.0,20.0,計,1001712,1800000,0.5565,0.6987,1637938,0.6116,429,177,2335.0,2.32,0,,691,0.6208,0,140524,0.1403,0.2011,0,272595,0.2721,0.2250,0.4124,0.4260,11769,5106.9,,0.0000,
0001,千房直営,000001,第1エリア,301   ,道頓堀ビル店,2026/06/25,木,平日,,雨,23.0,20.0,計,1282310,1800000,0.7124,0.6999,1598659,0.8021,463,169,2769.6,2.50,0,,723,0.6404,0,283149,0.2208,0.2028,0,280310,0.2186,0.2244,0.4394,0.4273,11950,6438.4,,0.0000,
0001,千房直営,000001,第1エリア,301   ,道頓堀ビル店,2026/06/26,金,平日,,雨,23.0,20.0,計,1363488,1800000,0.7575,0.7047,1679467,0.8119,616,189,2213.5,3.33,0,,688,0.8953,0,419679,0.3078,0.2121,0,296469,0.2174,0.2238,0.5252,0.4359,12755,6413.9,,0.0000,
0001,千房直営,000001,第1エリア,301   ,道頓堀ビル店,2026/06/27,土,土曜,,曇,25.0,20.0,計,1474046,2000000,0.7370,0.7074,2177086,0.6771,603,230,2444.5,3.26,0,,858,0.7028,0,486469,0.3300,0.2223,0,340339,0.2309,0.2244,0.5609,0.4467,14595,6059.8,,0.0000,
0001,千房直営,000001,第1エリア,301   ,道頓堀ビル店,2026/06/28,日,日祝,,曇,28.0,20.0,計,1277674,2000000,0.6388,0.7021,1941057,0.6582,558,210,2289.7,3.02,0,,812,0.6872,0,,0.0000,0.2068,0,306802,0.2401,0.2255,0.2401,0.4323,13252,5784.8,,0.0000,
0001,千房直営,000001,第1エリア,301   ,道頓堀ビル店,2026/06/29,月,平日,,晴,31.0,24.0,計,1174272,1800000,0.6524,0.6989,1385813,0.8474,471,167,2493.1,2.55,0,,629,0.7488,0,163928,0.1396,0.2027,0,315435,0.2686,0.2281,0.4082,0.4308,12598,5592.7,,0.0000,
0001,千房直営,000001,第1エリア,301   ,道頓堀ビル店,2026/06/30,火,平日,,晴,30.0,24.0,計,955161,1800000,0.5306,0.6886,2157564,0.4427,387,153,2468.1,2.09,0,,909,0.4257,0,161281,0.1689,0.2011,0,260715,0.2730,0.2302,0.4418,0.4313,10729,5341.6,,0.0000,
0001,千房直営,600000,本社,333   ,検証,2026/06/15,月,平日,,曇,28.0,20.0,計,,,,,,,,,,,,,,,,,,,,0,,,,,0,,,,
0001,千房直営,600000,本社,333   ,検証,2026/06/16,火,平日,,晴,27.0,21.0,計,,,,,,,,,,,,,,,,,,,,0,,,,,0,,,,
0001,千房直営,600000,本社,333   ,検証,2026/06/17,水,平日,,曇,28.0,22.0,計,,,,,,,,,,,,,,,,,,,,0,,,,,0,,,,
0001,千房直営,600000,本社,333   ,検証,2026/06/18,木,平日,,晴,29.0,21.0,計,,,,,,,,,,,,,,,,,,,,0,,,,,0,,,,
0001,千房直営,600000,本社,333   ,検証,2026/06/19,金,平日,,晴,31.0,24.0,計,,,,,,,,,,,,,,,,,,,,0,,,,,0,,,,
0001,千房直営,600000,本社,333   ,検証,2026/06/20,土,土曜,,雨,26.0,23.0,計,,,,,,,,,,,,,,,,,,,,0,,,,,0,,,,
0001,千房直営,600000,本社,333   ,検証,2026/06/21,日,日祝,,曇,29.0,24.0,計,,,,,,,,,,,,,,,,,,,,0,,,,,0,,,,
0001,千房直営,600000,本社,333   ,検証,2026/06/22,月,平日,,雨,25.0,22.0,計,,,,,,,,,,,,,,,,,,,,0,,,,,0,,,,
0001,千房直営,600000,本社,333   ,検証,2026/06/23,火,平日,,晴,25.0,21.0,計,,,,,,,,,,,,,,,,,,,,0,,,,,0,,,,
0001,千房直営,600000,本社,333   ,検証,2026/06/24,水,平日,,雨,23.0,20.0,計,,,,,,,,,,,,,,,,,,,,0,,,,,0,,,,
0001,千房直営,600000,本社,333   ,検証,2026/06/25,木,平日,,雨,23.0,20.0,計,,,,,,,,,,,,,,,,,,,,0,,,,,0,,,,
0001,千房直営,600000,本社,333   ,検証,2026/06/26,金,平日,,雨,23.0,20.0,計,,,,,,,,,,,,,,,,,,,,0,,,,,0,,,,
0001,千房直営,600000,本社,333   ,検証,2026/06/27,土,土曜,,曇,25.0,20.0,計,,,,,,,,,,,,,,,,,,,,0,,,,,0,,,,
0001,千房直営,600000,本社,333   ,検証,2026/06/28,日,日祝,,曇,28.0,20.0,計,,,,,,,,,,,,,,,,,,,,0,,,,,0,,,,
0001,千房直営,600000,本社,333   ,検証,2026/06/29,月,平日,,晴,31.0,24.0,計,,,,,,,,,,,,,,,,,,,,0,,,,,0,,,,
0001,千房直営,600000,本社,333   ,検証,2026/06/30,火,平日,,晴,30.0,24.0,計,,,,,,,,,,,,,,,,,,,,0,,,,,0,,,,
0001,千房直営,600000,本社,350   ,直営統括共通,2026/06/15,月,平日,,曇,28.0,20.0,計,,,,,,,,,,,,,,,,,,,,0,,,,,0,,,,
0001,千房直営,600000,本社,350   ,直営統括共通,2026/06/16,火,平日,,晴,26.0,20.0,計,,,,,,,,,,,,,,,,,,,,0,,,,,0,,,,
0001,千房直営,600000,本社,350   ,直営統括共通,2026/06/17,水,平日,,曇,28.0,22.0,計,,,,,,,,,,,,,,,,,,,,0,,,,,0,,,,
0001,千房直営,600000,本社,350   ,直営統括共通,2026/06/18,木,平日,,晴,29.0,21.0,計,,,,,,,,,,,,,,,,,,,,0,,,,,0,,,,
0001,千房直営,600000,本社,350   ,直営統括共通,2026/06/19,金,平日,,晴,31.0,23.0,計,,,,,,,,,,,,,,,,,,,,0,,,,,0,,,,
0001,千房直営,600000,本社,350   ,直営統括共通,2026/06/20,土,土曜,,雨,26.0,24.0,計,,,,,,,,,,,,,,,,,,,,0,,,,,0,,,,
0001,千房直営,600000,本社,350   ,直営統括共通,2026/06/21,日,日祝,,曇,29.0,24.0,計,,,,,,,,,,,,,,,,,,,,0,,,,,0,,,,
0001,千房直営,600000,本社,350   ,直営統括共通,2026/06/22,月,平日,,雨,25.0,22.0,計,,,,,,,,,,,,,,,,,,,,0,,,,,0,,,,
0001,千房直営,600000,本社,350   ,直営統括共通,2026/06/23,火,平日,,晴,25.0,21.0,計,,,,,,,,,,,,,,,,,,,,0,,,,,0,,,,
0001,千房直営,600000,本社,350   ,直営統括共通,2026/06/24,水,平日,,雨,23.0,20.0,計,,,,,,,,,,,,,,,,,,,,0,,,,,0,,,,
0001,千房直営,600000,本社,350   ,直営統括共通,2026/06/25,木,平日,,雨,23.0,20.0,計,,,,,,,,,,,,,,,,,,,,0,,,,,0,,,,
0001,千房直営,600000,本社,350   ,直営統括共通,2026/06/26,金,平日,,雨,24.0,20.0,計,,,,,,,,,,,,,,,,,,,,0,,,,,0,,,,
0001,千房直営,600000,本社,350   ,直営統括共通,2026/06/27,土,土曜,,曇,25.0,20.0,計,,,,,,,,,,,,,,,,,,,,0,,,,,0,,,,
0001,千房直営,600000,本社,350   ,直営統括共通,2026/06/28,日,日祝,,曇,28.0,20.0,計,,,,,,,,,,,,,,,,,,,,0,,,,,0,,,,
0001,千房直営,600000,本社,350   ,直営統括共通,2026/06/29,月,平日,,晴,31.0,23.0,計,,,,,,,,,,,,,,,,,,,,0,,,,,0,,,,
0001,千房直営,600000,本社,350   ,直営統括共通,2026/06/30,火,平日,,晴,29.0,24.0,計,,,,,,,,,,,,,,,,,,,,0,,,,,0,,,,
0001,千房直営,600000,本社,352   ,商品企画,2026/06/15,月,平日,,曇,28.0,20.0,計,,,,,,,,,,,,,,,,,,,,0,,,,,0,,,,
0001,千房直営,600000,本社,352   ,商品企画,2026/06/16,火,平日,,晴,26.0,20.0,計,,,,,,,,,,,,,,,,,,,,0,,,,,0,,,,
0001,千房直営,600000,本社,352   ,商品企画,2026/06/17,水,平日,,曇,28.0,22.0,計,,,,,,,,,,,,,,,,,,,,0,,,,,0,,,,
0001,千房直営,600000,本社,352   ,商品企画,2026/06/18,木,平日,,晴,29.0,21.0,計,,,,,,,,,,,,,,,,,,,,0,,,,,0,,,,
0001,千房直営,600000,本社,352   ,商品企画,2026/06/19,金,平日,,晴,31.0,23.0,計,,,,,,,,,,,,,,,,,,,,0,,,,,0,,,,
0001,千房直営,600000,本社,352   ,商品企画,2026/06/20,土,土曜,,雨,26.0,24.0,計,,,,,,,,,,,,,,,,,,,,0,,,,,0,,,,
0001,千房直営,600000,本社,352   ,商品企画,2026/06/21,日,日祝,,曇,29.0,24.0,計,,,,,,,,,,,,,,,,,,,,0,,,,,0,,,,
0001,千房直営,600000,本社,352   ,商品企画,2026/06/22,月,平日,,雨,25.0,22.0,計,,,,,,,,,,,,,,,,,,,,0,,,,,0,,,,
0001,千房直営,600000,本社,352   ,商品企画,2026/06/23,火,平日,,晴,25.0,21.0,計,,,,,,,,,,,,,,,,,,,,0,,,,,0,,,,
0001,千房直営,600000,本社,352   ,商品企画,2026/06/24,水,平日,,雨,23.0,20.0,計,,,,,,,,,,,,,,,,,,,,0,,,,,0,,,,
0001,千房直営,600000,本社,352   ,商品企画,2026/06/25,木,平日,,雨,23.0,20.0,計,,,,,,,,,,,,,,,,,,,,0,,,,,0,,,,
0001,千房直営,600000,本社,352   ,商品企画,2026/06/26,金,平日,,雨,24.0,20.0,計,,,,,,,,,,,,,,,,,,,,0,,,,,0,,,,
0001,千房直営,600000,本社,352   ,商品企画,2026/06/27,土,土曜,,曇,25.0,20.0,計,,,,,,,,,,,,,,,,,,,,0,,,,,0,,,,
0001,千房直営,600000,本社,352   ,商品企画,2026/06/28,日,日祝,,曇,28.0,20.0,計,,,,,,,,,,,,,,,,,,,,0,,,,,0,,,,
0001,千房直営,600000,本社,352   ,商品企画,2026/06/29,月,平日,,晴,31.0,23.0,計,,,,,,,,,,,,,,,,,,,,0,,,,,0,,,,
0001,千房直営,600000,本社,352   ,商品企画,2026/06/30,火,平日,,晴,29.0,24.0,計,,,,,,,,,,,,,,,,,,,,0,,,,,0,,,,
0001,千房直営,000001,第1エリア,702   ,Chibo`s Kitchen ららぽーと甲子園店,2026/06/15,月,平日,,曇,26.0,20.0,計,87260,120000,0.7272,0.7272,81102,1.0759,106,106,823.2,,0,,109,0.9725,0,54240,0.6216,0.6216,0,30850,0.3535,0.3535,0.9751,0.9751,1227,4267.0,,0.0000,
0001,千房直営,000001,第1エリア,702   ,Chibo`s Kitchen ららぽーと甲子園店,2026/06/16,火,平日,,晴,26.0,20.0,計,95905,120000,0.7992,0.7632,88138,1.0881,97,97,988.7,,0,,89,1.0899,0,11246,0.1173,0.3575,0,33315,0.3474,0.3503,0.4646,0.7078,1304,4412.8,,0.0000,
0001,千房直営,000001,第1エリア,702   ,Chibo`s Kitchen ららぽーと甲子園店,2026/06/17,水,平日,,曇,28.0,22.0,計,96855,120000,0.8071,0.7778,107045,0.9048,90,90,1076.2,,0,,102,0.8824,0,,0.0000,0.2339,0,36299,0.3748,0.3588,0.3748,0.5926,1511,3846.0,,0.0000,
0001,千房直営,000001,第1エリア,702   ,Chibo`s Kitchen ららぽーと甲子園店,2026/06/18,木,平日,,晴,27.0,22.0,計,98931,120000,0.8244,0.7895,103561,0.9553,91,91,1087.2,,0,,105,0.8667,0,32790,0.3314,0.2593,0,30762,0.3109,0.3463,0.6424,0.6056,1355,4380.7,,0.0000,
0001,千房直営,000001,第1エリア,702   ,Chibo`s Kitchen ららぽーと甲子園店,2026/06/19,金,平日,,晴,29.0,24.0,計,70521,120000,0.5877,0.7491,123353,0.5717,79,79,892.7,,0,,122,0.6475,0,138150,1.9590,0.5260,0,32781,0.4648,0.3649,2.4238,0.8909,1287,3287.7,,0.0000,
0001,千房直営,000001,第1エリア,702   ,Chibo`s Kitchen ららぽーと甲子園店,2026/06/20,土,土曜,,雨,25.0,24.0,計,260538,250000,1.0422,0.8353,279033,0.9337,229,229,1137.7,,0,,259,0.8842,0,38041,0.1460,0.3866,0,49581,0.1903,0.3008,0.3363,0.6874,2280,6856.3,,0.0000,
0001,千房直営,000001,第1エリア,702   ,Chibo`s Kitchen ららぽーと甲子園店,2026/06/21,日,日祝,,曇,28.0,24.0,計,217309,300000,0.7244,0.8064,309753,0.7016,207,207,1049.8,,0,,279,0.7419,0,25950,0.1194,0.3240,0,58333,0.2684,0.2932,0.3878,0.6172,2491,5234.3,,0.0000,
0001,千房直営,000001,第1エリア,702   ,Chibo`s Kitchen ららぽーと甲子園店,2026/06/22,月,平日,,雨,25.0,22.0,計,93759,100000,0.9376,0.8169,91306,1.0269,116,116,808.3,,0,,112,1.0357,0,29958,0.3195,0.3236,0,32946,0.3514,0.2986,0.6709,0.6221,1333,4220.2,,0.0000,
0001,千房直営,000001,第1エリア,702   ,Chibo`s Kitchen ららぽーと甲子園店,2026/06/23,火,平日,,曇,25.0,21.0,計,87839,100000,0.8784,0.8214,65117,1.3489,88,88,998.2,,0,,66,1.3333,0,17475,0.1989,0.3137,0,33007,0.3758,0.3047,0.5747,0.6184,1315,4007.9,,0.0000,
0001,千房直営,000001,第1エリア,702   ,Chibo`s Kitchen ららぽーと甲子園店,2026/06/24,水,平日,,雨,22.0,20.0,計,91489,100000,0.9149,0.8279,83468,1.0961,92,92,994.4,,0,,78,1.1795,0,,0.0000,0.2898,0,37771,0.4128,0.3129,0.4128,0.6027,1535,3576.1,,0.0000,
0001,千房直営,000001,第1エリア,702   ,Chibo`s Kitchen ららぽーと甲子園店,2026/06/25,木,平日,,雨,23.0,20.0,計,66239,100000,0.6624,0.8172,63399,1.0448,58,58,1142.1,,0,,58,1.0000,0,5161,0.0779,0.2787,0,32604,0.4922,0.3223,0.5701,0.6010,1254,3169.3,,0.0000,
0001,千房直営,000001,第1エリア,702   ,Chibo`s Kitchen ららぽーと甲子園店,2026/06/26,金,平日,,雨,24.0,21.0,計,81179,100000,0.8118,0.8169,105615,0.7686,80,80,1014.7,,0,,108,0.7407,0,91114,1.1224,0.3295,0,32196,0.3966,0.3268,1.5190,0.6563,1108,4396.0,,0.0000,
0001,千房直営,000001,第1エリア,702   ,Chibo`s Kitchen ららぽーと甲子園店,2026/06/27,土,土曜,,曇,26.0,20.0,計,238557,250000,0.9542,0.8349,247028,0.9657,221,221,1079.4,,0,,227,0.9736,0,8221,0.0345,0.2851,0,55752,0.2337,0.3128,0.2682,0.5979,2458,5823.2,,0.0000,
0001,千房直営,000001,第1エリア,702   ,Chibo`s Kitchen ららぽーと甲子園店,2026/06/28,日,日祝,,曇,27.0,20.0,計,292162,300000,0.9739,0.8539,282692,1.0335,249,249,1173.3,,0,,269,0.9257,0,50950,0.1744,0.2679,0,67076,0.2296,0.2998,0.4040,0.5678,2523,6948.0,,0.0000,
0001,千房直営,000001,第1エリア,702   ,Chibo`s Kitchen ららぽーと甲子園店,2026/06/29,月,平日,,晴,30.0,23.0,計,90071,100000,0.9007,0.8559,88965,1.0124,101,101,891.8,,0,,99,1.0202,0,27279,0.3029,0.2695,0,37222,0.4133,0.3050,0.7161,0.5746,1348,4009.1,,0.0000,
0001,千房直営,000001,第1エリア,702   ,Chibo`s Kitchen ららぽーと甲子園店,2026/06/30,火,平日,,晴,29.0,23.0,計,70977,100000,0.7098,0.8498,299326,0.2371,71,71,999.7,,0,,268,0.2649,0,16944,0.2387,0.2684,0,45048,0.6347,0.3165,0.8734,0.5850,1623,2623.9,,0.0000,
0001,千房直営,040000,ODEN事業部,704   ,すみ吉 心斎橋,2026/06/15,月,平日,,曇,28.0,20.0,計,142383,110000,1.2944,1.2944,62581,2.2752,17,10,8375.5,1.00,0,,9,1.8889,0,18301,0.1285,0.1285,0,39965,0.2807,0.2807,0.4092,0.4092,1511,5653.9,,0.0000,
0001,千房直営,040000,ODEN事業部,704   ,すみ吉 心斎橋,2026/06/16,火,平日,,晴,27.0,21.0,計,206018,110000,1.8729,1.5836,146368,1.4075,25,11,8240.7,1.47,0,,14,1.7857,0,11503,0.0558,0.0855,0,45493,0.2208,0.2453,0.2767,0.3308,1573,7858.3,,0.0000,
0001,千房直営,040000,ODEN事業部,704   ,すみ吉 心斎橋,2026/06/17,水,平日,,曇,28.0,22.0,計,,0,,1.5836,,,,,,0,0,,,,0,900,,0.0881,0,0,,0.2453,,0.3334,0,,,,
0001,千房直営,040000,ODEN事業部,704   ,すみ吉 心斎橋,2026/06/18,木,平日,,晴,29.0,21.0,計,20147,120000,0.1679,1.0840,39950,0.5043,7,3,2878.1,0.41,0,,4,1.7500,0,13630,0.6765,0.1203,0,31100,1.5437,0.3163,2.2202,0.4366,1082,1117.2,,0.0000,
0001,千房直営,040000,ODEN事業部,704   ,すみ吉 心斎橋,2026/06/19,金,平日,,晴,31.0,24.0,計,143873,130000,1.1067,1.0903,153850,0.9352,18,8,7992.9,1.06,0,,13,1.3846,0,4675,0.0325,0.0956,0,42954,0.2986,0.3113,0.3310,0.4069,1434,6019.8,,0.0000,
0001,千房直営,040000,ODEN事業部,704   ,すみ吉 心斎橋,2026/06/20,土,土曜,,雨,26.0,23.0,計,185649,140000,1.3261,1.1444,91085,2.0382,24,8,7735.4,1.41,0,,17,1.4118,0,5460,0.0294,0.0780,0,51767,0.2788,0.3027,0.3083,0.3807,1775,6275.5,,0.0000,
0001,千房直営,040000,ODEN事業部,704   ,すみ吉 心斎橋,2026/06/21,日,日祝,,曇,29.0,24.0,計,75268,120000,0.6272,1.0594,69472,1.0834,14,4,5376.3,0.82,0,,14,1.0000,0,,0.0000,0.0704,0,43073,0.5723,0.3289,0.5723,0.3993,1603,2817.3,,0.0000,
0001,千房直営,040000,ODEN事業部,704   ,すみ吉 心斎橋,2026/06/22,月,平日,,雨,25.0,22.0,計,49780,110000,0.4525,0.9799,42305,1.1767,4,2,12445.0,0.24,0,,5,0.8000,0,44164,0.8872,0.1198,0,41881,0.8413,0.3599,1.7285,0.4797,1618,1846.0,,0.0000,
0001,千房直営,040000,ODEN事業部,704   ,すみ吉 心斎橋,2026/06/23,火,平日,,晴,25.0,21.0,計,182642,110000,1.6604,1.0587,81278,2.2471,21,10,8697.2,1.24,0,,7,3.0000,0,1560,0.0085,0.0996,0,43321,0.2372,0.3376,0.2457,0.4372,1654,6625.5,,0.0000,
0001,千房直営,040000,ODEN事業部,704   ,すみ吉 心斎橋,2026/06/24,水,平日,,雨,23.0,20.0,計,,0,,1.0587,,,,,,0,0,,,,0,1800,,0.1014,0,0,,0.3376,,0.4390,0,,,,
0001,千房直営,040000,ODEN事業部,704   ,すみ吉 心斎橋,2026/06/25,木,平日,,雨,23.0,20.0,計,186449,130000,1.4342,1.1039,149598,1.2463,13,5,14342.2,0.76,0,,17,0.7647,0,13695,0.0735,0.0970,0,40888,0.2193,0.3191,0.2928,0.4161,1359,8231.7,,0.0000,
0001,千房直営,040000,ODEN事業部,704   ,すみ吉 心斎橋,2026/06/26,金,平日,,雨,23.0,20.0,計,60135,130000,0.4626,1.0350,110677,0.5433,5,3,12027.0,0.29,0,,12,0.4167,0,7041,0.1171,0.0980,0,41265,0.6862,0.3367,0.8033,0.4347,1299,2777.6,,0.0000,
0001,千房直営,040000,ODEN事業部,704   ,すみ吉 心斎橋,2026/06/27,土,土曜,,曇,25.0,20.0,計,90032,140000,0.6431,0.9944,170330,0.5286,15,9,6002.1,0.88,0,,17,0.8824,0,1800,0.0200,0.0928,0,70329,0.7812,0.3665,0.8011,0.4593,2245,2406.2,,0.0000,
0001,千房直営,040000,ODEN事業部,704   ,すみ吉 心斎橋,2026/06/28,日,日祝,,曇,28.0,20.0,計,90195,110000,0.8200,0.9812,284536,0.3170,17,11,5305.6,1.00,0,,26,0.6538,0,,0.0000,0.0869,0,52747,0.5848,0.3803,0.5848,0.4672,1836,2947.5,,0.0000,
0001,千房直営,040000,ODEN事業部,704   ,すみ吉 心斎橋,2026/06/29,月,平日,,晴,31.0,24.0,計,96510,110000,0.8774,0.9739,54026,1.7864,10,4,9651.0,0.59,0,,8,1.2500,0,50490,0.5232,0.1145,0,49298,0.5108,0.3885,1.0340,0.5030,1470,3939.2,,0.0000,
0001,千房直営,040000,ODEN事業部,704   ,すみ吉 心斎橋,2026/06/30,火,平日,,晴,30.0,24.0,計,84118,110000,0.7647,0.9602,42611,1.9741,10,5,8411.8,0.59,0,,9,1.1111,0,9096,0.1081,0.1141,0,56317,0.6695,0.4032,0.7776,0.5173,1643,3071.9,,0.0000,
0001,千房直営,030000,キッチンカー,800   ,キッチンカー,2026/06/15,月,平日,,曇,28.0,20.0,計,,,,,,,,,,,,,,,,,,,,0,,,,,0,,,,
0001,千房直営,030000,キッチンカー,800   ,キッチンカー,2026/06/16,火,平日,,晴,27.0,21.0,計,,,,,,,,,,,,,,,,,,,,0,,,,,0,,,,
0001,千房直営,030000,キッチンカー,800   ,キッチンカー,2026/06/17,水,平日,,曇,28.0,22.0,計,,,,,,,,,,,,,,,,,,,,0,,,,,0,,,,
0001,千房直営,030000,キッチンカー,800   ,キッチンカー,2026/06/18,木,平日,,晴,29.0,21.0,計,,,,,,,,,,,,,,,,,,,,0,,,,,0,,,,
0001,千房直営,030000,キッチンカー,800   ,キッチンカー,2026/06/19,金,平日,,晴,31.0,24.0,計,,,,,,,,,,,,,,,,,,,,0,,,,,0,,,,
0001,千房直営,030000,キッチンカー,800   ,キッチンカー,2026/06/20,土,土曜,,雨,26.0,23.0,計,,,,,,,,,,,,,,,,,,,,0,,,,,0,,,,
0001,千房直営,030000,キッチンカー,800   ,キッチンカー,2026/06/21,日,日祝,,曇,29.0,24.0,計,,,,,,,,,,,,,,,,,,,,0,,,,,0,,,,
0001,千房直営,030000,キッチンカー,800   ,キッチンカー,2026/06/22,月,平日,,雨,25.0,22.0,計,,,,,,,,,,,,,,,,,,,,0,,,,,0,,,,
0001,千房直営,030000,キッチンカー,800   ,キッチンカー,2026/06/23,火,平日,,晴,25.0,21.0,計,,,,,,,,,,,,,,,,,,,,0,,,,,0,,,,
0001,千房直営,030000,キッチンカー,800   ,キッチンカー,2026/06/24,水,平日,,雨,23.0,20.0,計,,,,,,,,,,,,,,,,,,,,0,,,,,0,,,,
0001,千房直営,030000,キッチンカー,800   ,キッチンカー,2026/06/25,木,平日,,雨,23.0,20.0,計,,,,,,,,,,,,,,,,,,,,0,,,,,0,,,,
0001,千房直営,030000,キッチンカー,800   ,キッチンカー,2026/06/26,金,平日,,雨,23.0,20.0,計,,,,,,,,,,,,,,,,,,,,0,,,,,0,,,,
0001,千房直営,030000,キッチンカー,800   ,キッチンカー,2026/06/27,土,土曜,,曇,25.0,20.0,計,,,,,,,,,,,,,,,,,,,,0,,,,,0,,,,
0001,千房直営,030000,キッチンカー,800   ,キッチンカー,2026/06/28,日,日祝,,曇,28.0,20.0,計,,,,,,,,,,,,,,,,,,,,0,,,,,0,,,,
0001,千房直営,030000,キッチンカー,800   ,キッチンカー,2026/06/29,月,平日,,晴,31.0,24.0,計,,,,,,,,,,,,,,,,,,,,0,,,,,0,,,,
0001,千房直営,030000,キッチンカー,800   ,キッチンカー,2026/06/30,火,平日,,晴,30.0,24.0,計,,,,,,,,,,,,,,,,,,,,0,,,,,0,,,,
0002,千房FC,500002,FC第2エリア,515   ,大和郡山店,2026/06/15,月,平日,休,曇,26.0,18.0,計,,0,,,,,,,,0,0,,,,0,,,,,0,,,,,0,,,,
0002,千房FC,500002,FC第2エリア,515   ,大和郡山店,2026/06/16,火,平日,,曇,27.0,18.0,計,,68000,0.0000,0.0000,,,,,,0,0,,,,0,12186,,,,0,,,,,0,,,,
0002,千房FC,500002,FC第2エリア,515   ,大和郡山店,2026/06/17,水,平日,,曇,28.0,21.0,計,,68000,0.0000,0.0000,,,,,,0,0,,,,0,,,,,0,,,,,0,,,,
0002,千房FC,500002,FC第2エリア,515   ,大和郡山店,2026/06/18,木,平日,,曇,29.0,20.0,計,,68000,0.0000,0.0000,,,,,,0,0,,,,0,13907,,,,0,,,,,0,,,,
0002,千房FC,500002,FC第2エリア,515   ,大和郡山店,2026/06/19,金,平日,,曇,31.0,21.0,計,,68000,0.0000,0.0000,,,,,,0,0,,,,0,42991,,,,0,,,,,0,,,,
0002,千房FC,500002,FC第2エリア,515   ,大和郡山店,2026/06/20,土,土曜,,雨,26.0,23.0,計,,80000,0.0000,0.0000,,,,,,0,0,,,,0,,,,,0,,,,,0,,,,
0002,千房FC,500002,FC第2エリア,515   ,大和郡山店,2026/06/21,日,日祝,,曇,28.0,24.0,計,,80000,0.0000,0.0000,,,,,,0,0,,,,0,,,,,0,,,,,0,,,,
0002,千房FC,500002,FC第2エリア,515   ,大和郡山店,2026/06/22,月,平日,休,雨,24.0,21.0,計,,0,,0.0000,,,,,,0,0,,,,0,,,,,0,,,,,0,,,,
0002,千房FC,500002,FC第2エリア,515   ,大和郡山店,2026/06/23,火,平日,休,曇,25.0,19.0,計,,0,,0.0000,,,,,,0,0,,,,0,,,,,0,,,,,0,,,,
0002,千房FC,500002,FC第2エリア,515   ,大和郡山店,2026/06/24,水,平日,,雨,22.0,19.0,計,,60000,0.0000,0.0000,,,,,,0,0,,,,0,,,,,0,,,,,0,,,,
0002,千房FC,500002,FC第2エリア,515   ,大和郡山店,2026/06/25,木,平日,,雨,23.0,20.0,計,,68000,0.0000,0.0000,,,,,,0,0,,,,0,,,,,0,,,,,0,,,,
0002,千房FC,500002,FC第2エリア,515   ,大和郡山店,2026/06/26,金,平日,,雨,23.0,20.0,計,,68000,0.0000,0.0000,,,,,,0,0,,,,0,26328,,,,0,,,,,0,,,,
0002,千房FC,500002,FC第2エリア,515   ,大和郡山店,2026/06/27,土,土曜,,曇,23.0,20.0,計,,80000,0.0000,0.0000,,,,,,0,0,,,,0,,,,,0,,,,,0,,,,
0002,千房FC,500002,FC第2エリア,515   ,大和郡山店,2026/06/28,日,日祝,,曇,27.0,20.0,計,,90000,0.0000,0.0000,,,,,,0,0,,,,0,,,,,0,,,,,0,,,,
0002,千房FC,500002,FC第2エリア,515   ,大和郡山店,2026/06/29,月,平日,休,曇,31.0,22.0,計,,0,,0.0000,,,,,,0,0,,,,0,,,,,0,,,,,0,,,,
0002,千房FC,500002,FC第2エリア,515   ,大和郡山店,2026/06/30,火,平日,,晴,29.0,22.0,計,,69089,0.0000,0.0000,,,,,,0,0,,,,0,28193,,,,0,,,,,0,,,,
0002,千房FC,500003,FC第3エリア,516   ,阪急服部店,2026/06/15,月,平日,,曇,27.0,19.0,計,102372,75000,1.3650,1.3650,53043,1.9300,55,23,1861.3,1.28,49,1.1224,29,1.8966,0,23361,0.2282,0.2282,,0,0.0000,0.0000,0.2282,0.2282,0,,,0.0000,
0002,千房FC,500003,FC第3エリア,516   ,阪急服部店,2026/06/16,火,平日,,晴,26.0,19.0,計,96835,75000,1.2911,1.3280,47781,2.0266,43,16,2252.0,1.00,49,0.8776,20,2.1500,0,7224,0.0746,0.1535,,0,0.0000,0.0000,0.0746,0.1535,0,,,0.0000,
0002,千房FC,500003,FC第3エリア,516   ,阪急服部店,2026/06/17,水,平日,,曇,28.0,22.0,計,58363,75000,0.7782,1.1448,61565,0.9480,34,17,1716.6,0.79,49,0.6939,33,1.0303,0,1482,0.0254,0.1245,,0,0.0000,0.0000,0.0254,0.1245,0,,,0.0000,
0002,千房FC,500003,FC第3エリア,516   ,阪急服部店,2026/06/18,木,平日,,晴,29.0,21.0,計,62316,75000,0.8309,1.0663,37438,1.6645,26,16,2396.8,0.60,49,0.5306,16,1.6250,0,61200,0.9821,0.2916,,0,0.0000,0.0000,0.9821,0.2916,0,,,0.0000,
0002,千房FC,500003,FC第3エリア,516   ,阪急服部店,2026/06/19,金,平日,,晴,30.0,22.0,計,63601,75000,0.8480,1.0226,54274,1.1719,35,17,1817.2,0.81,49,0.7143,30,1.1667,0,37170,0.5844,0.3401,,0,0.0000,0.0000,0.5844,0.3401,0,,,0.0000,
0002,千房FC,500003,FC第3エリア,516   ,阪急服部店,2026/06/20,土,土曜,,雨,25.0,24.0,計,60144,110000,0.5468,0.9147,80139,0.7505,30,17,2004.8,0.70,69,0.4348,45,0.6667,0,14568,0.2422,0.3269,,0,0.0000,0.0000,0.2422,0.3269,0,,,0.0000,
0002,千房FC,500003,FC第3エリア,516   ,阪急服部店,2026/06/21,日,日祝,,曇,29.0,24.0,計,84793,120000,0.7066,0.8734,183680,0.4616,41,15,2068.1,0.95,76,0.5395,82,0.5000,0,,0.0000,0.2744,,0,0.0000,0.0000,0.0000,0.2744,0,,,0.0000,
0002,千房FC,500003,FC第3エリア,516   ,阪急服部店,2026/06/22,月,平日,,雨,24.0,21.0,計,75213,75000,1.0028,0.8877,47946,1.5687,39,18,1928.5,0.91,49,0.7959,25,1.5600,0,14210,0.1889,0.2638,,0,0.0000,0.0000,0.1889,0.2638,0,,,0.0000,
0002,千房FC,500003,FC第3エリア,516   ,阪急服部店,2026/06/23,火,平日,,曇,25.0,20.0,計,40574,73000,0.5558,0.8555,67037,0.6052,29,17,1399.1,0.67,48,0.6042,28,1.0357,0,2040,0.0503,0.2503,,0,0.0000,0.0000,0.0503,0.2503,0,,,0.0000,
0002,千房FC,500003,FC第3エリア,516   ,阪急服部店,2026/06/24,水,平日,,雨,23.0,19.0,計,53193,74756,0.7116,0.8425,72967,0.7290,20,12,2659.7,0.47,49,0.4082,35,0.5714,0,,0.0000,0.2312,,0,0.0000,0.0000,0.0000,0.2312,0,,,0.0000,
0002,千房FC,500003,FC第3エリア,516   ,阪急服部店,2026/06/25,木,平日,,雨,23.0,20.0,計,30342,75000,0.4046,0.8061,28796,1.0537,13,7,2334.0,0.30,49,0.2653,16,0.8125,0,27863,0.9183,0.2599,,0,0.0000,0.0000,0.9183,0.2599,0,,,0.0000,
0002,千房FC,500003,FC第3エリア,516   ,阪急服部店,2026/06/26,金,平日,,雨,24.0,20.0,計,49140,75000,0.6552,0.7946,67300,0.7302,16,6,3071.3,0.37,49,0.3265,32,0.5000,0,23573,0.4797,0.2738,,0,0.0000,0.0000,0.4797,0.2738,0,,,0.0000,
0002,千房FC,500003,FC第3エリア,516   ,阪急服部店,2026/06/27,土,土曜,,曇,25.0,20.0,計,114931,110000,1.0448,0.8199,170930,0.6724,63,22,1824.3,1.47,69,0.9130,73,0.8630,0,11443,0.0996,0.2513,,0,0.0000,0.0000,0.0996,0.2513,0,,,0.0000,
0002,千房FC,500003,FC第3エリア,516   ,阪急服部店,2026/06/28,日,日祝,,曇,28.0,20.0,計,99250,120000,0.8271,0.8206,189966,0.5225,56,27,1772.3,1.30,76,0.7368,62,0.9032,0,,0.0000,0.2262,,0,0.0000,0.0000,0.0000,0.2262,0,,,0.0000,
0002,千房FC,500003,FC第3エリア,516   ,阪急服部店,2026/06/29,月,平日,,晴,31.0,23.0,計,55231,75000,0.7364,0.8157,49821,1.1086,34,14,1624.4,0.79,49,0.6939,32,1.0625,0,8950,0.1620,0.2228,,0,0.0000,0.0000,0.1620,0.2228,0,,,0.0000,
0002,千房FC,500003,FC第3エリア,516   ,阪急服部店,2026/06/30,火,平日,,晴,29.0,23.0,計,62663,75000,0.8355,0.8168,36613,1.7115,34,19,1843.0,0.79,49,0.6939,18,1.8889,0,6463,0.1031,0.2160,,0,0.0000,0.0000,0.1031,0.2160,0,,,0.0000,
0002,千房FC,500003,FC第3エリア,522   ,金剛店,2026/06/15,月,平日,,曇,27.0,19.0,計,100533,90000,1.1170,1.1170,62184,1.6167,53,21,1896.8,1.20,47,1.1277,35,1.5143,2099,2040,0.0203,0.0203,,28138,0.2799,0.2799,0.3002,0.3002,1344,4488.1,,0.0000,
0002,千房FC,500003,FC第3エリア,522   ,金剛店,2026/06/16,火,平日,休,曇,26.0,18.0,計,,0,,1.1170,,,,,,0,0,,,,0,,,0.0203,,0,,0.2799,,0.3002,0,,,,
0002,千房FC,500003,FC第3エリア,522   ,金剛店,2026/06/17,水,平日,,曇,27.0,21.0,計,91166,90000,1.0130,1.0650,79668,1.1443,53,21,1720.1,1.20,47,1.1277,38,1.3947,2099,31019,0.3402,0.1725,,27033,0.2965,0.2878,0.6368,0.4603,1292,4233.7,,0.0000,
0002,千房FC,500003,FC第3エリア,522   ,金剛店,2026/06/18,木,平日,,晴,28.0,20.0,計,70140,90000,0.7793,0.9698,66215,1.0593,38,17,1845.8,0.86,47,0.8085,31,1.2258,2099,30590,0.4361,0.2431,,23694,0.3378,0.3012,0.7739,0.5443,1120,3757.5,,0.0000,
0002,千房FC,500003,FC第3エリア,522   ,金剛店,2026/06/19,金,平日,,晴,30.0,21.0,計,102211,90000,1.1357,1.0113,86215,1.1855,56,24,1825.2,1.27,47,1.1915,46,1.2174,2099,24138,0.2362,0.2411,,27884,0.2728,0.2932,0.5090,0.5344,1328,4618.0,,0.0000,
0002,千房FC,500003,FC第3エリア,522   ,金剛店,2026/06/20,土,土曜,,雨,26.0,23.0,計,174944,180000,0.9719,0.9981,186553,0.9378,94,41,1861.1,2.14,98,0.9592,104,0.9038,3420,43876,0.2508,0.2443,,41075,0.2348,0.2743,0.4856,0.5185,1961,5352.7,,0.0000,
0002,千房FC,500003,FC第3エリア,522   ,金剛店,2026/06/21,日,日祝,,曇,28.0,24.0,計,191435,200000,0.9572,0.9871,154765,1.2369,97,41,1973.6,2.20,112,0.8661,88,1.1023,3599,,0.0000,0.1803,,37934,0.1982,0.2543,0.1982,0.4346,1774,6474.7,,0.0000,
0002,千房FC,500003,FC第3エリア,522   ,金剛店,2026/06/22,月,平日,,雨,24.0,21.0,計,41988,90000,0.4665,0.9306,48760,0.8611,24,11,1749.5,0.55,47,0.5106,25,0.9600,2099,1530,0.0364,0.1724,,23171,0.5518,0.2705,0.5883,0.4429,1111,2267.6,,0.0000,
0002,千房FC,500003,FC第3エリア,522   ,金剛店,2026/06/23,火,平日,休,晴,24.0,20.0,計,,0,,0.9306,,,,,,0,0,,,,0,15800,,0.1929,,0,,0.2705,,0.4634,0,,,,
0002,千房FC,500003,FC第3エリア,522   ,金剛店,2026/06/24,水,平日,,雨,22.0,19.0,計,118232,90000,1.3137,0.9681,105622,1.1194,64,27,1847.4,1.45,47,1.3617,53,1.2075,2099,37191,0.3146,0.2090,,23436,0.1982,0.2609,0.5128,0.4699,1106,6414.0,,0.0000,
0002,千房FC,500003,FC第3エリア,522   ,金剛店,2026/06/25,木,平日,,雨,23.0,20.0,計,78425,90000,0.8714,0.9595,108425,0.7233,50,25,1568.5,1.14,47,1.0638,52,0.9615,2099,21826,0.2783,0.2146,,27262,0.3476,0.2679,0.6259,0.4826,1328,3543.3,,0.0000,
0002,千房FC,500003,FC第3エリア,522   ,金剛店,2026/06/26,金,平日,,雨,24.0,20.0,計,47980,90000,0.5331,0.9246,76192,0.6297,30,14,1599.3,0.68,47,0.6383,40,0.7500,2099,36063,0.7516,0.2400,,13654,0.2846,0.2687,1.0362,0.5087,669,4303.1,,0.0000,
0002,千房FC,500003,FC第3エリア,522   ,金剛店,2026/06/27,土,土曜,,曇,23.0,20.0,計,155533,180000,0.8641,0.9161,133472,1.1653,79,36,1968.8,1.80,98,0.8061,65,1.2154,3420,17340,0.1115,0.2229,,42231,0.2715,0.2691,0.3830,0.4920,2017,4626.7,,0.0000,
0002,千房FC,500003,FC第3エリア,522   ,金剛店,2026/06/28,日,日祝,,曇,27.0,20.0,計,144660,200000,0.7233,0.8900,148035,0.9772,76,30,1903.4,1.73,112,0.6786,77,0.9870,3599,,0.0000,0.1985,,40363,0.2790,0.2702,0.2790,0.4686,1936,4483.3,,0.0000,
0002,千房FC,500003,FC第3エリア,522   ,金剛店,2026/06/29,月,平日,,晴,30.0,22.0,計,49254,91478,0.5384,0.8696,40906,1.2041,32,16,1539.2,0.73,47,0.6809,24,1.3333,2099,1530,0.0311,0.1924,,23975,0.4868,0.2780,0.5178,0.4704,1150,2569.8,,0.0000,
0002,千房FC,500003,FC第3エリア,522   ,金剛店,2026/06/30,火,平日,休,晴,28.0,22.0,計,,0,,0.8696,,,,,,0,0,,,,0,,,0.1924,,0,,0.2780,,0.4704,0,,,,
0002,千房FC,500004,FC第4エリア,526   ,高知野市店,2026/06/15,月,平日,,曇,25.0,19.0,計,8731,25000,0.3492,0.3492,22174,0.3937,7,4,1247.3,0.30,12,0.5833,10,0.7000,7700,,0.0000,0.0000,,0,0.0000,0.0000,0.0000,0.0000,0,,,0.0000,
0002,千房FC,500004,FC第4エリア,526   ,高知野市店,2026/06/16,火,平日,,曇,24.0,19.0,計,32003,25000,1.2801,0.8147,4156,7.7004,19,9,1684.4,0.83,12,1.5833,3,6.3333,7700,6029,0.1884,0.1480,,0,0.0000,0.0000,0.1884,0.1480,0,,,0.0000,
0002,千房FC,500004,FC第4エリア,526   ,高知野市店,2026/06/17,水,平日,休,曇,24.0,20.0,計,,0,,0.8147,11550,0.0000,,,,0,0,,6,0.0000,0,,,0.1480,,0,,0.0000,,0.1480,0,,,,
0002,千房FC,500004,FC第4エリア,526   ,高知野市店,2026/06/18,木,平日,,曇,27.0,20.0,計,27368,25000,1.0947,0.9080,15107,1.8116,18,10,1520.4,0.78,12,1.5000,10,1.8000,7700,6607,0.2414,0.1855,,0,0.0000,0.0000,0.2414,0.1855,0,,,0.0000,
0002,千房FC,500004,FC第4エリア,526   ,高知野市店,2026/06/19,金,平日,,雨,28.0,21.0,計,32937,25000,1.3175,1.0104,27367,1.2035,18,10,1829.8,0.78,12,1.5000,13,1.3846,7700,9497,0.2883,0.2191,,0,0.0000,0.0000,0.2883,0.2191,0,,,0.0000,
0002,千房FC,500004,FC第4エリア,526   ,高知野市店,2026/06/20,土,土曜,,雨,26.0,23.0,計,52835,30000,1.7612,1.1836,24200,2.1833,22,12,2401.6,0.96,12,1.8333,14,1.5714,10080,10440,0.1976,0.2117,,0,0.0000,0.0000,0.1976,0.2117,0,,,0.0000,
0002,千房FC,500004,FC第4エリア,526   ,高知野市店,2026/06/21,日,日祝,,晴,30.0,24.0,計,61383,30000,2.0461,1.3454,41444,1.4811,30,13,2046.1,1.30,17,1.7647,20,1.5000,10560,,0.0000,0.1513,,0,0.0000,0.0000,0.0000,0.1513,0,,,0.0000,
0002,千房FC,500004,FC第4エリア,526   ,高知野市店,2026/06/22,月,平日,,雨,28.0,21.0,計,23507,25000,0.9403,1.2906,21484,1.0942,11,6,2137.0,0.48,12,0.9167,12,0.9167,7700,11565,0.4920,0.1849,,0,0.0000,0.0000,0.4920,0.1849,0,,,0.0000,
0002,千房FC,500004,FC第4エリア,526   ,高知野市店,2026/06/23,火,平日,,曇,21.0,19.0,計,31240,25000,1.2496,1.2857,18378,1.6999,15,9,2082.7,0.65,12,1.2500,9,1.6667,7700,11249,0.3601,0.2051,,0,0.0000,0.0000,0.3601,0.2051,0,,,0.0000,
0002,千房FC,500004,FC第4エリア,526   ,高知野市店,2026/06/24,水,平日,休,雨,21.0,18.0,計,,0,,1.2857,,,,,,0,0,,,,0,,,0.2051,,0,,0.0000,,0.2051,0,,,,
0002,千房FC,500004,FC第4エリア,526   ,高知野市店,2026/06/25,木,平日,,雨,23.0,21.0,計,20838,25000,0.8335,1.2376,12453,1.6733,13,8,1602.9,0.57,12,1.0833,8,1.6250,7700,23289,1.1176,0.2705,,0,0.0000,0.0000,1.1176,0.2705,0,,,0.0000,
0002,千房FC,500004,FC第4エリア,526   ,高知野市店,2026/06/26,金,平日,,雨,26.0,23.0,計,27652,25000,1.1061,1.2250,54546,0.5069,17,9,1626.6,0.74,12,1.4167,17,1.0000,7700,2338,0.0846,0.2544,,0,0.0000,0.0000,0.0846,0.2544,0,,,0.0000,
0002,千房FC,500004,FC第4エリア,526   ,高知野市店,2026/06/27,土,土曜,,曇,27.0,22.0,計,57751,30000,1.9250,1.2974,32096,1.7993,31,14,1862.9,1.35,12,2.5833,21,1.4762,10080,7811,0.1353,0.2361,,0,0.0000,0.0000,0.1353,0.2361,0,,,0.0000,
0002,千房FC,500004,FC第4エリア,526   ,高知野市店,2026/06/28,日,日祝,,曇,26.0,23.0,計,42536,30000,1.4179,1.3087,33974,1.2520,19,10,2238.7,0.83,17,1.1176,21,0.9048,10560,2210,0.0520,0.2174,,0,0.0000,0.0000,0.0520,0.2174,0,,,0.0000,
0002,千房FC,500004,FC第4エリア,526   ,高知野市店,2026/06/29,月,平日,,晴,27.0,20.0,計,15523,25610,0.6061,1.2566,34147,0.4546,9,5,1724.8,0.39,12,0.7500,22,0.4091,7700,,0.0000,0.2096,,0,0.0000,0.0000,0.0000,0.2096,0,,,0.0000,
0002,千房FC,500004,FC第4エリア,526   ,高知野市店,2026/06/30,火,平日,,曇,27.0,21.0,計,18127,27200,0.6664,1.2136,11077,1.6365,13,9,1394.4,0.57,13,1.0000,6,2.1667,7700,4610,0.2543,0.2114,,0,0.0000,0.0000,0.2543,0.2114,0,,,0.0000,
0002,千房FC,500004,FC第4エリア,527   ,岡山大安寺店,2026/06/15,月,平日,,,,,計,145944,93000,1.5693,1.5693,65992,2.2115,79,39,1847.4,0.82,76,1.0395,57,1.3860,15035,,0.0000,0.0000,,0,0.0000,0.0000,0.0000,0.0000,0,,,0.0000,
0002,千房FC,500004,FC第4エリア,527   ,岡山大安寺店,2026/06/16,火,平日,,,,,計,55608,93000,0.5979,1.0836,121645,0.4571,39,24,1425.8,0.41,76,0.5132,59,0.6610,15035,,0.0000,0.0000,,0,0.0000,0.0000,0.0000,0.0000,0,,,0.0000,
0002,千房FC,500004,FC第4エリア,527   ,岡山大安寺店,2026/06/17,水,平日,,,,,計,97799,93000,1.0516,1.0729,77720,1.2584,100,45,978.0,1.04,76,1.3158,71,1.4085,15035,,0.0000,0.0000,,0,0.0000,0.0000,0.0000,0.0000,0,,,0.0000,
0002,千房FC,500004,FC第4エリア,527   ,岡山大安寺店,2026/06/18,木,平日,,,,,計,62540,93000,0.6725,0.9728,72183,0.8664,47,24,1330.6,0.49,76,0.6184,53,0.8868,15035,617,0.0099,0.0017,,0,0.0000,0.0000,0.0099,0.0017,0,,,0.0000,
0002,千房FC,500004,FC第4エリア,527   ,岡山大安寺店,2026/06/19,金,平日,,,,,計,78189,93000,0.8407,0.9464,110577,0.7071,65,38,1202.9,0.68,76,0.8553,90,0.7222,15035,,0.0000,0.0014,,0,0.0000,0.0000,0.0000,0.0014,0,,,0.0000,
0002,千房FC,500004,FC第4エリア,527   ,岡山大安寺店,2026/06/20,土,土曜,,,,,計,164421,180000,0.9135,0.9372,216684,0.7588,139,63,1182.9,1.45,144,0.9653,187,0.7433,32333,,0.0000,0.0010,,0,0.0000,0.0000,0.0000,0.0010,0,,,0.0000,
0002,千房FC,500004,FC第4エリア,527   ,岡山大安寺店,2026/06/21,日,日祝,,,,,計,200338,200000,1.0017,0.9525,286444,0.6994,146,64,1372.2,1.52,160,0.9125,203,0.7192,33950,,0.0000,0.0008,,0,0.0000,0.0000,0.0000,0.0008,0,,,0.0000,
0002,千房FC,500004,FC第4エリア,527   ,岡山大安寺店,2026/06/22,月,平日,,,,,計,119457,93000,1.2845,0.9854,142595,0.8377,65,32,1837.8,0.68,76,0.8553,117,0.5556,15035,,0.0000,0.0007,,0,0.0000,0.0000,0.0000,0.0007,0,,,0.0000,
0002,千房FC,500004,FC第4エリア,527   ,岡山大安寺店,2026/06/23,火,平日,,,,,計,54303,93000,0.5839,0.9492,140033,0.3878,48,27,1131.3,0.50,76,0.6316,101,0.4752,15035,,0.0000,0.0006,,0,0.0000,0.0000,0.0000,0.0006,0,,,0.0000,
0002,千房FC,500004,FC第4エリア,527   ,岡山大安寺店,2026/06/24,水,平日,,,,,計,78596,93000,0.8451,0.9406,90868,0.8649,53,30,1482.9,0.55,76,0.6974,93,0.5699,15035,,0.0000,0.0006,,0,0.0000,0.0000,0.0000,0.0006,0,,,0.0000,
0002,千房FC,500004,FC第4エリア,527   ,岡山大安寺店,2026/06/25,木,平日,,,,,計,90851,93000,0.9769,0.9433,62160,1.4616,67,36,1356.0,0.70,76,0.8816,55,1.2182,15035,99198,1.0919,0.0869,,0,0.0000,0.0000,1.0919,0.0869,0,,,0.0000,
0002,千房FC,500004,FC第4エリア,527   ,岡山大安寺店,2026/06/26,金,平日,,,,,計,82155,93000,0.8834,0.9391,92614,0.8871,57,31,1441.3,0.59,76,0.7500,80,0.7125,15035,,0.0000,0.0811,,0,0.0000,0.0000,0.0000,0.0811,0,,,0.0000,
0002,千房FC,500004,FC第4エリア,527   ,岡山大安寺店,2026/06/27,土,土曜,,,,,計,181716,190000,0.9564,0.9413,140368,1.2946,145,60,1253.2,1.51,152,0.9539,99,1.4646,32333,,0.0000,0.0707,,0,0.0000,0.0000,0.0000,0.0707,0,,,0.0000,
0002,千房FC,500004,FC第4エリア,527   ,岡山大安寺店,2026/06/28,日,日祝,,,,,計,173612,200000,0.8681,0.9327,175144,0.9913,121,56,1434.8,1.26,160,0.7563,127,0.9528,33950,,0.0000,0.0630,,0,0.0000,0.0000,0.0000,0.0630,0,,,0.0000,
0002,千房FC,500004,FC第4エリア,527   ,岡山大安寺店,2026/06/29,月,平日,,,,,計,68781,93000,0.7396,0.9226,98282,0.6998,54,24,1273.7,0.56,76,0.7105,62,0.8710,15035,,0.0000,0.0603,,0,0.0000,0.0000,0.0000,0.0603,0,,,0.0000,
0002,千房FC,500004,FC第4エリア,527   ,岡山大安寺店,2026/06/30,火,平日,,,,,計,139377,96082,1.4506,0.9495,68359,2.0389,71,37,1963.1,0.74,77,0.9221,59,1.2034,15035,,0.0000,0.0556,,0,0.0000,0.0000,0.0000,0.0556,0,,,0.0000,
0002,千房FC,500004,FC第4エリア,529   ,高知南国店,2026/06/15,月,平日,,曇,26.0,19.0,計,92374,70000,1.3196,1.3196,72157,1.2802,59,31,1565.7,1.34,55,1.0727,57,1.0351,14490,1992,0.0216,0.0216,,0,0.0000,0.0000,0.0216,0.0216,0,,,0.0000,
0002,千房FC,500004,FC第4エリア,529   ,高知南国店,2026/06/16,火,平日,,雨,25.0,19.0,計,68168,70000,0.9738,1.1467,85808,0.7944,45,23,1514.8,1.02,55,0.8182,69,0.6522,14490,25901,0.3800,0.1737,,0,0.0000,0.0000,0.3800,0.1737,0,,,0.0000,
0002,千房FC,500004,FC第4エリア,529   ,高知南国店,2026/06/17,水,平日,,曇,25.0,20.0,計,75578,70000,1.0797,1.1244,59446,1.2714,50,22,1511.6,1.14,55,0.9091,48,1.0417,14490,11300,0.1495,0.1660,,0,0.0000,0.0000,0.1495,0.1660,0,,,0.0000,
0002,千房FC,500004,FC第4エリア,529   ,高知南国店,2026/06/18,木,平日,,曇,27.0,20.0,計,45048,70000,0.6435,1.0042,101238,0.4450,36,17,1251.3,0.82,55,0.6545,71,0.5070,14490,47747,1.0599,0.3092,,0,0.0000,0.0000,1.0599,0.3092,0,,,0.0000,
0002,千房FC,500004,FC第4エリア,529   ,高知南国店,2026/06/19,金,平日,,雨,28.0,22.0,計,77980,70000,1.1140,1.0261,100444,0.7764,53,29,1471.3,1.20,55,0.9636,85,0.6235,14490,,0.0000,0.2421,,0,0.0000,0.0000,0.0000,0.2421,0,,,0.0000,
0002,千房FC,500004,FC第4エリア,529   ,高知南国店,2026/06/20,土,土曜,,雨,25.0,23.0,計,143630,130000,1.1048,1.0475,118457,1.2125,96,46,1496.1,2.18,107,0.8972,90,1.0667,27011,39785,0.2770,0.2521,,0,0.0000,0.0000,0.2770,0.2521,0,,,0.0000,
0002,千房FC,500004,FC第4エリア,529   ,高知南国店,2026/06/21,日,日祝,,晴,31.0,24.0,計,125117,130000,0.9624,1.0293,132880,0.9416,84,41,1489.5,1.91,104,0.8077,95,0.8842,27011,3790,0.0303,0.2079,,0,0.0000,0.0000,0.0303,0.2079,0,,,0.0000,
0002,千房FC,500004,FC第4エリア,529   ,高知南国店,2026/06/22,月,平日,,雨,29.0,22.0,計,76640,70000,1.0949,1.0361,74696,1.0260,56,27,1368.6,1.27,55,1.0182,67,0.8358,14490,,0.0000,0.1853,,0,0.0000,0.0000,0.0000,0.1853,0,,,0.0000,
0002,千房FC,500004,FC第4エリア,529   ,高知南国店,2026/06/23,火,平日,,曇,21.0,19.0,計,112493,70000,1.6070,1.0894,59781,1.8818,72,31,1562.4,1.64,55,1.3091,53,1.3585,14490,58562,0.5206,0.2314,,0,0.0000,0.0000,0.5206,0.2314,0,,,0.0000,
0002,千房FC,500004,FC第4エリア,529   ,高知南国店,2026/06/24,水,平日,,雨,21.0,18.0,計,90638,70000,1.2948,1.1069,59098,1.5337,43,24,2107.9,0.98,55,0.7818,49,0.8776,14490,,0.0000,0.2083,,0,0.0000,0.0000,0.0000,0.2083,0,,,0.0000,
0002,千房FC,500004,FC第4エリア,529   ,高知南国店,2026/06/25,木,平日,,雨,23.0,21.0,計,39181,70000,0.5597,1.0639,62437,0.6275,27,14,1451.1,0.61,55,0.4909,54,0.5000,14490,84647,2.1604,0.2891,,0,0.0000,0.0000,2.1604,0.2891,0,,,0.0000,
0002,千房FC,500004,FC第4エリア,529   ,高知南国店,2026/06/26,金,平日,,雨,26.0,23.0,計,55990,70000,0.7999,1.0446,58103,0.9636,37,21,1513.2,0.84,55,0.6727,53,0.6981,14490,7847,0.1402,0.2808,,0,0.0000,0.0000,0.1402,0.2808,0,,,0.0000,
0002,千房FC,500004,FC第4エリア,529   ,高知南国店,2026/06/27,土,土曜,,雨,28.0,22.0,計,98410,130000,0.7570,1.0103,88235,1.1153,67,29,1468.8,1.52,107,0.6262,83,0.8072,27011,28889,0.2936,0.2819,,0,0.0000,0.0000,0.2936,0.2819,0,,,0.0000,
0002,千房FC,500004,FC第4エリア,529   ,高知南国店,2026/06/28,日,日祝,,曇,27.0,23.0,計,104750,130000,0.8058,0.9885,137482,0.7619,67,28,1563.4,1.52,104,0.6442,91,0.7363,27011,3790,0.0362,0.2606,,0,0.0000,0.0000,0.0362,0.2606,0,,,0.0000,
0002,千房FC,500004,FC第4エリア,529   ,高知南国店,2026/06/29,月,平日,,晴,29.0,21.0,計,53786,70000,0.7684,0.9766,59876,0.8983,36,22,1494.1,0.82,55,0.6545,48,0.7500,14490,,0.0000,0.2494,,0,0.0000,0.0000,0.0000,0.2494,0,,,0.0000,
0002,千房FC,500004,FC第4エリア,529   ,高知南国店,2026/06/30,火,平日,,曇,27.0,22.0,計,86878,79521,1.0925,0.9833,67390,1.2892,55,29,1579.6,1.25,62,0.8871,45,1.2222,14490,5976,0.0688,0.2378,,0,0.0000,0.0000,0.0688,0.2378,0,,,0.0000,
0002,千房FC,500004,FC第4エリア,531   ,高松レインボー店,2026/06/15,月,平日,,曇,28.0,21.0,計,78743,105000,0.7499,0.7499,70833,1.1117,51,23,1544.0,0.80,54,0.9444,49,1.0408,0,1540,0.0196,0.0196,0,51116,0.6492,0.6492,0.6687,0.6687,2339,2019.9,,0.0000,
0002,千房FC,500004,FC第4エリア,531   ,高松レインボー店,2026/06/16,火,平日,,晴,26.0,20.0,計,115777,105000,1.1026,0.9263,65429,1.7695,71,36,1630.7,1.11,54,1.3148,43,1.6512,0,34978,0.3021,0.1877,0,44092,0.3808,0.4895,0.6830,0.6772,2309,3008.5,,0.0000,
0002,千房FC,500004,FC第4エリア,531   ,高松レインボー店,2026/06/17,水,平日,,曇,26.0,21.0,計,103370,105000,0.9845,0.9457,,,70,23,1476.7,1.09,54,1.2963,,,0,1750,0.0169,0.1285,0,31756,0.3072,0.4262,0.3241,0.5547,1657,3743.0,,0.0000,
0002,千房FC,500004,FC第4エリア,531   ,高松レインボー店,2026/06/18,木,平日,,晴,29.0,22.0,計,106107,105000,1.0105,0.9619,86893,1.2211,66,32,1607.7,1.03,54,1.2222,65,1.0154,0,55744,0.5254,0.2327,0,31048,0.2926,0.3911,0.8180,0.6238,1620,3929.9,,0.0000,
0002,千房FC,500004,FC第4エリア,531   ,高松レインボー店,2026/06/19,金,平日,,曇,28.0,22.0,計,111618,105000,1.0630,0.9821,136770,0.8161,66,29,1691.2,1.03,54,1.2222,93,0.7097,0,,0.0000,0.1823,0,34325,0.3075,0.3730,0.3075,0.5554,1755,3816.0,,0.0000,
0002,千房FC,500004,FC第4エリア,531   ,高松レインボー店,2026/06/20,土,土曜,,雨,28.0,23.0,計,225278,230000,0.9795,0.9813,201842,1.1161,158,62,1425.8,2.47,115,1.3739,147,1.0748,0,34335,0.1524,0.1732,0,69547,0.3087,0.3535,0.4611,0.5267,3810,3547.7,,0.0000,
0002,千房FC,500004,FC第4エリア,531   ,高松レインボー店,2026/06/21,日,日祝,,曇,29.0,24.0,計,232523,220000,1.0569,0.9984,203648,1.1418,132,53,1761.5,2.06,111,1.1892,135,0.9778,0,13907,0.0598,0.1461,0,67566,0.2906,0.3384,0.3504,0.4846,3424,4074.6,,0.0000,
0002,千房FC,500004,FC第4エリア,531   ,高松レインボー店,2026/06/22,月,平日,,雨,25.0,21.0,計,73359,110000,0.6669,0.9648,95900,0.7650,49,28,1497.1,0.77,57,0.8596,69,0.7101,0,330,0.0045,0.1362,0,27655,0.3770,0.3411,0.3815,0.4774,1443,3050.3,,0.0000,
0002,千房FC,500004,FC第4エリア,531   ,高松レインボー店,2026/06/23,火,平日,,曇,23.0,20.0,計,107918,110000,0.9811,0.9663,102352,1.0544,71,33,1520.0,1.11,57,1.2456,75,0.9467,0,83788,0.7764,0.1960,0,25191,0.2334,0.3311,1.0098,0.5271,1312,4935.3,,0.0000,
0002,千房FC,500004,FC第4エリア,531   ,高松レインボー店,2026/06/24,水,平日,,雨,21.0,19.0,計,88200,110000,0.8018,0.9524,,,51,18,1729.4,0.80,57,0.8947,,,0,1220,0.0138,0.1831,0,29340,0.3327,0.3312,0.3465,0.5143,1259,4203.3,,0.0000,
0002,千房FC,500004,FC第4エリア,531   ,高松レインボー店,2026/06/25,木,平日,,雨,23.0,20.0,計,98806,110000,0.8982,0.9482,77409,1.2764,62,31,1593.6,0.97,57,1.0877,53,1.1698,0,24745,0.2504,0.1881,0,32029,0.3242,0.3307,0.5746,0.5187,1670,3549.9,,0.0000,
0002,千房FC,500004,FC第4エリア,531   ,高松レインボー店,2026/06/26,金,平日,,雨,23.0,20.0,計,84782,105000,0.8074,0.9385,108121,0.7841,50,24,1695.6,0.78,54,0.9259,79,0.6329,0,,0.0000,0.1769,0,26140,0.3083,0.3293,0.3083,0.5062,1364,3729.4,,0.0000,
0002,千房FC,500004,FC第4エリア,531   ,高松レインボー店,2026/06/27,土,土曜,,曇,24.0,20.0,計,193318,230000,0.8405,0.9256,172976,1.1176,126,54,1534.3,1.97,115,1.0957,119,1.0588,0,960,0.0050,0.1564,0,52122,0.2696,0.3222,0.2746,0.4786,2645,4385.3,,0.0000,
0002,千房FC,500004,FC第4エリア,531   ,高松レインボー店,2026/06/28,日,日祝,,曇,26.0,21.0,計,227071,220000,1.0321,0.9375,182553,1.2439,135,58,1682.0,2.11,111,1.2162,119,1.1345,0,,0.0000,0.1371,0,32264,0.1421,0.3001,0.1421,0.4372,1675,8133.9,,0.0000,
0002,千房FC,500004,FC第4エリア,531   ,高松レインボー店,2026/06/29,月,平日,,曇,30.0,21.0,計,95868,105000,0.9130,0.9363,60985,1.5720,58,28,1652.9,0.91,54,1.0741,42,1.3810,0,,0.0000,0.1304,0,40017,0.4174,0.3059,0.4174,0.4362,2070,2778.8,,0.0000,
0002,千房FC,500004,FC第4エリア,531   ,高松レインボー店,2026/06/30,火,平日,,晴,29.0,22.0,計,139011,106547,1.3047,0.9543,73870,1.8818,82,22,1695.3,1.28,54,1.5185,53,1.5472,0,11048,0.0795,0.1270,0,30640,0.2204,0.3002,0.2999,0.4271,1593,5235.8,,0.0000,
0002,千房FC,500002,FC第2エリア,534   ,札幌アスティ４５店,2026/06/15,月,平日,,曇,20.0,17.0,計,59769,120000,0.4981,0.4981,116487,0.5131,44,28,1358.4,0.92,74,0.5946,69,0.6377,24120,2805,0.0469,0.0469,,0,0.0000,0.0000,0.0469,0.0469,0,,,0.0000,
0002,千房FC,500002,FC第2エリア,534   ,札幌アスティ４５店,2026/06/16,火,平日,,晴,23.0,16.0,計,222197,120000,1.8516,1.1749,111384,1.9949,114,42,1949.1,2.38,74,1.5405,68,1.6765,24120,86623,0.3898,0.3172,,0,0.0000,0.0000,0.3898,0.3172,0,,,0.0000,
0002,千房FC,500002,FC第2エリア,534   ,札幌アスティ４５店,2026/06/17,水,平日,,曇,26.0,15.0,計,107970,120000,0.8998,1.0832,111654,0.9670,79,42,1366.7,1.65,74,1.0676,63,1.2540,24120,9000,0.0834,0.2524,,0,0.0000,0.0000,0.0834,0.2524,0,,,0.0000,
0002,千房FC,500002,FC第2エリア,534   ,札幌アスティ４５店,2026/06/18,木,平日,,晴,28.0,16.0,計,130044,120000,1.0837,1.0833,133355,0.9752,80,45,1625.6,1.67,74,1.0811,76,1.0526,24120,,0.0000,0.1893,,0,0.0000,0.0000,0.0000,0.1893,0,,,0.0000,
0002,千房FC,500002,FC第2エリア,534   ,札幌アスティ４５店,2026/06/19,金,平日,,曇,25.0,19.0,計,316233,120000,2.6353,1.3937,145286,2.1766,127,56,2490.0,2.65,74,1.7162,82,1.5488,24120,62031,0.1962,0.1919,,0,0.0000,0.0000,0.1962,0.1919,0,,,0.0000,
0002,千房FC,500002,FC第2エリア,534   ,札幌アスティ４５店,2026/06/20,土,土曜,,晴,26.0,19.0,計,210124,200000,1.0506,1.3079,182657,1.1504,124,56,1694.5,2.58,120,1.0333,116,1.0690,48489,56079,0.2669,0.2069,,0,0.0000,0.0000,0.2669,0.2069,0,,,0.0000,
0002,千房FC,500002,FC第2エリア,534   ,札幌アスティ４５店,2026/06/21,日,日祝,,曇,25.0,18.0,計,143658,190000,0.7561,1.2020,142954,1.0049,90,44,1596.2,1.88,114,0.7895,86,1.0465,48450,,0.0000,0.1820,,0,0.0000,0.0000,0.0000,0.1820,0,,,0.0000,
0002,千房FC,500002,FC第2エリア,534   ,札幌アスティ４５店,2026/06/22,月,平日,,曇,20.0,16.0,計,141586,120000,1.1799,1.1996,84563,1.6743,69,35,2052.0,1.44,74,0.9324,60,1.1500,24120,2904,0.0205,0.1648,,0,0.0000,0.0000,0.0205,0.1648,0,,,0.0000,
0002,千房FC,500002,FC第2エリア,534   ,札幌アスティ４５店,2026/06/23,火,平日,,雨,15.0,13.0,計,82549,120000,0.6879,1.1497,130635,0.6319,55,34,1500.9,1.15,74,0.7432,69,0.7971,24120,83790,1.0150,0.2144,,0,0.0000,0.0000,1.0150,0.2144,0,,,0.0000,
0002,千房FC,500002,FC第2エリア,534   ,札幌アスティ４５店,2026/06/24,水,平日,,曇,22.0,13.0,計,147803,120000,1.2317,1.1570,99426,1.4866,87,53,1698.9,1.81,74,1.1757,68,1.2794,24120,,0.0000,0.1941,,0,0.0000,0.0000,0.0000,0.1941,0,,,0.0000,
0002,千房FC,500002,FC第2エリア,534   ,札幌アスティ４５店,2026/06/25,木,平日,,晴,26.0,14.0,計,197615,138316,1.4287,1.1822,148980,1.3265,103,53,1918.6,2.15,85,1.2118,77,1.3377,24120,4669,0.0236,0.1750,,0,0.0000,0.0000,0.0236,0.1750,0,,,0.0000,
0002,千房FC,500002,FC第2エリア,534   ,札幌アスティ４５店,2026/06/26,金,平日,,曇,22.0,18.0,計,167322,120000,1.3944,1.1981,189402,0.8834,86,46,1945.6,1.79,74,1.1622,98,0.8776,24120,122570,0.7325,0.2234,,0,0.0000,0.0000,0.7325,0.2234,0,,,0.0000,
0002,千房FC,500002,FC第2エリア,534   ,札幌アスティ４５店,2026/06/27,土,土曜,,曇,21.0,17.0,計,264294,200000,1.3215,1.2117,144094,1.8342,101,36,2616.8,2.10,120,0.8417,93,1.0860,48489,53379,0.2020,0.2208,,0,0.0000,0.0000,0.2020,0.2208,0,,,0.0000,
0002,千房FC,500002,FC第2エリア,534   ,札幌アスティ４５店,2026/06/28,日,日祝,,晴,21.0,17.0,計,195481,190000,1.0288,1.1943,178971,1.0923,109,50,1793.4,2.27,114,0.9561,91,1.1978,48450,,0.0000,0.2027,,0,0.0000,0.0000,0.0000,0.2027,0,,,0.0000,
0002,千房FC,500002,FC第2エリア,534   ,札幌アスティ４５店,2026/06/29,月,平日,,曇,21.0,16.0,計,129269,120000,1.0772,1.1877,101463,1.2741,80,43,1615.9,1.67,74,1.0811,72,1.1111,24120,16590,0.1283,0.1989,,0,0.0000,0.0000,0.1283,0.1989,0,,,0.0000,
0002,千房FC,500002,FC第2エリア,534   ,札幌アスティ４５店,2026/06/30,火,平日,,晴,22.0,16.0,計,107997,120000,0.9000,1.1723,98821,1.0929,65,34,1661.5,1.35,74,0.8784,61,1.0656,24120,57287,0.5305,0.2126,,0,0.0000,0.0000,0.5305,0.2126,0,,,0.0000,
0002,千房FC,500001,FC第1エリア,535   ,丸太町七本松店,2026/06/15,月,平日,,曇,27.0,19.0,計,14648,30000,0.4883,0.4883,41435,0.3535,12,7,1220.7,0.46,11,1.0909,22,0.5455,11930,11360,0.7755,0.7755,,0,0.0000,0.0000,0.7755,0.7755,0,,,0.0000,
0002,千房FC,500001,FC第1エリア,535   ,丸太町七本松店,2026/06/16,火,平日,,曇,27.0,19.0,計,115581,25000,4.6232,2.3678,13805,8.3724,24,6,4815.9,0.92,9,2.6667,18,1.3333,11930,13210,0.1143,0.1887,,0,0.0000,0.0000,0.1143,0.1887,0,,,0.0000,
0002,千房FC,500001,FC第1エリア,535   ,丸太町七本松店,2026/06/17,水,平日,休,曇,26.0,22.0,計,,0,,2.3678,,,,,,0,0,,,,0,,,0.1887,,0,,0.0000,,0.1887,0,,,,
0002,千房FC,500001,FC第1エリア,535   ,丸太町七本松店,2026/06/18,木,平日,,曇,31.0,22.0,計,27320,30000,0.9107,1.8535,26500,1.0309,15,11,1821.3,0.58,11,1.3636,26,0.5769,11930,,0.0000,0.1560,,0,0.0000,0.0000,0.0000,0.1560,0,,,0.0000,
0002,千房FC,500001,FC第1エリア,535   ,丸太町七本松店,2026/06/19,金,平日,,晴,32.0,23.0,計,18708,30000,0.6236,1.5327,29085,0.6432,15,9,1247.2,0.58,11,1.3636,16,0.9375,11930,1530,0.0818,0.1481,,0,0.0000,0.0000,0.0818,0.1481,0,,,0.0000,
0002,千房FC,500001,FC第1エリア,535   ,丸太町七本松店,2026/06/20,土,土曜,,雨,26.0,23.0,計,14009,35000,0.4003,1.2684,51260,0.2733,9,6,1556.6,0.35,19,0.4737,27,0.3333,18690,,0.0000,0.1372,,0,0.0000,0.0000,0.0000,0.1372,0,,,0.0000,
0002,千房FC,500001,FC第1エリア,535   ,丸太町七本松店,2026/06/21,日,日祝,,曇,29.0,23.0,計,18100,30000,0.6033,1.1576,13689,1.3222,12,8,1508.3,0.46,18,0.6667,7,1.7143,15890,,0.0000,0.1253,,0,0.0000,0.0000,0.0000,0.1253,0,,,0.0000,
0002,千房FC,500001,FC第1エリア,535   ,丸太町七本松店,2026/06/22,月,平日,,曇,24.0,21.0,計,800,30000,0.0267,0.9960,15500,0.0516,1,1,800.0,0.04,11,0.0909,10,0.1000,11930,12890,16.1125,0.1864,,0,0.0000,0.0000,16.1125,0.1864,0,,,0.0000,
0002,千房FC,500001,FC第1エリア,535   ,丸太町七本松店,2026/06/23,火,平日,,曇,25.0,20.0,計,10211,30000,0.3404,0.9141,33383,0.3059,11,6,928.3,0.42,11,1.0000,14,0.7857,11930,24734,2.4223,0.2905,,0,0.0000,0.0000,2.4223,0.2905,0,,,0.0000,
0002,千房FC,500001,FC第1エリア,535   ,丸太町七本松店,2026/06/24,水,平日,休,雨,23.0,18.0,計,,0,,0.9141,,,,,,0,0,,,,0,,,0.2905,,0,,0.0000,,0.2905,0,,,,
0002,千房FC,500001,FC第1エリア,535   ,丸太町七本松店,2026/06/25,木,平日,,雨,22.0,21.0,計,23078,30000,0.7693,0.8980,24697,0.9344,12,9,1923.2,0.46,11,1.0909,18,0.6667,11930,,0.0000,0.2628,,0,0.0000,0.0000,0.0000,0.2628,0,,,0.0000,
0002,千房FC,500001,FC第1エリア,535   ,丸太町七本松店,2026/06/26,金,平日,,雨,23.0,20.0,計,7356,30000,0.2452,0.8327,28732,0.2560,8,5,919.5,0.31,11,0.7273,15,0.5333,11930,,0.0000,0.2551,,0,0.0000,0.0000,0.0000,0.2551,0,,,0.0000,
0002,千房FC,500001,FC第1エリア,535   ,丸太町七本松店,2026/06/27,土,土曜,,雨,25.0,20.0,計,36227,35000,1.0351,0.8538,20512,1.7661,17,10,2131.0,0.65,19,0.8947,13,1.3077,18690,,0.0000,0.2228,,0,0.0000,0.0000,0.0000,0.2228,0,,,0.0000,
0002,千房FC,500001,FC第1エリア,535   ,丸太町七本松店,2026/06/28,日,日祝,,曇,27.0,21.0,計,53501,27000,1.9815,0.9380,37750,1.4172,31,15,1725.8,1.19,16,1.9375,27,1.1481,15890,,0.0000,0.1877,,0,0.0000,0.0000,0.0000,0.1877,0,,,0.0000,
0002,千房FC,500001,FC第1エリア,535   ,丸太町七本松店,2026/06/29,月,平日,,晴,31.0,22.0,計,37474,25000,1.4990,0.9742,16965,2.2089,26,13,1441.3,1.00,9,2.8889,9,2.8889,11930,18510,0.4939,0.2181,,0,0.0000,0.0000,0.4939,0.2181,0,,,0.0000,
0002,千房FC,500001,FC第1エリア,535   ,丸太町七本松店,2026/06/30,火,平日,,晴,31.0,23.0,計,23617,30000,0.7872,0.9607,16936,1.3945,16,9,1476.1,0.62,11,1.4545,8,2.0000,11930,20962,0.8876,0.2576,,0,0.0000,0.0000,0.8876,0.2576,0,,,0.0000,
0002,千房FC,500002,FC第2エリア,541   ,仙台一番町店,2026/06/15,月,平日,,曇,23.0,19.0,計,,80000,0.0000,0.0000,,,,,,0,32,0.0000,,,25813,,,,,0,,,,,0,,,,
0002,千房FC,500002,FC第2エリア,541   ,仙台一番町店,2026/06/16,火,平日,,晴,26.0,16.0,計,68778,80000,0.8597,0.4299,45247,1.5201,23,9,2990.3,0.43,32,0.7188,21,1.0952,25813,37322,0.5426,0.5426,,0,0.0000,0.0000,0.5426,0.5426,0,,,0.0000,
0002,千房FC,500002,FC第2エリア,541   ,仙台一番町店,2026/06/17,水,平日,,晴,25.0,18.0,計,100131,80000,1.2516,0.7038,28004,3.5756,26,11,3851.2,0.48,32,0.8125,16,1.6250,25813,15839,0.1582,0.3147,,0,0.0000,0.0000,0.1582,0.3147,0,,,0.0000,
0002,千房FC,500002,FC第2エリア,541   ,仙台一番町店,2026/06/18,木,平日,,曇,23.0,18.0,計,42549,80000,0.5319,0.6608,27811,1.5299,19,10,2239.4,0.35,32,0.5938,14,1.3571,25813,10118,0.2378,0.2993,,0,0.0000,0.0000,0.2378,0.2993,0,,,0.0000,
0002,千房FC,500002,FC第2エリア,541   ,仙台一番町店,2026/06/19,金,平日,,雨,25.0,19.0,計,75487,100000,0.7549,0.6832,135463,0.5573,23,13,3282.0,0.43,40,0.5750,51,0.4510,25813,20424,0.2706,0.2917,,0,0.0000,0.0000,0.2706,0.2917,0,,,0.0000,
0002,千房FC,500002,FC第2エリア,541   ,仙台一番町店,2026/06/20,土,土曜,,曇,20.0,18.0,計,201571,160000,1.2598,0.8423,162651,1.2393,82,35,2458.2,1.52,64,1.2813,54,1.5185,51626,3969,0.0197,0.1795,,0,0.0000,0.0000,0.0197,0.1795,0,,,0.0000,
0002,千房FC,500002,FC第2エリア,541   ,仙台一番町店,2026/06/21,日,日祝,,雨,19.0,18.0,計,45867,150000,0.3058,0.7320,79289,0.5785,19,11,2414.1,0.35,74,0.2568,35,0.5429,48400,,0.0000,0.1641,,0,0.0000,0.0000,0.0000,0.1641,0,,,0.0000,
0002,千房FC,500002,FC第2エリア,541   ,仙台一番町店,2026/06/22,月,平日,,雨,18.0,16.0,計,70404,85000,0.8283,0.7421,87373,0.8058,27,17,2607.6,0.50,34,0.7941,29,0.9310,25813,9144,0.1299,0.1601,,0,0.0000,0.0000,0.1299,0.1601,0,,,0.0000,
0002,千房FC,500002,FC第2エリア,541   ,仙台一番町店,2026/06/23,火,平日,,雨,16.0,15.0,計,440161,85000,5.1784,1.1611,35232,12.4932,251,13,1753.6,4.65,34,7.3824,17,14.7647,25813,4937,0.0112,0.0974,,0,0.0000,0.0000,0.0112,0.0974,0,,,0.0000,
0002,千房FC,500002,FC第2エリア,541   ,仙台一番町店,2026/06/24,水,平日,,晴,23.0,14.0,計,81504,85000,0.9589,1.1436,63464,1.2843,30,13,2716.8,0.56,34,0.8824,29,1.0345,25813,19630,0.2408,0.1078,,0,0.0000,0.0000,0.2408,0.1078,0,,,0.0000,
0002,千房FC,500002,FC第2エリア,541   ,仙台一番町店,2026/06/25,木,平日,,曇,21.0,18.0,計,65342,85000,0.7687,1.1138,114979,0.5683,23,12,2841.0,0.43,34,0.6765,44,0.5227,25813,4043,0.0619,0.1052,,0,0.0000,0.0000,0.0619,0.1052,0,,,0.0000,
0002,千房FC,500002,FC第2エリア,541   ,仙台一番町店,2026/06/26,金,平日,,雨,21.0,19.0,計,157746,100000,1.5775,1.1535,386267,0.4084,49,22,3219.3,0.91,40,1.2250,210,0.2333,25813,26643,0.1689,0.1127,,0,0.0000,0.0000,0.1689,0.1127,0,,,0.0000,
0002,千房FC,500002,FC第2エリア,541   ,仙台一番町店,2026/06/27,土,土曜,,晴,27.0,20.0,計,211749,160000,1.3234,1.1739,147964,1.4311,79,30,2680.4,1.46,64,1.2344,56,1.4107,51626,35239,0.1664,0.1200,,0,0.0000,0.0000,0.1664,0.1200,0,,,0.0000,
0002,千房FC,500002,FC第2エリア,541   ,仙台一番町店,2026/06/28,日,日祝,,晴,26.0,19.0,計,158964,150000,1.0598,1.1623,96474,1.6477,61,27,2606.0,1.13,74,0.8243,51,1.1961,48400,4100,0.0258,0.1113,,0,0.0000,0.0000,0.0258,0.1113,0,,,0.0000,
0002,千房FC,500002,FC第2エリア,541   ,仙台一番町店,2026/06/29,月,平日,,晴,25.0,19.0,計,33238,85000,0.3910,1.1204,72666,0.4574,11,7,3021.6,0.20,34,0.3235,32,0.3438,25813,14268,0.4293,0.1173,,0,0.0000,0.0000,0.4293,0.1173,0,,,0.0000,
0002,千房FC,500002,FC第2エリア,541   ,仙台一番町店,2026/06/30,火,平日,,晴,26.0,20.0,計,114825,85494,1.3431,1.1320,27914,4.1135,33,15,3479.5,0.61,34,0.9706,17,1.9412,25813,17350,0.1511,0.1194,,0,0.0000,0.0000,0.1511,0.1194,0,,,0.0000,
0002,千房FC,500004,FC第4エリア,542   ,広島パセーラ店,2026/06/15,月,平日,,曇,27.0,20.0,計,93210,85000,1.0966,1.0966,62275,1.4967,48,25,1941.9,0.86,51,0.9412,38,1.2632,57120,1234,0.0132,0.0132,,0,0.0000,0.0000,0.0132,0.0132,0,,,0.0000,
0002,千房FC,500004,FC第4エリア,542   ,広島パセーラ店,2026/06/16,火,平日,,晴,28.0,20.0,計,28154,85000,0.3312,0.7139,23570,1.1945,23,21,1224.1,0.41,51,0.4510,18,1.2778,57120,,0.0000,0.0102,,0,0.0000,0.0000,0.0000,0.0102,0,,,0.0000,
0002,千房FC,500004,FC第4エリア,542   ,広島パセーラ店,2026/06/17,水,平日,休,曇,26.0,21.0,計,,0,,0.7139,,,,,,0,0,,,,0,,,0.0102,,0,,0.0000,,0.0102,0,,,,
0002,千房FC,500004,FC第4エリア,542   ,広島パセーラ店,2026/06/18,木,平日,,晴,30.0,21.0,計,27433,85000,0.3227,0.5835,69852,0.3927,21,17,1306.3,0.38,51,0.4118,43,0.4884,57120,45256,1.6497,0.3124,,0,0.0000,0.0000,1.6497,0.3124,0,,,0.0000,
0002,千房FC,500004,FC第4エリア,542   ,広島パセーラ店,2026/06/19,金,平日,,曇,28.0,23.0,計,41780,85000,0.4915,0.5605,36587,1.1419,30,20,1392.7,0.54,51,0.5882,28,1.0714,57120,,0.0000,0.2439,,0,0.0000,0.0000,0.0000,0.2439,0,,,0.0000,
0002,千房FC,500004,FC第4エリア,542   ,広島パセーラ店,2026/06/20,土,土曜,,雨,24.0,23.0,計,173476,120000,1.4456,0.7914,147495,1.1761,115,59,1508.5,2.05,78,1.4744,105,1.0952,82578,,0.0000,0.1277,,0,0.0000,0.0000,0.0000,0.1277,0,,,0.0000,
0002,千房FC,500004,FC第4エリア,542   ,広島パセーラ店,2026/06/21,日,日祝,,曇,28.0,23.0,計,179314,130000,1.3793,0.9210,216142,0.8296,100,43,1793.1,1.79,86,1.1628,114,0.8772,82578,,0.0000,0.0856,,0,0.0000,0.0000,0.0000,0.0856,0,,,0.0000,
0002,千房FC,500004,FC第4エリア,542   ,広島パセーラ店,2026/06/22,月,平日,,雨,23.0,21.0,計,70466,80000,0.8808,0.9162,39279,1.7940,43,27,1638.7,0.77,48,0.8958,35,1.2286,57120,,0.0000,0.0757,,0,0.0000,0.0000,0.0000,0.0757,0,,,0.0000,
0002,千房FC,500004,FC第4エリア,542   ,広島パセーラ店,2026/06/23,火,平日,,曇,22.0,20.0,計,139662,80000,1.7458,1.0047,48935,2.8540,73,37,1913.2,1.30,48,1.5208,33,2.2121,57120,5534,0.0396,0.0690,,0,0.0000,0.0000,0.0396,0.0690,0,,,0.0000,
0002,千房FC,500004,FC第4エリア,542   ,広島パセーラ店,2026/06/24,水,平日,休,雨,21.0,19.0,計,,0,,1.0047,47400,0.0000,,,,0,0,,29,0.0000,0,,,0.0690,,0,,0.0000,,0.0690,0,,,,
0002,千房FC,500004,FC第4エリア,542   ,広島パセーラ店,2026/06/25,木,平日,,雨,22.0,20.0,計,94054,85000,1.1065,1.0150,80544,1.1677,60,37,1567.6,1.07,51,1.1765,50,1.2000,57120,31006,0.3297,0.0980,,0,0.0000,0.0000,0.3297,0.0980,0,,,0.0000,
0002,千房FC,500004,FC第4エリア,542   ,広島パセーラ店,2026/06/26,金,平日,,雨,22.0,21.0,計,81385,85000,0.9575,1.0097,73735,1.1038,59,35,1379.4,1.05,51,1.1569,43,1.3721,57120,93140,1.1444,0.1896,,0,0.0000,0.0000,1.1444,0.1896,0,,,0.0000,
0002,千房FC,500004,FC第4エリア,542   ,広島パセーラ店,2026/06/27,土,土曜,,曇,27.0,20.0,計,141117,120000,1.1760,1.0289,170608,0.8271,91,42,1550.7,1.63,78,1.1667,119,0.7647,82578,,0.0000,0.1646,,0,0.0000,0.0000,0.0000,0.1646,0,,,0.0000,
0002,千房FC,500004,FC第4エリア,542   ,広島パセーラ店,2026/06/28,日,日祝,,晴,27.0,22.0,計,140528,130000,1.0810,1.0347,104601,1.3435,103,43,1364.3,1.84,86,1.1977,67,1.5373,82578,,0.0000,0.1455,,0,0.0000,0.0000,0.0000,0.1455,0,,,0.0000,
0002,千房FC,500004,FC第4エリア,542   ,広島パセーラ店,2026/06/29,月,平日,,晴,30.0,21.0,計,80199,85000,0.9435,1.0285,130174,0.6161,51,30,1572.5,0.91,51,1.0000,57,0.8947,57120,,0.0000,0.1365,,0,0.0000,0.0000,0.0000,0.1365,0,,,0.0000,
0002,千房FC,500004,FC第4エリア,542   ,広島パセーラ店,2026/06/30,火,平日,,晴,28.0,22.0,計,77515,86005,0.9013,1.0203,74220,1.0444,47,27,1649.3,0.84,51,0.9216,37,1.2703,57120,,0.0000,0.1288,,0,0.0000,0.0000,0.0000,0.1288,0,,,0.0000,
0002,千房FC,500002,FC第2エリア,544   ,静岡パルシェ店,2026/06/15,月,平日,,曇,25.0,18.0,計,114961,115000,0.9997,0.9997,124869,0.9207,52,32,2210.8,1.30,69,0.7536,58,0.8966,22616,104285,0.9071,0.9071,,0,0.0000,0.0000,0.9071,0.9071,0,,,0.0000,
0002,千房FC,500002,FC第2エリア,544   ,静岡パルシェ店,2026/06/16,火,平日,,曇,25.0,20.0,計,128252,115000,1.1152,1.0574,85824,1.4944,57,38,2250.0,1.43,69,0.8261,49,1.1633,22616,,0.0000,0.4288,,0,0.0000,0.0000,0.0000,0.4288,0,,,0.0000,
0002,千房FC,500002,FC第2エリア,544   ,静岡パルシェ店,2026/06/17,水,平日,,曇,26.0,19.0,計,120041,115000,1.0438,1.0529,153136,0.7839,43,30,2791.7,1.08,69,0.6232,68,0.6324,22616,,0.0000,0.2871,,0,0.0000,0.0000,0.0000,0.2871,0,,,0.0000,
0002,千房FC,500002,FC第2エリア,544   ,静岡パルシェ店,2026/06/18,木,平日,,曇,28.0,19.0,計,110248,115000,0.9587,1.0294,69167,1.5939,50,30,2205.0,1.25,69,0.7246,36,1.3889,22616,67823,0.6152,0.3635,,0,0.0000,0.0000,0.6152,0.3635,0,,,0.0000,
0002,千房FC,500002,FC第2エリア,544   ,静岡パルシェ店,2026/06/19,金,平日,,曇,27.0,22.0,計,174366,115000,1.5162,1.1267,132809,1.3129,86,46,2027.5,2.15,69,1.2464,55,1.5636,22616,20940,0.1201,0.2980,,0,0.0000,0.0000,0.1201,0.2980,0,,,0.0000,
0002,千房FC,500002,FC第2エリア,544   ,静岡パルシェ店,2026/06/20,土,土曜,,雨,24.0,21.0,計,355483,230000,1.5456,1.2464,160936,2.2088,177,83,2008.4,4.43,122,1.4508,87,2.0345,39270,,0.0000,0.1924,,0,0.0000,0.0000,0.0000,0.1924,0,,,0.0000,
0002,千房FC,500002,FC第2エリア,544   ,静岡パルシェ店,2026/06/21,日,日祝,,晴,33.0,20.0,計,144453,195000,0.7408,1.1478,216809,0.6663,66,35,2188.7,1.65,97,0.6804,111,0.5946,37245,,0.0000,0.1682,,0,0.0000,0.0000,0.0000,0.1682,0,,,0.0000,
0002,千房FC,500002,FC第2エリア,544   ,静岡パルシェ店,2026/06/22,月,平日,,曇,26.0,22.0,計,115399,115000,1.0035,1.1329,107911,1.0694,45,25,2564.4,1.13,69,0.6522,56,0.8036,22616,136468,1.1826,0.2609,,0,0.0000,0.0000,1.1826,0.2609,0,,,0.0000,
0002,千房FC,500002,FC第2エリア,544   ,静岡パルシェ店,2026/06/23,火,平日,,曇,25.0,22.0,計,70763,115000,0.6153,1.0845,88780,0.7971,35,25,2021.8,0.88,69,0.5072,50,0.7000,22616,8320,0.1176,0.2533,,0,0.0000,0.0000,0.1176,0.2533,0,,,0.0000,
0002,千房FC,500002,FC第2エリア,544   ,静岡パルシェ店,2026/06/24,水,平日,,曇,26.0,20.0,計,79922,115000,0.6950,1.0512,159432,0.5013,30,22,2664.1,0.75,69,0.4348,64,0.4688,22616,,0.0000,0.2389,,0,0.0000,0.0000,0.0000,0.2389,0,,,0.0000,
0002,千房FC,500002,FC第2エリア,544   ,静岡パルシェ店,2026/06/25,木,平日,,雨,21.0,20.0,計,82571,115000,0.7180,1.0250,90250,0.9149,33,21,2502.2,0.83,69,0.4783,51,0.6471,22616,23533,0.2850,0.2415,,0,0.0000,0.0000,0.2850,0.2415,0,,,0.0000,
0002,千房FC,500002,FC第2エリア,544   ,静岡パルシェ店,2026/06/26,金,平日,,雨,26.0,21.0,計,154934,115000,1.3473,1.0485,141063,1.0983,71,40,2182.2,1.78,69,1.0290,71,1.0000,22616,6246,0.0403,0.2226,,0,0.0000,0.0000,0.0403,0.2226,0,,,0.0000,
0002,千房FC,500002,FC第2エリア,544   ,静岡パルシェ店,2026/06/27,土,土曜,,雨,23.0,21.0,計,117356,210000,0.5588,0.9909,218365,0.5374,52,26,2256.8,1.30,112,0.4643,106,0.4906,39270,,0.0000,0.2078,,0,0.0000,0.0000,0.0000,0.2078,0,,,0.0000,
0002,千房FC,500002,FC第2エリア,544   ,静岡パルシェ店,2026/06/28,日,日祝,,雨,23.0,22.0,計,256065,195000,1.3132,1.0226,264879,0.9667,118,57,2170.0,2.95,97,1.2165,148,0.7973,37245,7480,0.0292,0.1852,,0,0.0000,0.0000,0.0292,0.1852,0,,,0.0000,
0002,千房FC,500002,FC第2エリア,544   ,静岡パルシェ店,2026/06/29,月,平日,,雨,24.0,22.0,計,80844,115000,0.7030,1.0051,67690,1.1943,41,23,1971.8,1.03,69,0.5942,39,1.0513,22616,33164,0.4102,0.1939,,0,0.0000,0.0000,0.4102,0.1939,0,,,0.0000,
0002,千房FC,500002,FC第2エリア,544   ,静岡パルシェ店,2026/06/30,火,平日,,晴,28.0,21.0,計,123975,116243,1.0665,1.0083,73730,1.6815,50,26,2479.5,1.25,69,0.7246,36,1.3889,22616,1582,0.0128,0.1838,,0,0.0000,0.0000,0.0128,0.1838,0,,,0.0000,
0002,千房FC,500001,FC第1エリア,546   ,江坂店,2026/06/15,月,平日,,曇,27.0,19.0,計,84026,70000,1.2004,1.2004,47429,1.7716,54,33,1556.0,1.59,42,1.2857,33,1.6364,13090,22991,0.2736,0.2736,,0,0.0000,0.0000,0.2736,0.2736,0,,,0.0000,
0002,千房FC,500001,FC第1エリア,546   ,江坂店,2026/06/16,火,平日,休,晴,27.0,20.0,計,,0,,1.2004,,,,,,0,0,,,,0,,,0.2736,,0,,0.0000,,0.2736,0,,,,
0002,千房FC,500001,FC第1エリア,546   ,江坂店,2026/06/17,水,平日,,曇,28.0,22.0,計,69019,70000,0.9860,1.0932,73991,0.9328,41,29,1683.4,1.21,42,0.9762,42,0.9762,13090,,0.0000,0.1502,,0,0.0000,0.0000,0.0000,0.1502,0,,,0.0000,
0002,千房FC,500001,FC第1エリア,546   ,江坂店,2026/06/18,木,平日,,晴,29.0,21.0,計,45408,70000,0.6487,0.9450,109420,0.4150,33,24,1376.0,0.97,42,0.7857,49,0.6735,13090,16967,0.3737,0.2013,,0,0.0000,0.0000,0.3737,0.2013,0,,,0.0000,
0002,千房FC,500001,FC第1エリア,546   ,江坂店,2026/06/19,金,平日,,晴,31.0,23.0,計,48280,80000,0.6035,0.8508,82904,0.5824,18,12,2682.2,0.53,48,0.3750,38,0.4737,13090,46599,0.9652,0.3508,,0,0.0000,0.0000,0.9652,0.3508,0,,,0.0000,
0002,千房FC,500001,FC第1エリア,546   ,江坂店,2026/06/20,土,土曜,,雨,25.0,23.0,計,109965,140000,0.7855,0.8295,175193,0.6277,49,20,2244.2,1.44,84,0.5833,81,0.6049,24479,2550,0.0232,0.2498,,0,0.0000,0.0000,0.0232,0.2498,0,,,0.0000,
0002,千房FC,500001,FC第1エリア,546   ,江坂店,2026/06/21,日,日祝,,曇,29.0,24.0,計,95347,150000,0.6356,0.7794,167559,0.5690,49,22,1945.9,1.44,75,0.6533,85,0.5765,24479,,0.0000,0.1971,,0,0.0000,0.0000,0.0000,0.1971,0,,,0.0000,
0002,千房FC,500001,FC第1エリア,546   ,江坂店,2026/06/22,月,平日,,雨,24.0,22.0,計,42825,70000,0.6118,0.7613,88960,0.4814,32,26,1338.3,0.94,42,0.7619,46,0.6957,13090,18043,0.4213,0.2165,,0,0.0000,0.0000,0.4213,0.2165,0,,,0.0000,
0002,千房FC,500001,FC第1エリア,546   ,江坂店,2026/06/23,火,平日,,晴,25.0,20.0,計,61744,70000,0.8821,0.7731,,,32,15,1929.5,0.94,42,0.7619,,,13090,8460,0.1370,0.2077,,0,0.0000,0.0000,0.1370,0.2077,0,,,0.0000,
0002,千房FC,500001,FC第1エリア,546   ,江坂店,2026/06/24,水,平日,,雨,23.0,19.0,計,37836,70000,0.5405,0.7525,44540,0.8495,23,14,1645.0,0.68,42,0.5476,21,1.0952,13090,,0.0000,0.1945,,0,0.0000,0.0000,0.0000,0.1945,0,,,0.0000,
0002,千房FC,500001,FC第1エリア,546   ,江坂店,2026/06/25,木,平日,,雨,23.0,20.0,計,41188,70000,0.5884,0.7391,40332,1.0212,29,21,1420.3,0.85,42,0.6905,30,0.9667,13090,42628,1.0350,0.2489,,0,0.0000,0.0000,1.0350,0.2489,0,,,0.0000,
0002,千房FC,500001,FC第1エリア,546   ,江坂店,2026/06/26,金,平日,,雨,24.0,20.0,計,83903,70000,1.1986,0.7737,112677,0.7446,50,31,1678.1,1.47,42,1.1905,55,0.9091,13090,42442,0.5058,0.2789,,0,0.0000,0.0000,0.5058,0.2789,0,,,0.0000,
0002,千房FC,500001,FC第1エリア,546   ,江坂店,2026/06/27,土,土曜,,曇,25.0,20.0,計,113658,150000,0.7577,0.7715,127060,0.8945,54,25,2104.8,1.59,90,0.6000,54,1.0000,24479,10680,0.0940,0.2537,,0,0.0000,0.0000,0.0940,0.2537,0,,,0.0000,
0002,千房FC,500001,FC第1エリア,546   ,江坂店,2026/06/28,日,日祝,,曇,28.0,20.0,計,147963,140000,1.0569,0.8042,131158,1.1281,60,27,2466.1,1.76,70,0.8571,60,1.0000,24479,,0.0000,0.2154,,0,0.0000,0.0000,0.0000,0.2154,0,,,0.0000,
0002,千房FC,500001,FC第1エリア,546   ,江坂店,2026/06/29,月,平日,,晴,31.0,23.0,計,86454,70000,1.2351,0.8276,44366,1.9487,45,32,1921.2,1.32,42,1.0714,23,1.9565,13090,25043,0.2897,0.2214,,0,0.0000,0.0000,0.2897,0.2214,0,,,0.0000,
0002,千房FC,500001,FC第1エリア,546   ,江坂店,2026/06/30,火,平日,休,晴,30.0,23.0,計,,0,,0.8276,,,,,,0,0,,,,0,,,0.2214,,0,,0.0000,,0.2214,0,,,,
0002,千房FC,500002,FC第2エリア,554   ,ザ・モール仙台長町店,2026/06/15,月,平日,,曇,23.0,19.0,計,59789,70000,0.8541,0.8541,70662,0.8461,37,18,1615.9,0.74,38,0.9737,51,0.7255,0,10823,0.1810,0.1810,,0,0.0000,0.0000,0.1810,0.1810,0,,,0.0000,
0002,千房FC,500002,FC第2エリア,554   ,ザ・モール仙台長町店,2026/06/16,火,平日,,晴,26.0,15.0,計,40135,70000,0.5734,0.7137,40633,0.9877,27,14,1486.5,0.54,38,0.7105,32,0.8438,0,3356,0.0836,0.1419,,0,0.0000,0.0000,0.0836,0.1419,0,,,0.0000,
0002,千房FC,500002,FC第2エリア,554   ,ザ・モール仙台長町店,2026/06/17,水,平日,,晴,25.0,18.0,計,52911,70000,0.7559,0.7278,48790,1.0845,36,22,1469.8,0.72,38,0.9474,28,1.2857,0,26842,0.5073,0.2684,,0,0.0000,0.0000,0.5073,0.2684,0,,,0.0000,
0002,千房FC,500002,FC第2エリア,554   ,ザ・モール仙台長町店,2026/06/18,木,平日,,曇,23.0,18.0,計,42110,70000,0.6016,0.6962,61228,0.6878,32,18,1315.9,0.64,38,0.8421,39,0.8205,0,,0.0000,0.2104,,0,0.0000,0.0000,0.0000,0.2104,0,,,0.0000,
0002,千房FC,500002,FC第2エリア,554   ,ザ・モール仙台長町店,2026/06/19,金,平日,,曇,25.0,19.0,計,81263,70000,1.1609,0.7892,117030,0.6944,48,25,1693.0,0.96,38,1.2632,62,0.7742,0,70178,0.8636,0.4026,,0,0.0000,0.0000,0.8636,0.4026,0,,,0.0000,
0002,千房FC,500002,FC第2エリア,554   ,ザ・モール仙台長町店,2026/06/20,土,土曜,,曇,20.0,19.0,計,232704,210000,1.1081,0.9088,180398,1.2899,164,71,1418.9,3.28,127,1.2913,107,1.5327,0,19541,0.0840,0.2569,,0,0.0000,0.0000,0.0840,0.2569,0,,,0.0000,
0002,千房FC,500002,FC第2エリア,554   ,ザ・モール仙台長町店,2026/06/21,日,日祝,,雨,19.0,18.0,計,227100,200000,1.1355,0.9684,235617,0.9639,148,65,1534.5,2.96,126,1.1746,146,1.0137,0,8390,0.0369,0.1890,,0,0.0000,0.0000,0.0369,0.1890,0,,,0.0000,
0002,千房FC,500002,FC第2エリア,554   ,ザ・モール仙台長町店,2026/06/22,月,平日,,雨,18.0,16.0,計,76721,70000,1.0960,0.9792,70219,1.0926,41,23,1871.2,0.82,38,1.0789,42,0.9762,0,21173,0.2760,0.1972,,0,0.0000,0.0000,0.2760,0.1972,0,,,0.0000,
0002,千房FC,500002,FC第2エリア,554   ,ザ・モール仙台長町店,2026/06/23,火,平日,,雨,16.0,15.0,計,30333,70000,0.4333,0.9367,62420,0.4860,15,9,2022.2,0.30,38,0.3947,33,0.4545,0,16840,0.5552,0.2101,,0,0.0000,0.0000,0.5552,0.2101,0,,,0.0000,
0002,千房FC,500002,FC第2エリア,554   ,ザ・モール仙台長町店,2026/06/24,水,平日,,晴,23.0,14.0,計,227419,70000,3.2488,1.1036,51604,4.4070,24,14,9475.8,0.48,38,0.6316,33,0.7273,0,25573,0.1124,0.1894,,0,0.0000,0.0000,0.1124,0.1894,0,,,0.0000,
0002,千房FC,500002,FC第2エリア,554   ,ザ・モール仙台長町店,2026/06/25,木,平日,,曇,21.0,18.0,計,53659,70000,0.7666,1.0809,66745,0.8039,39,20,1375.9,0.78,38,1.0263,42,0.9286,0,19570,0.3647,0.1977,,0,0.0000,0.0000,0.3647,0.1977,0,,,0.0000,
0002,千房FC,500002,FC第2エリア,554   ,ザ・モール仙台長町店,2026/06/26,金,平日,,雨,21.0,19.0,計,65845,70000,0.9406,1.0721,88089,0.7475,39,20,1688.3,0.78,38,1.0263,46,0.8478,0,98080,1.4896,0.2692,,0,0.0000,0.0000,1.4896,0.2692,0,,,0.0000,
0002,千房FC,500002,FC第2エリア,554   ,ザ・モール仙台長町店,2026/06/27,土,土曜,,晴,27.0,21.0,計,215526,210000,1.0263,1.0648,254311,0.8475,136,61,1584.8,2.72,127,1.0709,143,0.9510,0,12466,0.0578,0.2368,,0,0.0000,0.0000,0.0578,0.2368,0,,,0.0000,
0002,千房FC,500002,FC第2エリア,554   ,ザ・モール仙台長町店,2026/06/28,日,日祝,,晴,26.0,19.0,計,159520,200000,0.7976,1.0296,187466,0.8509,104,47,1533.8,2.08,126,0.8254,119,0.8740,0,,0.0000,0.2127,,0,0.0000,0.0000,0.0000,0.2127,0,,,0.0000,
0002,千房FC,500002,FC第2エリア,554   ,ザ・モール仙台長町店,2026/06/29,月,平日,,晴,25.0,19.0,計,51428,70000,0.7347,1.0166,144468,0.3560,31,15,1659.0,0.62,38,0.8158,21,1.4762,0,13877,0.2698,0.2145,,0,0.0000,0.0000,0.2698,0.2145,0,,,0.0000,
0002,千房FC,500002,FC第2エリア,554   ,ザ・モール仙台長町店,2026/06/30,火,平日,,晴,25.0,20.0,計,64522,77625,0.8312,1.0080,60227,1.0713,32,20,2016.3,0.64,42,0.7619,34,0.9412,0,5013,0.0777,0.2092,,0,0.0000,0.0000,0.0777,0.2092,0,,,0.0000,
0002,千房FC,500003,FC第3エリア,558   ,ADVANCE 広尾店,2026/06/15,月,平日,,曇,22.0,18.0,計,228687,230000,0.9943,0.9943,217300,1.0524,13,6,17591.3,0.62,21,0.6190,6,2.1667,0,48214,0.2108,0.2108,,33773,0.1477,0.1477,0.3585,0.3585,1288,10653.1,,0.0000,
0002,千房FC,500003,FC第3エリア,558   ,ADVANCE 広尾店,2026/06/16,火,平日,,晴,26.0,17.0,計,67300,230000,0.2926,0.6435,145301,0.4632,4,2,16825.0,0.19,21,0.1905,13,0.3077,0,31401,0.4666,0.2690,,6410,0.0952,0.1358,0.5618,0.4047,259,15590.7,,0.0000,
0002,千房FC,500003,FC第3エリア,558   ,ADVANCE 広尾店,2026/06/17,水,平日,,晴,27.0,19.0,計,340050,230000,1.4785,0.9218,315755,1.0769,20,8,17002.5,0.95,21,0.9524,18,1.1111,0,35288,0.1038,0.1807,,36561,0.1075,0.1207,0.2113,0.3013,1406,14511.4,,0.0000,
0002,千房FC,500003,FC第3エリア,558   ,ADVANCE 広尾店,2026/06/18,木,平日,,曇,25.0,20.0,計,98220,230000,0.4270,0.7981,142260,0.6904,6,2,16370.0,0.29,21,0.2857,9,0.6667,0,50390,0.5130,0.2251,,13843,0.1409,0.1234,0.6540,0.3485,551,10695.5,,0.0000,
0002,千房FC,500003,FC第3エリア,558   ,ADVANCE 広尾店,2026/06/19,金,平日,,曇,28.0,20.0,計,134800,240000,0.5617,0.7492,140865,0.9569,13,4,10369.2,0.62,22,0.5909,13,1.0000,0,46911,0.3480,0.2442,,18481,0.1371,0.1255,0.4851,0.3697,701,11537.8,,0.0000,
0002,千房FC,500003,FC第3エリア,558   ,ADVANCE 広尾店,2026/06/20,土,土曜,,雨,23.0,21.0,計,337192,260000,1.2969,0.8495,325691,1.0353,25,8,13487.7,1.19,10,2.5000,28,0.8929,0,36978,0.1097,0.2066,,48791,0.1447,0.1309,0.2544,0.3374,1805,11208.6,,0.0000,
0002,千房FC,500003,FC第3エリア,558   ,ADVANCE 広尾店,2026/06/21,日,日祝,,曇,26.0,22.0,計,366420,260000,1.4093,0.9361,306361,1.1960,26,11,14093.1,1.24,9,2.8889,33,0.7879,0,14052,0.0383,0.1674,,34493,0.0941,0.1223,0.1325,0.2897,1304,16859.8,,0.0000,
0002,千房FC,500003,FC第3エリア,558   ,ADVANCE 広尾店,2026/06/22,月,平日,,曇,27.0,21.0,計,244150,230000,1.0615,0.9512,280950,0.8690,17,4,14361.8,0.81,21,0.8095,12,1.4167,0,12725,0.0521,0.1519,,19168,0.0785,0.1164,0.1306,0.2683,723,20261.4,,0.0000,
0002,千房FC,500003,FC第3エリア,558   ,ADVANCE 広尾店,2026/06/23,火,平日,,曇,23.0,19.0,計,169000,230000,0.7348,0.9280,134700,1.2546,15,5,11266.7,0.71,21,0.7143,10,1.5000,0,63967,0.3785,0.1712,,18106,0.1071,0.1156,0.4856,0.2868,689,14717.0,,0.0000,
0002,千房FC,500003,FC第3エリア,558   ,ADVANCE 広尾店,2026/06/24,水,平日,,曇,25.0,19.0,計,380675,230000,1.6551,0.9985,114300,3.3305,16,6,23792.2,0.76,21,0.7619,7,2.2857,0,15507,0.0407,0.1502,,46527,0.1222,0.1167,0.1630,0.2669,1784,12803.0,,0.0000,
0002,千房FC,500003,FC第3エリア,558   ,ADVANCE 広尾店,2026/06/25,木,平日,,雨,22.0,20.0,計,71745,230000,0.3119,0.9378,35100,2.0440,2,1,35872.5,0.10,21,0.0952,5,0.4000,0,31421,0.4380,0.1587,,30286,0.4221,0.1257,0.8601,0.2843,1209,3560.5,,0.0000,
0002,千房FC,500003,FC第3エリア,558   ,ADVANCE 広尾店,2026/06/26,金,平日,,雨,24.0,20.0,計,294495,230000,1.2804,0.9656,117850,2.4989,15,4,19633.0,0.71,21,0.7143,7,2.1429,0,45518,0.1546,0.1582,,17647,0.0599,0.1186,0.2145,0.2768,690,25608.3,,0.0000,
0002,千房FC,500003,FC第3エリア,558   ,ADVANCE 広尾店,2026/06/27,土,土曜,,雨,23.0,21.0,計,201568,260000,0.7753,0.9496,239001,0.8434,14,6,14397.7,0.67,10,1.4000,21,0.6667,0,35474,0.1760,0.1594,,49547,0.2458,0.1273,0.4218,0.2868,1826,6623.3,,0.0000,
0002,千房FC,500003,FC第3エリア,558   ,ADVANCE 広尾店,2026/06/28,日,日祝,,雨,23.0,20.0,計,383401,260000,1.4746,0.9904,443456,0.8646,27,10,14200.0,1.29,9,3.0000,24,1.1250,0,10443,0.0272,0.1442,,39647,0.1034,0.1246,0.1306,0.2687,1511,15224.4,,0.0000,
0002,千房FC,500003,FC第3エリア,558   ,ADVANCE 広尾店,2026/06/29,月,平日,,曇,26.0,20.0,計,252250,230000,1.0967,0.9972,353650,0.7133,14,3,18017.9,0.67,21,0.6667,16,0.8750,0,16048,0.0636,0.1385,,21267,0.0843,0.1217,0.1479,0.2602,839,18039.3,,0.0000,
0002,千房FC,500003,FC第3エリア,558   ,ADVANCE 広尾店,2026/06/30,火,平日,,晴,28.0,22.0,計,85110,231131,0.3682,0.9590,74720,1.1391,8,4,10638.8,0.38,21,0.3810,10,0.8000,0,9931,0.1167,0.1380,,15559,0.1828,0.1231,0.2995,0.2611,621,8223.2,,0.0000,
0002,千房FC,500004,FC第4エリア,560   ,イオンモール白山店,2026/06/15,月,平日,,曇,25.0,20.0,計,91084,93000,0.9794,0.9794,93458,0.9746,58,28,1570.4,1.16,61,0.9508,72,0.8056,0,,0.0000,0.0000,,0,0.0000,0.0000,0.0000,0.0000,0,,,0.0000,
0002,千房FC,500004,FC第4エリア,560   ,イオンモール白山店,2026/06/16,火,平日,,晴,26.0,18.0,計,53512,93000,0.5754,0.7774,74549,0.7178,36,21,1486.4,0.72,61,0.5902,57,0.6316,0,,0.0000,0.0000,,0,0.0000,0.0000,0.0000,0.0000,0,,,0.0000,
0002,千房FC,500004,FC第4エリア,560   ,イオンモール白山店,2026/06/17,水,平日,,晴,28.0,21.0,計,45680,93000,0.4912,0.6820,55548,0.8224,34,18,1343.5,0.68,61,0.5574,42,0.8095,0,,0.0000,0.0000,,0,0.0000,0.0000,0.0000,0.0000,0,,,0.0000,
0002,千房FC,500004,FC第4エリア,560   ,イオンモール白山店,2026/06/18,木,平日,,曇,27.0,22.0,計,92581,93000,0.9955,0.7604,55194,1.6774,60,26,1543.0,1.20,61,0.9836,36,1.6667,0,78068,0.8432,0.2760,,0,0.0000,0.0000,0.8432,0.2760,0,,,0.0000,
0002,千房FC,500004,FC第4エリア,560   ,イオンモール白山店,2026/06/19,金,平日,,晴,28.0,21.0,計,127420,93000,1.3701,0.8823,79643,1.5999,89,41,1431.7,1.78,61,1.4590,59,1.5085,0,,0.0000,0.1903,,0,0.0000,0.0000,0.0000,0.1903,0,,,0.0000,
0002,千房FC,500004,FC第4エリア,560   ,イオンモール白山店,2026/06/20,土,土曜,,雨,25.0,22.0,計,276597,210000,1.3171,1.0176,220431,1.2548,189,70,1463.5,3.78,144,1.3125,154,1.2273,0,7400,0.0268,0.1244,,0,0.0000,0.0000,0.0268,0.1244,0,,,0.0000,
0002,千房FC,500004,FC第4エリア,560   ,イオンモール白山店,2026/06/21,日,日祝,,曇,25.0,21.0,計,239448,200000,1.1972,1.0587,209999,1.1402,153,62,1565.0,3.06,140,1.0929,150,1.0200,0,3780,0.0158,0.0963,,0,0.0000,0.0000,0.0158,0.0963,0,,,0.0000,
0002,千房FC,500004,FC第4エリア,560   ,イオンモール白山店,2026/06/22,月,平日,,曇,21.0,19.0,計,62295,93000,0.6698,1.0213,79700,0.7816,42,22,1483.2,0.84,61,0.6885,52,0.8077,0,,0.0000,0.0903,,0,0.0000,0.0000,0.0000,0.0903,0,,,0.0000,
0002,千房FC,500004,FC第4エリア,560   ,イオンモール白山店,2026/06/23,火,平日,,曇,25.0,19.0,計,89395,93000,0.9612,1.0160,69277,1.2904,60,30,1489.9,1.20,61,0.9836,50,1.2000,0,,0.0000,0.0828,,0,0.0000,0.0000,0.0000,0.0828,0,,,0.0000,
0002,千房FC,500004,FC第4エリア,560   ,イオンモール白山店,2026/06/24,水,平日,,晴,26.0,18.0,計,101932,93000,1.0960,1.0225,77254,1.3194,70,32,1456.2,1.40,61,1.1475,58,1.2069,0,,0.0000,0.0756,,0,0.0000,0.0000,0.0000,0.0756,0,,,0.0000,
0002,千房FC,500004,FC第4エリア,560   ,イオンモール白山店,2026/06/25,木,平日,,雨,26.0,20.0,計,77313,93000,0.8313,1.0082,101192,0.7640,53,28,1458.7,1.06,61,0.8689,66,0.8030,0,,0.0000,0.0710,,0,0.0000,0.0000,0.0000,0.0710,0,,,0.0000,
0002,千房FC,500004,FC第4エリア,560   ,イオンモール白山店,2026/06/26,金,平日,,雨,24.0,21.0,計,98436,93000,1.0585,1.0117,70629,1.3937,61,29,1613.7,1.22,61,1.0000,46,1.3261,0,79490,0.8075,0.1245,,0,0.0000,0.0000,0.8075,0.1245,0,,,0.0000,
0002,千房FC,500004,FC第4エリア,560   ,イオンモール白山店,2026/06/27,土,土曜,,曇,24.0,20.0,計,210428,220000,0.9565,1.0039,228426,0.9212,151,64,1393.6,3.02,151,1.0000,161,0.9379,0,14095,0.0670,0.1167,,0,0.0000,0.0000,0.0670,0.1167,0,,,0.0000,
0002,千房FC,500004,FC第4エリア,560   ,イオンモール白山店,2026/06/28,日,日祝,,晴,26.0,20.0,計,240626,200000,1.2031,1.0266,256986,0.9363,166,77,1449.6,3.32,140,1.1857,190,0.8737,0,3780,0.0157,0.1033,,0,0.0000,0.0000,0.0157,0.1033,0,,,0.0000,
0002,千房FC,500004,FC第4エリア,560   ,イオンモール白山店,2026/06/29,月,平日,,晴,26.0,20.0,計,72457,92349,0.7846,1.0145,70239,1.0316,52,25,1393.4,1.04,60,0.8667,61,0.8525,0,,0.0000,0.0993,,0,0.0000,0.0000,0.0000,0.0993,0,,,0.0000,
0002,千房FC,500004,FC第4エリア,560   ,イオンモール白山店,2026/06/30,火,平日,,曇,29.0,21.0,計,49164,90000,0.5463,0.9928,66178,0.7429,30,15,1638.8,0.60,59,0.5085,48,0.6250,0,,0.0000,0.0968,,0,0.0000,0.0000,0.0000,0.0968,0,,,0.0000,
0002,千房FC,500001,FC第1エリア,561   ,京都祇園店,2026/06/15,月,平日,,曇,26.0,19.0,計,79100,95000,0.8326,0.8326,96044,0.8236,42,18,1883.3,1.02,32,1.3125,50,0.8400,0,4550,0.0575,0.0575,,0,0.0000,0.0000,0.0575,0.0575,0,,,0.0000,
0002,千房FC,500001,FC第1エリア,561   ,京都祇園店,2026/06/16,火,平日,,曇,26.0,18.0,計,99261,95000,1.0449,0.9387,90669,1.0948,31,12,3202.0,0.76,32,0.9688,38,0.8158,0,,0.0000,0.0255,,0,0.0000,0.0000,0.0000,0.0255,0,,,0.0000,
0002,千房FC,500001,FC第1エリア,561   ,京都祇園店,2026/06/17,水,平日,,曇,25.0,22.0,計,59530,95000,0.6266,0.8347,105402,0.5648,21,9,2834.8,0.51,32,0.6563,53,0.3962,0,10540,0.1771,0.0634,,0,0.0000,0.0000,0.1771,0.0634,0,,,0.0000,
0002,千房FC,500001,FC第1エリア,561   ,京都祇園店,2026/06/18,木,平日,,曇,30.0,21.0,計,66733,95000,0.7025,0.8016,127964,0.5215,34,10,1962.7,0.83,32,1.0625,59,0.5763,0,,0.0000,0.0495,,0,0.0000,0.0000,0.0000,0.0495,0,,,0.0000,
0002,千房FC,500001,FC第1エリア,561   ,京都祇園店,2026/06/19,金,平日,,晴,31.0,22.0,計,90369,95000,0.9513,0.8316,138845,0.6509,38,13,2378.1,0.93,32,1.1875,65,0.5846,0,25388,0.2809,0.1025,,0,0.0000,0.0000,0.2809,0.1025,0,,,0.0000,
0002,千房FC,500001,FC第1エリア,561   ,京都祇園店,2026/06/20,土,土曜,,雨,25.0,23.0,計,69989,130000,0.5384,0.7686,192843,0.3629,37,14,1891.6,0.90,52,0.7115,79,0.4684,0,16967,0.2424,0.1235,,0,0.0000,0.0000,0.2424,0.1235,0,,,0.0000,
0002,千房FC,500001,FC第1エリア,561   ,京都祇園店,2026/06/21,日,日祝,,曇,28.0,23.0,計,130674,120000,1.0890,0.8216,65252,2.0026,58,21,2253.0,1.41,48,1.2083,31,1.8710,0,,0.0000,0.0964,,0,0.0000,0.0000,0.0000,0.0964,0,,,0.0000,
0002,千房FC,500001,FC第1エリア,561   ,京都祇園店,2026/06/22,月,平日,,曇,24.0,21.0,計,62168,95000,0.6544,0.8022,114691,0.5420,27,9,2302.5,0.66,32,0.8438,49,0.5510,0,6485,0.1043,0.0972,,0,0.0000,0.0000,0.1043,0.0972,0,,,0.0000,
0002,千房FC,500001,FC第1エリア,561   ,京都祇園店,2026/06/23,火,平日,,曇,25.0,20.0,計,51287,95000,0.5399,0.7750,87851,0.5838,28,13,1831.7,0.68,32,0.8750,36,0.7778,0,3060,0.0597,0.0945,,0,0.0000,0.0000,0.0597,0.0945,0,,,0.0000,
0002,千房FC,500001,FC第1エリア,561   ,京都祇園店,2026/06/24,水,平日,,雨,23.0,18.0,計,107034,95000,1.1267,0.8081,43756,2.4462,36,12,2973.2,0.88,32,1.1250,17,2.1176,0,,0.0000,0.0821,,0,0.0000,0.0000,0.0000,0.0821,0,,,0.0000,
0002,千房FC,500001,FC第1エリア,561   ,京都祇園店,2026/06/25,木,平日,,雨,22.0,20.0,計,74896,100000,0.7490,0.8027,71372,1.0494,33,10,2269.6,0.80,33,1.0000,37,0.8919,0,,0.0000,0.0752,,0,0.0000,0.0000,0.0000,0.0752,0,,,0.0000,
0002,千房FC,500001,FC第1エリア,561   ,京都祇園店,2026/06/26,金,平日,,雨,23.0,20.0,計,40268,100000,0.4027,0.7697,116474,0.3457,20,9,2013.4,0.49,33,0.6061,41,0.4878,0,11496,0.2855,0.0843,,0,0.0000,0.0000,0.2855,0.0843,0,,,0.0000,
0002,千房FC,500001,FC第1エリア,561   ,京都祇園店,2026/06/27,土,土曜,,雨,24.0,20.0,計,81178,130000,0.6244,0.7556,98143,0.8271,32,12,2536.8,0.78,52,0.6154,40,0.8000,0,3060,0.0377,0.0805,,0,0.0000,0.0000,0.0377,0.0805,0,,,0.0000,
0002,千房FC,500001,FC第1エリア,561   ,京都祇園店,2026/06/28,日,日祝,,曇,27.0,20.0,計,80925,120000,0.6744,0.7489,51258,1.5788,37,16,2187.2,0.90,48,0.7708,31,1.1935,0,,0.0000,0.0746,,0,0.0000,0.0000,0.0000,0.0746,0,,,0.0000,
0002,千房FC,500001,FC第1エリア,561   ,京都祇園店,2026/06/29,月,平日,,曇,30.0,22.0,計,66842,95000,0.7036,0.7461,113699,0.5879,36,14,1856.7,0.88,32,1.1250,48,0.7500,0,13505,0.2020,0.0819,,0,0.0000,0.0000,0.2020,0.0819,0,,,0.0000,
0002,千房FC,500001,FC第1エリア,561   ,京都祇園店,2026/06/30,火,平日,,晴,31.0,23.0,計,223060,95000,2.3480,0.8384,30450,7.3255,107,14,2084.7,2.61,32,3.3438,14,7.6429,0,,0.0000,0.0687,,0,0.0000,0.0000,0.0000,0.0687,0,,,0.0000,
0002,千房FC,500002,FC第2エリア,562   ,せんちゅうパル店,2026/06/15,月,平日,,曇,27.0,19.0,計,380201,195000,1.9497,1.9497,191726,1.9830,82,45,4636.6,3.04,136,0.6029,125,0.6560,0,,0.0000,0.0000,0,89371,0.2351,0.2351,0.2351,0.2351,3623,6296.5,,0.0000,
0002,千房FC,500002,FC第2エリア,562   ,せんちゅうパル店,2026/06/16,火,平日,,晴,26.0,19.0,計,148809,195000,0.7631,1.3564,198497,0.7497,91,52,1635.3,3.37,136,0.6691,122,0.7459,0,,0.0000,0.0000,0,87014,0.5847,0.3334,0.5847,0.3334,3633,2457.6,,0.0000,
0002,千房FC,500002,FC第2エリア,562   ,せんちゅうパル店,2026/06/17,水,平日,休,曇,28.0,22.0,計,,0,,1.3564,,,,,,0,0,,,,0,,,0.0000,0,0,,0.3334,,0.3334,0,,,,
0002,千房FC,500002,FC第2エリア,562   ,せんちゅうパル店,2026/06/18,木,平日,,晴,29.0,21.0,計,112163,195000,0.5752,1.0960,194462,0.5768,66,39,1699.4,2.44,136,0.4853,119,0.5546,0,,0.0000,0.0000,0,68481,0.6105,0.3819,0.6105,0.3819,3191,2109.0,,0.0000,
0002,千房FC,500002,FC第2エリア,562   ,せんちゅうパル店,2026/06/19,金,平日,,晴,30.0,22.0,計,201585,195000,1.0338,1.0805,235941,0.8544,113,53,1783.9,4.19,136,0.8309,140,0.8071,0,,0.0000,0.0000,0,78456,0.3892,0.3836,0.3892,0.3836,3325,3637.6,,0.0000,
0002,千房FC,500002,FC第2エリア,562   ,せんちゅうパル店,2026/06/20,土,土曜,,雨,25.0,24.0,計,241074,250000,0.9643,1.0523,259629,0.9285,135,66,1785.7,5.00,161,0.8385,169,0.7988,0,,0.0000,0.0000,0,98179,0.4073,0.3889,0.4073,0.3889,4002,3614.3,,0.0000,
0002,千房FC,500002,FC第2エリア,562   ,せんちゅうパル店,2026/06/21,日,日祝,,曇,29.0,24.0,計,238907,270000,0.8848,1.0175,278174,0.8588,127,54,1881.2,4.70,175,0.7257,182,0.6978,0,,0.0000,0.0000,0,95153,0.3983,0.3906,0.3983,0.3906,3749,3823.5,,0.0000,
0002,千房FC,500002,FC第2エリア,562   ,せんちゅうパル店,2026/06/22,月,平日,,雨,24.0,21.0,計,158527,200000,0.7926,0.9875,191742,0.8268,79,46,2006.7,2.93,139,0.5683,125,0.6320,0,,0.0000,0.0000,0,88993,0.5614,0.4089,0.5614,0.4089,3945,2411.1,,0.0000,
0002,千房FC,500002,FC第2エリア,562   ,せんちゅうパル店,2026/06/23,火,平日,,曇,25.0,20.0,計,234331,200000,1.1717,1.0092,155408,1.5078,102,52,2297.4,3.78,139,0.7338,99,1.0303,0,,0.0000,0.0000,0,66941,0.2857,0.3920,0.2857,0.3920,3056,4600.7,,0.0000,
0002,千房FC,500002,FC第2エリア,562   ,せんちゅうパル店,2026/06/24,水,平日,休,雨,23.0,19.0,計,,0,,1.0092,,,,,,0,0,,,,0,,,0.0000,0,0,,0.3920,,0.3920,0,,,,
0002,千房FC,500002,FC第2エリア,562   ,せんちゅうパル店,2026/06/25,木,平日,,雨,23.0,20.0,計,148582,200000,0.7429,0.9811,155961,0.9527,90,55,1650.9,3.33,139,0.6475,98,0.9184,0,,0.0000,0.0000,0,68879,0.4636,0.3977,0.4636,0.3977,3222,2766.9,,0.0000,
0002,千房FC,500002,FC第2エリア,562   ,せんちゅうパル店,2026/06/26,金,平日,,雨,24.0,20.0,計,155415,200000,0.7771,0.9617,176624,0.8799,84,44,1850.2,3.11,140,0.6000,108,0.7778,0,,0.0000,0.0000,0,68486,0.4407,0.4010,0.4407,0.4010,2925,3188.0,,0.0000,
0002,千房FC,500002,FC第2エリア,562   ,せんちゅうパル店,2026/06/27,土,土曜,,曇,25.0,20.0,計,238639,250000,0.9546,0.9610,258905,0.9217,136,62,1754.7,5.04,161,0.8447,159,0.8553,0,,0.0000,0.0000,0,76602,0.3210,0.3926,0.3210,0.3926,3382,4233.7,,0.0000,
0002,千房FC,500002,FC第2エリア,562   ,せんちゅうパル店,2026/06/28,日,日祝,,曇,28.0,20.0,計,213535,260000,0.8213,0.9470,267433,0.7985,116,54,1840.8,4.30,169,0.6864,177,0.6554,0,,0.0000,0.0000,0,79505,0.3723,0.3908,0.3723,0.3908,3403,3764.9,,0.0000,
0002,千房FC,500002,FC第2エリア,562   ,せんちゅうパル店,2026/06/29,月,平日,,晴,31.0,23.0,計,187003,195000,0.9590,0.9479,157816,1.1849,73,44,2561.7,2.70,136,0.5368,94,0.7766,0,,0.0000,0.0000,0,77768,0.4159,0.3926,0.4159,0.3926,3099,3620.6,,0.0000,
0002,千房FC,500002,FC第2エリア,562   ,せんちゅうパル店,2026/06/30,火,平日,,晴,29.0,23.0,計,90226,195000,0.4627,0.9163,149822,0.6022,61,34,1479.1,2.26,136,0.4485,98,0.6224,0,1089682,12.0773,0.3964,0,67647,0.7498,0.4043,12.8270,0.8007,2925,1850.8,,0.0000,
0002,千房FC,500003,FC第3エリア,563   ,北新地,2026/06/15,月,平日,,曇,28.0,20.0,計,334891,220000,1.5222,1.5222,201250,1.6641,28,6,11960.4,,20,1.4000,22,1.2727,6960,27867,0.0832,0.0832,,0,0.0000,0.0000,0.0832,0.0832,0,,,0.0000,
0002,千房FC,500003,FC第3エリア,563   ,北新地,2026/06/16,火,平日,,晴,27.0,20.0,計,417625,230000,1.8158,1.6723,106470,3.9225,26,5,16062.5,,21,1.2381,14,1.8571,6960,3123,0.0075,0.0412,,0,0.0000,0.0000,0.0075,0.0412,0,,,0.0000,
0002,千房FC,500003,FC第3エリア,563   ,北新地,2026/06/17,水,平日,,曇,28.0,22.0,計,62460,240000,0.2603,1.1811,196180,0.3184,6,3,10410.0,,22,0.2727,16,0.3750,6960,7682,0.1230,0.0475,,0,0.0000,0.0000,0.1230,0.0475,0,,,0.0000,
0002,千房FC,500003,FC第3エリア,563   ,北新地,2026/06/18,木,平日,,晴,29.0,21.0,計,277320,200000,1.3866,1.2273,17160,16.1608,25,9,11092.8,,19,1.3158,2,12.5000,6960,6467,0.0233,0.0413,,0,0.0000,0.0000,0.0233,0.0413,0,,,0.0000,
0002,千房FC,500003,FC第3エリア,563   ,北新地,2026/06/19,金,平日,,晴,31.0,23.0,計,289090,230000,1.2569,1.2334,146100,1.9787,22,10,13140.5,,21,1.0476,13,1.6923,6960,3640,0.0126,0.0353,,0,0.0000,0.0000,0.0126,0.0353,0,,,0.0000,
0002,千房FC,500003,FC第3エリア,563   ,北新地,2026/06/20,土,土曜,休,雨,26.0,23.0,計,,0,,1.2334,192000,0.0000,,,,,0,,10,0.0000,9280,,,0.0353,,0,,0.0000,,0.0353,0,,,,
0002,千房FC,500003,FC第3エリア,563   ,北新地,2026/06/21,日,日祝,休,曇,29.0,24.0,計,,0,,1.2334,,,,,,,0,,,,0,,,0.0353,,0,,0.0000,,0.0353,0,,,,
0002,千房FC,500003,FC第3エリア,563   ,北新地,2026/06/22,月,平日,,雨,25.0,22.0,計,172260,220000,0.7830,1.1594,69060,2.4944,24,8,7177.5,,20,1.2000,8,3.0000,6960,32046,0.1860,0.0520,,0,0.0000,0.0000,0.1860,0.0520,0,,,0.0000,
0002,千房FC,500003,FC第3エリア,563   ,北新地,2026/06/23,火,平日,,晴,25.0,21.0,計,7864,220000,0.0357,1.0010,123280,0.0638,6,1,1310.7,,20,0.3000,11,0.5455,6960,,0.0000,0.0518,,0,0.0000,0.0000,0.0000,0.0518,0,,,0.0000,
0002,千房FC,500003,FC第3エリア,563   ,北新地,2026/06/24,水,平日,,雨,23.0,20.0,計,194660,230000,0.8463,0.9811,208923,0.9317,18,8,10814.4,,21,0.8571,19,0.9474,6960,,0.0000,0.0460,,0,0.0000,0.0000,0.0000,0.0460,0,,,0.0000,
0002,千房FC,500003,FC第3エリア,563   ,北新地,2026/06/25,木,平日,,雨,23.0,20.0,計,266812,200000,1.3341,1.0166,196184,1.3600,25,8,10672.5,,19,1.3158,22,1.1364,6960,27022,0.1013,0.0533,,0,0.0000,0.0000,0.1013,0.0533,0,,,0.0000,
0002,千房FC,500003,FC第3エリア,563   ,北新地,2026/06/26,金,平日,,雨,23.0,20.0,計,159104,250000,0.6364,0.9741,520060,0.3059,19,8,8373.9,,23,0.8261,38,0.5000,6960,7240,0.0455,0.0527,,0,0.0000,0.0000,0.0455,0.0527,0,,,0.0000,
0002,千房FC,500003,FC第3エリア,563   ,北新地,2026/06/27,土,土曜,,曇,25.0,20.0,計,63280,230000,0.2751,0.9091,,,11,4,5752.7,,21,0.5238,,,9280,,0.0000,0.0513,,0,0.0000,0.0000,0.0000,0.0513,0,,,0.0000,
0002,千房FC,500003,FC第3エリア,563   ,北新地,2026/06/28,日,日祝,休,曇,28.0,20.0,計,,0,,0.9091,,,,,,,0,,,,0,,,0.0513,,0,,0.0000,,0.0513,0,,,,
0002,千房FC,500003,FC第3エリア,563   ,北新地,2026/06/29,月,平日,,晴,31.0,23.0,計,78070,200000,0.3904,0.8702,116305,0.6713,6,3,13011.7,,19,0.3158,5,1.2000,6960,12110,0.1551,0.0547,,0,0.0000,0.0000,0.1551,0.0547,0,,,0.0000,
0002,千房FC,500003,FC第3エリア,563   ,北新地,2026/06/30,火,平日,,晴,30.0,24.0,計,217660,199500,1.0910,0.8856,108760,2.0013,22,9,9893.6,,18,1.2222,7,3.1429,6960,,0.0000,0.0501,,0,0.0000,0.0000,0.0000,0.0501,0,,,0.0000,
1004,千房フロンティア,300000,IZAKAYA事業部,703   ,いやさか 福島本店,2026/06/15,月,平日,,曇,28.0,20.0,計,356319,360000,0.9898,0.9898,291063,1.2242,89,13,4003.6,1.24,94,0.9468,83,1.0723,0,96173,0.2699,0.2699,0,91420,0.2566,0.2566,0.5265,0.5265,3943,5422.0,,0.0000,
1004,千房フロンティア,300000,IZAKAYA事業部,703   ,いやさか 福島本店,2026/06/16,火,平日,,晴,26.0,20.0,計,404953,360000,1.1249,1.0573,347519,1.1653,102,17,3970.1,1.42,94,1.0851,98,1.0408,0,45489,0.1123,0.1861,0,83419,0.2060,0.2297,0.3183,0.4158,3600,6749.2,,0.0000,
1004,千房フロンティア,300000,IZAKAYA事業部,703   ,いやさか 福島本店,2026/06/17,水,平日,,曇,28.0,22.0,計,373061,360000,1.0363,1.0503,324630,1.1492,98,14,3806.7,1.36,94,1.0426,87,1.1264,0,38413,0.1030,0.1588,0,89786,0.2407,0.2333,0.3436,0.3920,3859,5800.4,,0.0000,
1004,千房フロンティア,300000,IZAKAYA事業部,703   ,いやさか 福島本店,2026/06/18,木,平日,,晴,29.0,21.0,計,374481,360000,1.0402,1.0478,346628,1.0804,82,17,4566.8,1.14,94,0.8723,82,1.0000,0,100557,0.2685,0.1860,0,86111,0.2299,0.2325,0.4985,0.4185,3721,6038.4,,0.0000,
1004,千房フロンティア,300000,IZAKAYA事業部,703   ,いやさか 福島本店,2026/06/19,金,平日,,晴,30.0,23.0,計,440260,400000,1.1007,1.0593,447645,0.9835,109,16,4039.1,1.51,105,1.0381,117,0.9316,0,73057,0.1659,0.1815,0,98320,0.2233,0.2304,0.3893,0.4119,4349,6073.9,,0.0000,
1004,千房フロンティア,300000,IZAKAYA事業部,703   ,いやさか 福島本店,2026/06/20,土,土曜,,雨,26.0,24.0,計,329100,360000,0.9142,1.0355,364905,0.9019,93,19,3538.7,1.29,94,0.9894,103,0.9029,0,60554,0.1840,0.1818,0,91473,0.2779,0.2373,0.4619,0.4191,3905,5056.6,,0.0000,
1004,千房フロンティア,300000,IZAKAYA事業部,703   ,いやさか 福島本店,2026/06/21,日,日祝,,曇,29.0,24.0,計,,0,,1.0355,,,,,,0,0,,,,0,,,0.1818,0,0,,0.2373,,0.4191,0,,,,
1004,千房フロンティア,300000,IZAKAYA事業部,703   ,いやさか 福島本店,2026/06/22,月,平日,,雨,25.0,22.0,計,364695,360000,1.0130,1.0324,408693,0.8923,87,13,4191.9,1.21,94,0.9255,96,0.9063,0,115529,0.3168,0.2005,0,87180,0.2390,0.2375,0.5558,0.4380,3785,5781.2,,0.0000,
1004,千房フロンティア,300000,IZAKAYA事業部,703   ,いやさか 福島本店,2026/06/23,火,平日,,晴,25.0,21.0,計,365420,360000,1.0151,1.0302,387834,0.9422,88,14,4152.5,1.22,94,0.9362,102,0.8627,0,78446,0.2147,0.2022,0,84352,0.2308,0.2367,0.4455,0.4389,3761,5829.6,,0.0000,
1004,千房フロンティア,300000,IZAKAYA事業部,703   ,いやさか 福島本店,2026/06/24,水,平日,,雨,23.0,20.0,計,346432,360000,0.9623,1.0228,384437,0.9011,90,13,3849.2,1.25,94,0.9574,100,0.9000,0,77980,0.2251,0.2045,0,87278,0.2519,0.2383,0.4770,0.4428,3900,5329.7,,0.0000,
1004,千房フロンティア,300000,IZAKAYA事業部,703   ,いやさか 福島本店,2026/06/25,木,平日,,雨,23.0,20.0,計,423136,360000,1.1754,1.0379,366084,1.1558,109,17,3882.0,1.51,94,1.1596,95,1.1474,0,101308,0.2394,0.2085,0,92222,0.2179,0.2360,0.4574,0.4445,4003,6342.3,,0.0000,
1004,千房フロンティア,300000,IZAKAYA事業部,703   ,いやさか 福島本店,2026/06/26,金,平日,,雨,24.0,21.0,計,379718,400000,0.9493,1.0291,466370,0.8142,106,17,3582.2,1.47,105,1.0095,129,0.8217,0,138315,0.3643,0.2227,0,94098,0.2478,0.2371,0.6121,0.4598,4054,5619.9,,0.0000,
1004,千房フロンティア,300000,IZAKAYA事業部,703   ,いやさか 福島本店,2026/06/27,土,土曜,,曇,25.0,20.0,計,303173,360000,0.8421,1.0138,502721,0.6031,97,24,3125.5,1.35,94,1.0319,126,0.7698,0,76608,0.2527,0.2247,0,95639,0.3155,0.2424,0.5681,0.4671,4186,4345.5,,0.0000,
1004,千房フロンティア,300000,IZAKAYA事業部,703   ,いやさか 福島本店,2026/06/28,日,日祝,,曇,28.0,20.0,計,,0,,1.0138,,,,,,0,0,,,,0,,,0.2247,0,0,,0.2424,,0.4671,0,,,,
1004,千房フロンティア,300000,IZAKAYA事業部,703   ,いやさか 福島本店,2026/06/29,月,平日,,晴,31.0,23.0,計,341747,350000,0.9764,1.0111,391487,0.8729,95,17,3597.3,1.32,92,1.0326,95,1.0000,0,66622,0.1949,0.2226,0,90931,0.2661,0.2441,0.4610,0.4667,3920,5230.8,,0.0000,
1004,千房フロンティア,300000,IZAKAYA事業部,703   ,いやさか 福島本店,2026/06/30,火,平日,,晴,29.0,24.0,計,383725,350000,1.0964,1.0169,323206,1.1872,91,16,4216.8,1.26,92,0.9891,92,0.9891,0,91161,0.2376,0.2237,0,90136,0.2349,0.2434,0.4725,0.4671,3792,6071.6,,0.0000,
1004,千房フロンティア,300000,IZAKAYA事業部,705   ,ときわ福島,2026/06/15,月,平日,,曇,28.0,20.0,計,51501,110000,0.4682,0.4682,96174,0.5355,15,3,3433.4,0.38,30,0.5000,26,0.5769,0,27145,0.5271,0.5271,0,24259,0.4710,0.4710,0.9981,0.9981,1072,2882.5,,0.0000,
1004,千房フロンティア,300000,IZAKAYA事業部,705   ,ときわ福島,2026/06/16,火,平日,,晴,26.0,20.0,計,85592,110000,0.7781,0.6232,75465,1.1342,20,4,4279.6,0.50,30,0.6667,19,1.0526,0,9368,0.1094,0.2663,0,6148,0.0718,0.2218,0.1813,0.4881,282,18211.1,,0.0000,
1004,千房フロンティア,300000,IZAKAYA事業部,705   ,ときわ福島,2026/06/17,水,平日,,曇,28.0,22.0,計,142939,110000,1.2994,0.8486,141849,1.0077,33,7,4331.5,0.83,30,1.1000,41,0.8049,0,17796,0.1245,0.1939,0,6125,0.0429,0.1305,0.1674,0.3244,294,29171.2,,0.0000,
1004,千房フロンティア,300000,IZAKAYA事業部,705   ,ときわ福島,2026/06/18,木,平日,,晴,29.0,21.0,計,151157,120000,1.2596,0.9582,132729,1.1388,37,6,4085.3,0.93,32,1.1563,32,1.1563,0,40639,0.2689,0.2202,0,19757,0.1307,0.1305,0.3996,0.3507,795,11408.1,,0.0000,
1004,千房フロンティア,300000,IZAKAYA事業部,705   ,ときわ福島,2026/06/19,金,平日,,晴,30.0,23.0,計,162385,135000,1.2029,1.0147,173870,0.9339,41,9,3960.6,1.03,36,1.1389,40,1.0250,0,37742,0.2324,0.2235,0,23662,0.1457,0.1347,0.3781,0.3582,1020,9552.1,,0.0000,
1004,千房フロンティア,300000,IZAKAYA事業部,705   ,ときわ福島,2026/06/20,土,土曜,,雨,26.0,24.0,計,106203,110000,0.9655,1.0069,120796,0.8792,30,8,3540.1,0.75,30,1.0000,39,0.7692,0,20424,0.1923,0.2188,0,17010,0.1602,0.1386,0.3525,0.3574,699,9116.1,,0.0000,
1004,千房フロンティア,300000,IZAKAYA事業部,705   ,ときわ福島,2026/06/21,日,日祝,,曇,29.0,24.0,計,,0,,1.0069,,,,,,0,0,,,,0,,,0.2188,0,0,,0.1386,,0.3574,0,,,,
1004,千房フロンティア,300000,IZAKAYA事業部,705   ,ときわ福島,2026/06/22,月,平日,,雨,25.0,22.0,計,138586,110000,1.2599,1.0414,119868,1.1562,36,7,3849.6,0.90,30,1.2000,33,1.0909,0,34456,0.2486,0.2237,0,26982,0.1947,0.1478,0.4433,0.3716,1175,7076.7,,0.0000,
1004,千房フロンティア,300000,IZAKAYA事業部,705   ,ときわ福島,2026/06/23,火,平日,,晴,25.0,21.0,計,100911,110000,0.9174,1.0265,103938,0.9709,26,4,3881.2,0.65,30,0.8667,24,1.0833,0,34681,0.3437,0.2366,0,12287,0.1218,0.1450,0.4654,0.3817,479,12640.2,,0.0000,
1004,千房フロンティア,300000,IZAKAYA事業部,705   ,ときわ福島,2026/06/24,水,平日,,雨,23.0,20.0,計,133611,110000,1.2146,1.0467,128294,1.0414,29,5,4607.3,0.73,30,0.9667,35,0.8286,0,7395,0.0553,0.2140,0,24970,0.1869,0.1502,0.2422,0.3643,1093,7334.5,,0.0000,
1004,千房フロンティア,300000,IZAKAYA事業部,705   ,ときわ福島,2026/06/25,木,平日,,雨,23.0,20.0,計,142094,120000,1.1841,1.0611,133978,1.0606,34,8,4179.2,0.85,32,1.0625,34,1.0000,0,31967,0.2250,0.2153,0,20775,0.1462,0.1498,0.3712,0.3651,835,10210.3,,0.0000,
1004,千房フロンティア,300000,IZAKAYA事業部,705   ,ときわ福島,2026/06/26,金,平日,,雨,24.0,21.0,計,99575,135000,0.7376,1.0270,138904,0.7169,25,5,3983.0,0.63,36,0.6944,36,0.6944,0,46268,0.4647,0.2342,0,27861,0.2798,0.1596,0.7445,0.3938,1206,4954.0,,0.0000,
1004,千房フロンティア,300000,IZAKAYA事業部,705   ,ときわ福島,2026/06/27,土,土曜,,曇,25.0,20.0,計,91587,110000,0.8326,1.0116,128140,0.7147,26,8,3522.6,0.65,30,0.8667,33,0.7879,0,7455,0.0814,0.2243,0,14745,0.1610,0.1597,0.2424,0.3840,571,9623.9,,0.0000,
1004,千房フロンティア,300000,IZAKAYA事業部,705   ,ときわ福島,2026/06/28,日,日祝,,曇,28.0,20.0,計,,0,,1.0116,,,,,,0,0,,,,0,,,0.2243,0,0,,0.1597,,0.3840,0,,,,
1004,千房フロンティア,300000,IZAKAYA事業部,705   ,ときわ福島,2026/06/29,月,平日,,晴,31.0,23.0,計,136312,110000,1.2392,1.0283,87729,1.5538,39,6,3495.2,0.98,30,1.3000,24,1.6250,0,43500,0.3191,0.2326,0,27867,0.2044,0.1637,0.5236,0.3963,1222,6692.9,,0.0000,
1004,千房フロンティア,300000,IZAKAYA事業部,705   ,ときわ福島,2026/06/30,火,平日,,晴,29.0,24.0,計,116820,110000,1.0620,1.0306,122066,0.9570,29,3,4028.3,0.73,30,0.9667,30,0.9667,0,17200,0.1472,0.2266,0,21758,0.1863,0.1653,0.3335,0.3919,865,8103.1,,0.0000,
1004,千房フロンティア,300000,IZAKAYA事業部,706   ,いやさか別邸(旧 大阪吉野工房),2026/06/15,月,平日,,曇,28.0,20.0,計,5695,2000,2.8475,2.8475,1139,5.0000,1,1,5695.0,,1,1.0000,1,1.0000,0,18126,3.1828,3.1828,0,0,0.0000,0.0000,3.1828,3.1828,0,,,0.0000,
1004,千房フロンティア,300000,IZAKAYA事業部,706   ,いやさか別邸(旧 大阪吉野工房),2026/06/16,火,平日,,晴,26.0,20.0,計,0,2000,0.0000,1.4238,3974,0.0000,0,0,,,1,0.0000,2,0.0000,0,,,3.1828,0,0,,0.0000,,3.1828,0,,,,
1004,千房フロンティア,300000,IZAKAYA事業部,706   ,いやさか別邸(旧 大阪吉野工房),2026/06/17,水,平日,,曇,28.0,22.0,計,0,2000,0.0000,0.9492,3455,0.0000,0,0,,,1,0.0000,2,0.0000,0,4868,,4.0376,0,0,,0.0000,,4.0376,0,,,,
1004,千房フロンティア,300000,IZAKAYA事業部,706   ,いやさか別邸(旧 大阪吉野工房),2026/06/18,木,平日,,晴,29.0,21.0,計,0,2000,0.0000,0.7119,2158,0.0000,0,0,,,1,0.0000,2,0.0000,0,16337,,6.9062,0,0,,0.0000,,6.9062,0,,,,
1004,千房フロンティア,300000,IZAKAYA事業部,706   ,いやさか別邸(旧 大阪吉野工房),2026/06/19,金,平日,,晴,30.0,23.0,計,2278,2000,1.1390,0.7973,4522,0.5038,1,1,2278.0,,1,1.0000,1,1.0000,0,21304,9.3521,7.6050,0,0,0.0000,0.0000,9.3521,7.6050,0,,,0.0000,
1004,千房フロンティア,300000,IZAKAYA事業部,706   ,いやさか別邸(旧 大阪吉野工房),2026/06/20,土,土曜,,雨,26.0,24.0,計,4556,2000,2.2780,1.0441,1047,4.3515,2,2,2278.0,,1,2.0000,1,2.0000,0,16758,3.6782,6.1771,0,0,0.0000,0.0000,3.6782,6.1771,0,,,0.0000,
1004,千房フロンティア,300000,IZAKAYA事業部,706   ,いやさか別邸(旧 大阪吉野工房),2026/06/21,日,日祝,,曇,29.0,24.0,計,,0,,1.0441,,,,,,,0,,,,0,,,6.1771,0,0,,0.0000,,6.1771,0,,,,
1004,千房フロンティア,300000,IZAKAYA事業部,706   ,いやさか別邸(旧 大阪吉野工房),2026/06/22,月,平日,,雨,25.0,22.0,計,1139,2000,0.5695,0.9763,3704,0.3075,1,1,1139.0,,1,1.0000,1,1.0000,0,13950,12.2476,6.6830,0,0,0.0000,0.0000,12.2476,6.6830,0,,,0.0000,
1004,千房フロンティア,300000,IZAKAYA事業部,706   ,いやさか別邸(旧 大阪吉野工房),2026/06/23,火,平日,,晴,25.0,21.0,計,0,2000,0.0000,0.8543,0,,0,0,,,1,0.0000,0,,0,27866,,8.7218,0,0,,0.0000,,8.7218,0,,,,
1004,千房フロンティア,300000,IZAKAYA事業部,706   ,いやさか別邸(旧 大阪吉野工房),2026/06/24,水,平日,,雨,23.0,20.0,計,0,2000,0.0000,0.7593,6556,0.0000,0,0,,,1,0.0000,2,0.0000,0,2015,,8.8692,0,0,,0.0000,,8.8692,0,,,,
1004,千房フロンティア,300000,IZAKAYA事業部,706   ,いやさか別邸(旧 大阪吉野工房),2026/06/25,木,平日,,雨,23.0,20.0,計,0,2000,0.0000,0.6834,0,,0,0,,,1,0.0000,0,,0,2994,,9.0882,0,0,,0.0000,,9.0882,0,,,,
1004,千房フロンティア,300000,IZAKAYA事業部,706   ,いやさか別邸(旧 大阪吉野工房),2026/06/26,金,平日,,雨,24.0,21.0,計,2278,2000,1.1390,0.7248,1047,2.1757,2,2,1139.0,,1,2.0000,1,2.0000,0,11496,5.0465,8.5108,0,0,0.0000,0.0000,5.0465,8.5108,0,,,0.0000,
1004,千房フロンティア,300000,IZAKAYA事業部,706   ,いやさか別邸(旧 大阪吉野工房),2026/06/27,土,土曜,,曇,25.0,20.0,計,0,2000,0.0000,0.6644,0,,0,0,,,1,0.0000,0,,0,12480,,9.2935,0,0,,0.0000,,9.2935,0,,,,
1004,千房フロンティア,300000,IZAKAYA事業部,706   ,いやさか別邸(旧 大阪吉野工房),2026/06/28,日,日祝,,曇,28.0,20.0,計,,0,,0.6644,,,,,,,0,,,,0,,,9.2935,0,0,,0.0000,,9.2935,0,,,,
1004,千房フロンティア,300000,IZAKAYA事業部,706   ,いやさか別邸(旧 大阪吉野工房),2026/06/29,月,平日,,晴,31.0,23.0,計,0,1000,0.0000,0.6378,0,,0,0,,,1,0.0000,0,,0,14587,,10.2083,0,0,,0.0000,,10.2083,0,,,,
1004,千房フロンティア,300000,IZAKAYA事業部,706   ,いやさか別邸(旧 大阪吉野工房),2026/06/30,火,平日,,晴,29.0,24.0,計,0,1000,0.0000,0.6133,3047,0.0000,0,0,,,1,0.0000,1,0.0000,0,19787,,11.4491,0,0,,0.0000,,11.4491,0,,,,
