業態コード,業態名称,営業部コード,営業部名称,店舗コード,店舗名称,営業日,曜日,曜日区分,店休,天候,最高気温,最低気温,売上分類,売上実績,売上月次予算,売上予算比,売上累計予算比,売上前年,売上前年比,客数実績,組数実績,客数客単価,客数回転数,客数月次予算,客数予算比,客数前年,客数前年比,仕入月次予算,仕入実績,売上仕入率,累計仕入率,人件費月次予算,人件費実績,売上人件費率,累計人件費率,売上FL率,累計FL率,労働時間,人時売上,廃棄額,売上廃棄率,イベント
0001,千房直営,000001,第1エリア,002   ,千日前本店,2026/07/13,月,平日,,晴,33.0,28.0,計,537110,500000,1.0742,1.0742,309785,1.7338,248,93,2165.8,2.82,0,,139,1.7842,0,141648,0.2637,0.2637,0,93685,0.1744,0.1744,0.4381,0.4381,4117,7827.7,,0.0000,
0001,千房直営,000001,第1エリア,002   ,千日前本店,2026/07/14,火,平日,,晴,35.0,28.0,計,463770,500000,0.9275,1.0009,411314,1.1275,192,68,2415.5,2.18,0,,172,1.1163,0,185974,0.4010,0.3273,0,103167,0.2225,0.1967,0.6235,0.5240,4540,6129.1,,0.0000,
0001,千房直営,000001,第1エリア,002   ,千日前本店,2026/07/15,水,平日,,晴,34.0,28.0,計,391894,500000,0.7838,0.9285,378012,1.0367,160,60,2449.3,1.82,0,,165,0.9697,0,37794,0.0964,0.2624,0,108847,0.2777,0.2195,0.3742,0.4819,4781,4918.1,,0.0000,
0001,千房直営,000001,第1エリア,002   ,千日前本店,2026/07/16,木,平日,,晴,34.0,29.0,計,525654,500000,1.0513,0.9592,359211,1.4634,227,72,2315.7,2.58,0,,153,1.4837,0,129721,0.2468,0.2581,0,116910,0.2224,0.2203,0.4692,0.4784,5248,6009.8,,0.0000,
0001,千房直営,000001,第1エリア,002   ,千日前本店,2026/07/17,金,平日,,晴,35.0,27.0,計,730727,600000,1.2179,1.0189,539369,1.3548,259,81,2821.3,2.94,0,,154,1.6818,0,232752,0.3185,0.2748,0,129624,0.1774,0.2085,0.4959,0.4832,5532,7925.5,,0.0000,
0001,千房直営,000001,第1エリア,002   ,千日前本店,2026/07/18,土,土曜,,曇,34.0,29.0,計,905729,800000,1.1322,1.0456,795835,1.1381,368,133,2461.2,4.18,0,,349,1.0544,0,442255,0.4883,0.3292,0,169201,0.1868,0.2029,0.6751,0.5321,7425,7319.0,,0.0000,
0001,千房直営,000001,第1エリア,002   ,千日前本店,2026/07/19,日,日祝,,曇,34.0,28.0,計,888913,900000,0.9877,1.0334,959644,0.9263,429,170,2072.1,4.88,0,,377,1.1379,0,25300,0.0285,0.2690,0,162550,0.1829,0.1989,0.2113,0.4679,7206,7401.4,,0.0000,
0001,千房直営,000001,第1エリア,002   ,千日前本店,2026/07/20,月,日祝,,晴,35.0,29.0,計,772619,700000,1.1037,1.0433,781593,0.9885,330,127,2341.3,3.75,0,,354,0.9322,0,63245,0.0819,0.2413,0,155482,0.2012,0.1993,0.2831,0.4406,6773,6844.4,,0.0000,
0001,千房直営,000001,第1エリア,002   ,千日前本店,2026/07/21,火,平日,,晴,37.0,29.0,計,440147,500000,0.8803,1.0285,326812,1.3468,177,67,2486.7,2.01,0,,144,1.2292,0,169906,0.3860,0.2526,0,101739,0.2311,0.2017,0.6172,0.4543,4521,5841.4,,0.0000,
0001,千房直営,000001,第1エリア,002   ,千日前本店,2026/07/22,水,平日,,晴,36.0,29.0,計,363302,500000,0.7266,1.0033,442475,0.8211,174,69,2087.9,1.98,0,,200,0.8700,0,48883,0.1346,0.2454,0,93059,0.2561,0.2050,0.3907,0.4505,4132,5275.4,,0.0000,
0001,千房直営,000001,第1エリア,002   ,千日前本店,2026/07/23,木,平日,,晴,37.0,30.0,計,346764,500000,0.6935,0.9795,330416,1.0495,161,64,2153.8,1.83,0,,163,0.9877,0,122586,0.3535,0.2513,0,106409,0.3069,0.2106,0.6604,0.4619,4658,4466.7,,0.0000,
0001,千房直営,000001,第1エリア,002   ,千日前本店,2026/07/24,金,平日,,晴,37.0,29.0,計,529080,500000,1.0582,0.9851,446189,1.1858,240,92,2204.5,2.73,0,,191,1.2565,0,98198,0.1856,0.2463,0,109639,0.2072,0.2103,0.3928,0.4566,4833,6568.3,,0.0000,
0001,千房直営,000001,第1エリア,002   ,千日前本店,2026/07/25,土,土曜,,晴,36.0,29.0,計,730936,800000,0.9137,0.9778,721717,1.0128,309,109,2365.5,3.51,0,,327,0.9450,0,325344,0.4451,0.2653,0,151368,0.2071,0.2100,0.6522,0.4753,6765,6482.8,,0.0000,
0001,千房直営,000001,第1エリア,002   ,千日前本店,2026/07/26,日,日祝,,晴,35.0,29.0,計,677478,700000,0.9678,0.9770,641394,1.0563,290,109,2336.1,3.30,0,,301,0.9635,0,,0.0000,0.2437,0,163506,0.2413,0.2126,0.2413,0.4563,7137,5695.5,,0.0000,
0001,千房直営,000001,第1エリア,002   ,千日前本店,2026/07/27,月,平日,,晴,35.0,29.0,計,665451,500000,1.3309,0.9966,631911,1.0531,259,92,2569.3,2.94,0,,269,0.9628,0,74674,0.1122,0.2339,0,124801,0.1875,0.2107,0.2998,0.4446,5164,7731.8,,0.0000,
0001,千房直営,000001,第1エリア,002   ,千日前本店,2026/07/28,火,平日,,晴,36.0,29.0,計,468261,500000,0.9365,0.9935,489435,0.9567,207,75,2262.1,2.35,0,,210,0.9857,0,112941,0.2412,0.2343,0,101738,0.2173,0.2110,0.4585,0.4453,4183,6716.6,,0.0000,
0001,千房直営,000001,第1エリア,002   ,千日前本店,2026/07/29,水,平日,,曇,32.0,28.0,計,587407,500000,1.1748,1.0025,401796,1.4620,246,88,2387.8,2.80,0,,173,1.4220,0,81500,0.1387,0.2287,0,122837,0.2091,0.2109,0.3479,0.4396,4866,7243.0,,0.0000,
0001,千房直営,000001,第1エリア,002   ,千日前本店,2026/07/30,木,平日,,晴,35.0,29.0,計,411912,500000,0.8238,0.9940,491786,0.8376,184,68,2238.7,2.09,0,,222,0.8288,0,1854,0.0045,0.2198,0,111501,0.2707,0.2133,0.2752,0.4331,4308,5736.9,,0.0000,
0001,千房直営,000001,第1エリア,002   ,千日前本店,2026/07/31,金,平日,,晴,36.0,28.0,計,386962,500000,0.7739,0.9840,713847,0.5421,190,70,2036.6,2.16,0,,237,0.8017,0,,0.0000,0.2120,0,142658,0.3687,0.2188,0.3687,0.4308,5320,4364.2,,0.0000,
0001,千房直営,000002,第2エリア,005   ,リノアス八尾支店,2026/07/13,月,平日,,晴,33.0,27.0,計,100700,130000,0.7746,0.7746,135743,0.7418,52,28,1936.5,0.59,68,0.7647,79,0.6582,0,61456,0.6103,0.6103,0,58479,0.5807,0.5807,1.1910,1.1910,2472,2444.2,,0.0000,
0001,千房直営,000002,第2エリア,005   ,リノアス八尾支店,2026/07/14,火,平日,,晴,34.0,27.0,計,119922,130000,0.9225,0.8485,143182,0.8375,58,32,2067.6,0.66,68,0.8529,73,0.7945,0,41328,0.3446,0.4659,0,50286,0.4193,0.4930,0.7639,0.9589,2370,3036.0,,0.0000,
0001,千房直営,000002,第2エリア,005   ,リノアス八尾支店,2026/07/15,水,平日,,晴,34.0,27.0,計,129227,100000,1.2923,0.9718,94720,1.3643,72,38,1794.8,0.82,53,1.3585,60,1.2000,0,59764,0.4625,0.4646,0,66052,0.5111,0.4997,0.9736,0.9643,2834,2735.9,,0.0000,
0001,千房直営,000002,第2エリア,005   ,リノアス八尾支店,2026/07/16,木,平日,,晴,34.0,28.0,計,103423,140000,0.7387,0.9065,132339,0.7815,57,33,1814.4,0.65,74,0.7703,64,0.8906,0,5828,0.0564,0.3715,0,47819,0.4624,0.4912,0.5187,0.8626,2040,3041.9,,0.0000,
0001,千房直営,000002,第2エリア,005   ,リノアス八尾支店,2026/07/17,金,平日,,晴,35.0,27.0,計,131448,170000,0.7732,0.8727,181993,0.7223,69,39,1905.0,0.78,89,0.7753,96,0.7188,0,185297,1.4097,0.6049,0,53864,0.4098,0.4729,1.8194,1.0777,2310,3414.2,,0.0000,
0001,千房直営,000002,第2エリア,005   ,リノアス八尾支店,2026/07/18,土,土曜,,曇,34.0,28.0,計,270046,310000,0.8711,0.8722,296233,0.9116,136,67,1985.6,1.55,163,0.8344,147,0.9252,0,36203,0.1341,0.4561,0,99923,0.3700,0.4404,0.5041,0.8965,4365,3712.0,,0.0000,
0001,千房直営,000002,第2エリア,005   ,リノアス八尾支店,2026/07/19,日,日祝,,曇,34.0,28.0,計,385164,460000,0.8373,0.8611,455981,0.8447,183,78,2104.7,2.08,242,0.7562,234,0.7821,0,2420,0.0063,0.3164,0,110125,0.2859,0.3924,0.2922,0.7088,4816,4798.6,,0.0000,
0001,千房直営,000002,第2エリア,005   ,リノアス八尾支店,2026/07/20,月,日祝,,晴,35.0,29.0,計,238200,290000,0.8214,0.8544,279314,0.8528,136,70,1751.5,1.55,153,0.8889,146,0.9315,0,68325,0.2868,0.3116,0,86456,0.3630,0.3877,0.6498,0.6993,3710,3852.3,,0.0000,
0001,千房直営,000002,第2エリア,005   ,リノアス八尾支店,2026/07/21,火,平日,,晴,36.0,28.0,計,111914,140000,0.7994,0.8503,150069,0.7458,57,29,1963.4,0.65,74,0.7703,90,0.6333,0,27838,0.2487,0.3072,0,35291,0.3153,0.3826,0.5641,0.6898,1701,3947.6,,0.0000,
0001,千房直営,000002,第2エリア,005   ,リノアス八尾支店,2026/07/22,水,平日,,晴,36.0,28.0,計,124825,140000,0.8916,0.8532,152380,0.8192,70,35,1783.2,0.80,74,0.9459,69,1.0145,0,48671,0.3899,0.3132,0,50900,0.4078,0.3844,0.7977,0.6976,2392,3131.1,,0.0000,
0001,千房直営,000002,第2エリア,005   ,リノアス八尾支店,2026/07/23,木,平日,,晴,37.0,29.0,計,128990,120000,1.0749,0.8657,111649,1.1553,69,42,1869.4,0.78,63,1.0952,63,1.0952,0,34462,0.2672,0.3100,0,58150,0.4508,0.3890,0.7180,0.6990,2609,2966.4,,0.0000,
0001,千房直営,000002,第2エリア,005   ,リノアス八尾支店,2026/07/24,金,平日,,晴,37.0,28.0,計,126840,150000,0.8456,0.8643,164542,0.7709,73,38,1737.5,0.83,79,0.9241,96,0.7604,0,105509,0.8318,0.3436,0,52465,0.4136,0.3906,1.2455,0.7342,2344,3246.8,,0.0000,
0001,千房直営,000002,第2エリア,005   ,リノアス八尾支店,2026/07/25,土,土曜,,晴,36.0,27.0,計,345692,320000,1.0803,0.8909,311089,1.1112,169,82,2045.5,1.92,168,1.0060,156,1.0833,0,28745,0.0832,0.3047,0,101969,0.2950,0.3764,0.3781,0.6811,4384,4731.2,,0.0000,
0001,千房直営,000002,第2エリア,005   ,リノアス八尾支店,2026/07/26,日,日祝,,晴,36.0,27.0,計,249245,300000,0.8308,0.8847,298324,0.8355,140,60,1780.3,1.59,158,0.8861,140,1.0000,0,,0.0000,0.2751,0,102403,0.4109,0.3797,0.4109,0.6548,4263,3508.0,,0.0000,
0001,千房直営,000002,第2エリア,005   ,リノアス八尾支店,2026/07/27,月,平日,,晴,35.0,28.0,計,140986,100000,1.4099,0.9022,132819,1.0615,73,36,1931.3,0.83,53,1.3774,67,1.0896,0,82131,0.5825,0.2911,0,63844,0.4528,0.3835,1.0354,0.6746,2653,3188.5,,0.0000,
0001,千房直営,000002,第2エリア,005   ,リノアス八尾支店,2026/07/28,火,平日,,晴,36.0,27.0,計,152998,100000,1.5300,0.9225,121286,1.2615,91,47,1681.3,1.03,53,1.7170,69,1.3188,0,22234,0.1453,0.2833,0,51902,0.3392,0.3811,0.4846,0.6645,2417,3798.0,,0.0000,
0001,千房直営,000002,第2エリア,005   ,リノアス八尾支店,2026/07/29,水,平日,,雨,32.0,27.0,計,118295,110000,1.0754,0.9277,133905,0.8834,65,37,1819.9,0.74,58,1.1207,71,0.9155,0,14658,0.1239,0.2770,0,55609,0.4701,0.3847,0.5940,0.6617,2383,2978.5,,0.0000,
0001,千房直営,000002,第2エリア,005   ,リノアス八尾支店,2026/07/30,木,平日,,晴,36.0,28.0,計,148299,100000,1.4830,0.9445,156035,0.9504,83,45,1786.7,0.94,53,1.5660,96,0.8646,0,20128,0.1357,0.2703,0,62700,0.4228,0.3865,0.5585,0.6568,2580,3448.8,,0.0000,
0001,千房直営,000002,第2エリア,005   ,リノアス八尾支店,2026/07/31,金,平日,,晴,35.0,28.0,計,156998,110000,1.4273,0.9600,108515,1.4468,87,47,1804.6,0.99,58,1.5000,61,1.4262,0,37093,0.2363,0.2687,0,73803,0.4701,0.3905,0.7064,0.6592,2936,3208.4,,0.0000,
0001,千房直営,000001,第1エリア,010   ,京都アバンティ支店,2026/07/13,月,平日,,晴,34.0,27.0,計,181116,220000,0.8233,0.8233,235747,0.7683,70,38,2587.4,2.06,141,0.4965,105,0.6667,0,96972,0.5354,0.5354,0,61235,0.3381,0.3381,0.8735,0.8735,2652,4097.6,,0.0000,
0001,千房直営,000001,第1エリア,010   ,京都アバンティ支店,2026/07/14,火,平日,,曇,35.0,26.0,計,148418,220000,0.6746,0.7489,214902,0.6906,65,31,2283.4,1.91,141,0.4610,94,0.6915,0,102088,0.6878,0.6041,0,54195,0.3652,0.3503,1.0530,0.9543,2421,3678.3,,0.0000,
0001,千房直営,000001,第1エリア,010   ,京都アバンティ支店,2026/07/15,水,平日,,晴,34.0,26.0,計,188585,220000,0.8572,0.7850,302215,0.6240,80,42,2357.3,2.35,141,0.5674,130,0.6154,0,33660,0.1785,0.4492,0,53211,0.2822,0.3255,0.4606,0.7747,2311,4896.2,,0.0000,
0001,千房直営,000001,第1エリア,010   ,京都アバンティ支店,2026/07/16,木,平日,,曇,35.0,28.0,計,232748,220000,1.0579,0.8533,236086,0.9859,109,50,2135.3,3.21,141,0.7731,98,1.1122,0,60764,0.2611,0.3909,0,48235,0.2072,0.2888,0.4683,0.6797,2044,6832.1,,0.0000,
0001,千房直営,000001,第1エリア,010   ,京都アバンティ支店,2026/07/17,金,平日,,晴,36.0,25.0,計,272647,220000,1.2393,0.9305,267241,1.0202,131,57,2081.3,3.85,141,0.9291,111,1.1802,0,106210,0.3896,0.3905,0,57745,0.2118,0.2683,0.6013,0.6588,2599,6294.3,,0.0000,
0001,千房直営,000001,第1エリア,010   ,京都アバンティ支店,2026/07/18,土,土曜,,雨,34.0,28.0,計,346131,360000,0.9615,0.9381,358027,0.9668,148,66,2338.7,4.35,276,0.5362,140,1.0571,0,57722,0.1668,0.3340,0,67946,0.1963,0.2501,0.3631,0.5841,2928,7092.8,,0.0000,
0001,千房直営,000001,第1エリア,010   ,京都アバンティ支店,2026/07/19,日,日祝,,曇,34.0,27.0,計,382947,360000,1.0637,0.9630,430735,0.8891,173,71,2213.6,5.09,288,0.6007,204,0.8480,0,3060,0.0080,0.2627,0,67989,0.1775,0.2343,0.1855,0.4970,2849,8064.9,,0.0000,
0001,千房直営,000001,第1エリア,010   ,京都アバンティ支店,2026/07/20,月,日祝,,晴,37.0,28.0,計,395253,350000,1.1293,0.9898,305251,1.2948,179,77,2208.1,5.26,280,0.6393,153,1.1699,0,35100,0.0888,0.2307,0,70356,0.1780,0.2239,0.2668,0.4546,3007,7886.7,,0.0000,
0001,千房直営,000001,第1エリア,010   ,京都アバンティ支店,2026/07/21,火,平日,,曇,37.0,28.0,計,213225,210000,1.0154,0.9920,194117,1.0984,89,42,2395.8,2.62,134,0.6642,87,1.0230,0,113321,0.5315,0.2579,0,60269,0.2827,0.2292,0.8141,0.4871,2632,4860.8,,0.0000,
0001,千房直営,000001,第1エリア,010   ,京都アバンティ支店,2026/07/22,水,平日,,曇,37.0,28.0,計,206306,210000,0.9824,0.9913,185817,1.1103,101,54,2042.6,2.97,134,0.7537,89,1.1348,0,85037,0.4122,0.2703,0,56711,0.2749,0.2329,0.6871,0.5032,2441,5071.0,,0.0000,
0001,千房直営,000001,第1エリア,010   ,京都アバンティ支店,2026/07/23,木,平日,,晴,38.0,28.0,計,175250,210000,0.8345,0.9795,283988,0.6171,83,49,2111.4,2.44,134,0.6194,117,0.7094,0,57436,0.3277,0.2740,0,54639,0.3118,0.2379,0.6395,0.5119,2313,4546.0,,0.0000,
0001,千房直営,000001,第1エリア,010   ,京都アバンティ支店,2026/07/24,金,平日,,曇,37.0,27.0,計,222382,220000,1.0108,0.9818,280176,0.7937,101,46,2201.8,2.97,141,0.7163,117,0.8632,0,90684,0.4078,0.2840,0,50456,0.2269,0.2371,0.6347,0.5211,2003,6661.5,,0.0000,
0001,千房直営,000001,第1エリア,010   ,京都アバンティ支店,2026/07/25,土,土曜,,晴,37.0,27.0,計,305496,360000,0.8486,0.9676,340897,0.8962,124,53,2463.7,3.65,276,0.4493,159,0.7799,0,37327,0.1222,0.2689,0,64565,0.2113,0.2347,0.3335,0.5036,2907,6305.4,,0.0000,
0001,千房直営,000001,第1エリア,010   ,京都アバンティ支店,2026/07/26,日,日祝,,曇,37.0,27.0,計,333091,350000,0.9517,0.9661,341792,0.9745,129,57,2582.1,3.79,280,0.4607,157,0.8217,0,1530,0.0046,0.2445,0,67601,0.2030,0.2318,0.2075,0.4762,2725,7334.1,,0.0000,
0001,千房直営,000001,第1エリア,010   ,京都アバンティ支店,2026/07/27,月,平日,,曇,34.0,27.0,計,222228,210000,1.0582,0.9710,194179,1.1444,99,49,2244.7,2.91,134,0.7388,71,1.3944,0,38034,0.1711,0.2402,0,61351,0.2761,0.2343,0.4472,0.4745,2614,5100.9,,0.0000,
0001,千房直営,000001,第1エリア,010   ,京都アバンティ支店,2026/07/28,火,平日,,雨,36.0,25.0,計,209955,210000,0.9998,0.9725,196366,1.0692,99,44,2120.8,2.91,134,0.7388,98,1.0102,0,90128,0.4293,0.2500,0,60930,0.2902,0.2372,0.7195,0.4873,2353,5353.7,,0.0000,
0001,千房直営,000001,第1エリア,010   ,京都アバンティ支店,2026/07/29,水,平日,,曇,33.0,25.0,計,184960,210000,0.8808,0.9681,202067,0.9153,70,40,2642.3,2.06,134,0.5224,94,0.7447,0,41375,0.2237,0.2489,0,61818,0.3342,0.2415,0.5579,0.4904,2466,4500.2,,0.0000,
0001,千房直営,000001,第1エリア,010   ,京都アバンティ支店,2026/07/30,木,平日,,晴,37.0,27.0,計,177880,210000,0.8470,0.9625,241368,0.7370,85,44,2092.7,2.50,134,0.6343,100,0.8500,0,35328,0.1986,0.2468,0,59265,0.3332,0.2452,0.5318,0.4920,2648,4030.5,,0.0000,
0001,千房直営,000001,第1エリア,010   ,京都アバンティ支店,2026/07/31,金,平日,,晴,36.0,27.0,計,236439,210000,1.1259,0.9697,163891,1.4427,102,43,2318.0,3.00,134,0.7612,73,1.3973,0,,0.0000,0.2343,0,74177,0.3137,0.2487,0.3137,0.4829,2720,5215.6,,0.0000,
0001,千房直営,000001,第1エリア,013   ,堺東支店,2026/07/13,月,平日,,曇,32.0,27.0,計,232855,150000,1.5524,1.5524,226272,1.0291,124,67,1877.9,2.21,83,1.4940,119,1.0420,0,61754,0.2652,0.2652,0,69129,0.2969,0.2969,0.5621,0.5621,2953,4731.2,,0.0000,
0001,千房直営,000001,第1エリア,013   ,堺東支店,2026/07/14,火,平日,,晴,34.0,27.0,計,166404,150000,1.1094,1.3309,192843,0.8629,81,56,2054.4,1.45,83,0.9759,115,0.7043,0,86080,0.5173,0.3703,0,68853,0.4138,0.3456,0.9311,0.7159,3067,3255.4,,0.0000,
0001,千房直営,000001,第1エリア,013   ,堺東支店,2026/07/15,水,平日,,晴,34.0,27.0,計,266958,180000,1.4831,1.3880,239616,1.1141,131,78,2037.8,2.34,100,1.3100,132,0.9924,0,14556,0.0545,0.2437,0,70341,0.2635,0.3127,0.3180,0.5564,3086,5190.4,,0.0000,
0001,千房直営,000001,第1エリア,013   ,堺東支店,2026/07/16,木,平日,,晴,34.0,27.0,計,168280,180000,0.9349,1.2644,220873,0.7619,96,56,1752.9,1.71,100,0.9600,113,0.8496,0,62832,0.3734,0.2699,0,60941,0.3621,0.3227,0.7355,0.5926,2620,3853.7,,0.0000,
0001,千房直営,000001,第1エリア,013   ,堺東支店,2026/07/17,金,平日,,晴,34.0,27.0,計,261912,180000,1.4551,1.3052,256919,1.0194,129,71,2030.3,2.30,100,1.2900,145,0.8897,0,147258,0.5622,0.3397,0,68645,0.2621,0.3082,0.8243,0.6479,2987,5261.0,,0.0000,
0001,千房直営,000001,第1エリア,013   ,堺東支店,2026/07/18,土,土曜,,曇,34.0,28.0,計,298265,260000,1.1472,1.2679,399511,0.7466,147,78,2029.0,2.63,144,1.0208,209,0.7033,0,35905,0.1204,0.2928,0,92330,0.3096,0.3085,0.4299,0.6013,3879,4613.5,,0.0000,
0001,千房直営,000001,第1エリア,013   ,堺東支店,2026/07/19,日,日祝,,曇,34.0,27.0,計,340169,270000,1.2599,1.2663,416384,0.8170,161,82,2112.9,2.88,150,1.0733,226,0.7124,0,,0.0000,0.2354,0,93831,0.2758,0.3021,0.2758,0.5375,3950,5167.1,,0.0000,
0001,千房直営,000001,第1エリア,013   ,堺東支店,2026/07/20,月,日祝,,晴,35.0,28.0,計,364337,250000,1.4573,1.2958,417048,0.8736,175,97,2081.9,3.13,138,1.2681,217,0.8065,0,62775,0.1723,0.2245,0,99241,0.2724,0.2969,0.4447,0.5214,4140,5280.2,,0.0000,
0001,千房直営,000001,第1エリア,013   ,堺東支店,2026/07/21,火,平日,,晴,36.0,27.0,計,188714,150000,1.2581,1.2926,214205,0.8810,99,55,1906.2,1.77,83,1.1928,118,0.8390,0,145833,0.7728,0.2697,0,56370,0.2987,0.2971,1.0715,0.5668,2528,4479.0,,0.0000,
0001,千房直営,000001,第1エリア,013   ,堺東支店,2026/07/22,水,平日,,晴,36.0,28.0,計,173693,180000,0.9650,1.2624,166764,1.0416,100,56,1736.9,1.79,100,1.0000,87,1.1494,0,25310,0.1457,0.2609,0,59554,0.3429,0.3003,0.4886,0.5612,2532,4115.9,,0.0000,
0001,千房直営,000001,第1エリア,013   ,堺東支店,2026/07/23,木,平日,,晴,36.0,29.0,計,232922,180000,1.2940,1.2650,261983,0.8891,123,68,1893.7,2.20,100,1.2300,133,0.9248,0,44630,0.1916,0.2549,0,65897,0.2829,0.2988,0.4745,0.5537,3003,4653.8,,0.0000,
0001,千房直営,000001,第1エリア,013   ,堺東支店,2026/07/24,金,平日,,晴,37.0,29.0,計,206825,180000,1.1490,1.2560,259399,0.7973,100,67,2068.3,1.79,100,1.0000,137,0.7299,0,131399,0.6353,0.2821,0,60331,0.2917,0.2983,0.9270,0.5804,2591,4789.5,,0.0000,
0001,千房直営,000001,第1エリア,013   ,堺東支店,2026/07/25,土,土曜,,晴,36.0,29.0,計,302722,260000,1.1643,1.2467,363308,0.8332,136,70,2225.9,2.43,144,0.9444,181,0.7514,0,31642,0.1045,0.2653,0,100362,0.3315,0.3014,0.4361,0.5667,4169,4356.8,,0.0000,
0001,千房直営,000001,第1エリア,013   ,堺東支店,2026/07/26,日,日祝,,晴,36.0,28.0,計,269417,260000,1.0362,1.2274,398882,0.6754,117,64,2302.7,2.09,144,0.8125,199,0.5879,0,,0.0000,0.2447,0,92799,0.3444,0.3048,0.3444,0.5495,3773,4284.4,,0.0000,
0001,千房直営,000001,第1エリア,013   ,堺東支店,2026/07/27,月,平日,,晴,35.0,29.0,計,204809,150000,1.3654,1.2343,255341,0.8021,104,62,1969.3,1.86,83,1.2530,131,0.7939,0,825,0.0040,0.2313,0,78619,0.3839,0.3092,0.3879,0.5405,3381,3634.6,,0.0000,
0001,千房直営,000001,第1エリア,013   ,堺東支店,2026/07/28,火,平日,,晴,36.0,27.0,計,183477,150000,1.2232,1.2338,240697,0.7623,94,59,1951.9,1.68,83,1.1325,120,0.7833,0,,0.0000,0.2203,0,62482,0.3405,0.3107,0.3405,0.5310,2685,4100.0,,0.0000,
0001,千房直営,000001,第1エリア,013   ,堺東支店,2026/07/29,水,平日,,曇,31.0,26.0,計,206807,180000,1.1489,1.2292,316140,0.6542,108,63,1914.9,1.93,100,1.0800,154,0.7013,0,,0.0000,0.2091,0,60275,0.2915,0.3097,0.2915,0.5188,2578,4813.2,,0.0000,
0001,千房直営,000001,第1エリア,013   ,堺東支店,2026/07/30,木,平日,,晴,35.0,28.0,計,196761,180000,1.0931,1.2222,262481,0.7496,91,58,2162.2,1.63,100,0.9100,139,0.6547,0,,0.0000,0.1995,0,63887,0.3247,0.3104,0.3247,0.5099,2607,4528.4,,0.0000,
0001,千房直営,000001,第1エリア,013   ,堺東支店,2026/07/31,金,平日,,晴,34.0,28.0,計,252145,190000,1.3271,1.2276,203823,1.2371,132,84,1910.2,2.36,105,1.2571,114,1.1579,0,,0.0000,0.1883,0,103749,0.4115,0.3160,0.4115,0.5044,3666,4126.8,,0.0000,
0001,千房直営,000001,第1エリア,014   ,高槻阪急スクエア支店,2026/07/13,月,平日,,晴,33.0,27.0,計,178627,180000,0.9924,0.9924,164004,1.0892,105,55,1701.2,1.98,0,,97,1.0825,0,79927,0.4475,0.4475,0,61867,0.3463,0.3463,0.7938,0.7938,2797,3831.8,,0.0000,
0001,千房直営,000001,第1エリア,014   ,高槻阪急スクエア支店,2026/07/14,火,平日,,晴,35.0,25.0,計,134670,180000,0.7482,0.8703,186367,0.7226,85,49,1584.4,1.60,0,,110,0.7727,0,29730,0.2208,0.3500,0,61268,0.4549,0.3930,0.6757,0.7430,2792,2894.1,,0.0000,
0001,千房直営,000001,第1エリア,014   ,高槻阪急スクエア支店,2026/07/15,水,平日,,晴,34.0,26.0,計,189701,180000,1.0539,0.9315,232576,0.8157,108,63,1756.5,2.04,0,,125,0.8640,0,99365,0.5238,0.4156,0,63440,0.3344,0.3709,0.8582,0.7865,2828,4024.8,,0.0000,
0001,千房直営,000001,第1エリア,014   ,高槻阪急スクエア支店,2026/07/16,木,平日,,曇,34.0,27.0,計,156419,180000,0.8690,0.9159,176708,0.8852,85,48,1840.2,1.60,0,,98,0.8673,0,28295,0.1809,0.3599,0,54047,0.3455,0.3649,0.5264,0.7248,2493,3764.6,,0.0000,
0001,千房直営,000001,第1エリア,014   ,高槻阪急スクエア支店,2026/07/17,金,平日,,晴,36.0,25.0,計,207693,190000,1.0931,0.9529,255102,0.8142,109,61,1905.4,2.06,0,,141,0.7731,0,135217,0.6510,0.4296,0,64298,0.3096,0.3517,0.9606,0.7813,2892,4309.0,,0.0000,
0001,千房直営,000001,第1エリア,014   ,高槻阪急スクエア支店,2026/07/18,土,土曜,,雨,35.0,28.0,計,337704,350000,0.9649,0.9562,352709,0.9575,182,84,1855.5,3.43,0,,208,0.8750,0,86640,0.2566,0.3811,0,99836,0.2956,0.3359,0.5522,0.7171,4444,4559.5,,0.0000,
0001,千房直営,000001,第1エリア,014   ,高槻阪急スクエア支店,2026/07/19,日,日祝,,曇,34.0,28.0,計,374945,350000,1.0713,0.9812,403010,0.9304,192,88,1952.8,3.62,0,,257,0.7471,0,,0.0000,0.2907,0,97750,0.2607,0.3181,0.2607,0.6088,4315,5213.6,,0.0000,
0001,千房直営,000001,第1エリア,014   ,高槻阪急スクエア支店,2026/07/20,月,日祝,,晴,35.0,28.0,計,359135,300000,1.1971,1.0151,341801,1.0507,239,111,1502.7,4.51,0,,191,1.2513,0,43923,0.1223,0.2595,0,105614,0.2941,0.3136,0.4164,0.5731,4683,4601.3,,0.0000,
0001,千房直営,000001,第1エリア,014   ,高槻阪急スクエア支店,2026/07/21,火,平日,,晴,37.0,28.0,計,142511,180000,0.7917,0.9959,199181,0.7155,86,43,1657.1,1.62,0,,111,0.7748,0,111211,0.7804,0.2951,0,64963,0.4558,0.3234,1.2362,0.6185,2871,2978.3,,0.0000,
0001,千房直営,000001,第1エリア,014   ,高槻阪急スクエア支店,2026/07/22,水,平日,,晴,36.0,28.0,計,174683,180000,0.9705,0.9939,178933,0.9762,96,44,1819.6,1.81,0,,110,0.8727,0,40165,0.2299,0.2901,0,71855,0.4113,0.3302,0.6413,0.6203,3198,3277.4,,0.0000,
0001,千房直営,000001,第1エリア,014   ,高槻阪急スクエア支店,2026/07/23,木,平日,,晴,37.0,28.0,計,135401,180000,0.7522,0.9761,167011,0.8107,80,42,1692.5,1.51,0,,96,0.8333,0,23357,0.1725,0.2834,0,59966,0.4429,0.3366,0.6154,0.6200,2670,3042.7,,0.0000,
0001,千房直営,000001,第1エリア,014   ,高槻阪急スクエア支店,2026/07/24,金,平日,,晴,36.0,27.0,計,167596,190000,0.8821,0.9694,275053,0.6093,91,54,1841.7,1.72,0,,147,0.6190,0,140826,0.8403,0.3199,0,55865,0.3333,0.3364,1.1736,0.6563,2528,3977.8,,0.0000,
0001,千房直営,000001,第1エリア,014   ,高槻阪急スクエア支店,2026/07/25,土,土曜,,曇,37.0,27.0,計,326648,350000,0.9333,0.9651,316263,1.0328,172,83,1899.1,3.25,0,,186,0.9247,0,61315,0.1877,0.3049,0,94566,0.2895,0.3311,0.4772,0.6360,4269,4591.0,,0.0000,
0001,千房直営,000001,第1エリア,014   ,高槻阪急スクエア支店,2026/07/26,日,日祝,,曇,36.0,26.0,計,302189,300000,1.0073,0.9690,337934,0.8942,164,68,1842.6,3.09,0,,174,0.9425,0,,0.0000,0.2760,0,84682,0.2802,0.3262,0.2802,0.6023,3922,4623.0,,0.0000,
0001,千房直営,000001,第1エリア,014   ,高槻阪急スクエア支店,2026/07/27,月,平日,,晴,35.0,27.0,計,181484,190000,0.9552,0.9682,170975,1.0615,106,56,1712.1,2.00,0,,93,1.1398,0,42257,0.2328,0.2737,0,54254,0.2989,0.3248,0.5318,0.5985,2385,4565.6,,0.0000,
0001,千房直営,000001,第1エリア,014   ,高槻阪急スクエア支店,2026/07/28,火,平日,,晴,35.0,26.0,計,150478,190000,0.7920,0.9591,236158,0.6372,82,42,1835.1,1.55,0,,128,0.6406,0,75022,0.4986,0.2833,0,56925,0.3783,0.3271,0.8769,0.6104,2613,3455.3,,0.0000,
0001,千房直営,000001,第1エリア,014   ,高槻阪急スクエア支店,2026/07/29,水,平日,,曇,32.0,25.0,計,165456,190000,0.8708,0.9548,192467,0.8597,94,48,1760.2,1.77,0,,118,0.7966,0,380,0.0023,0.2707,0,55685,0.3366,0.3275,0.3389,0.5982,2366,4195.8,,0.0000,
0001,千房直営,000001,第1エリア,014   ,高槻阪急スクエア支店,2026/07/30,木,平日,,晴,35.0,27.0,計,207478,190000,1.0920,0.9612,225535,0.9199,120,60,1729.0,2.26,0,,131,0.9160,0,12674,0.0611,0.2595,0,69979,0.3373,0.3280,0.3984,0.5875,2897,4297.1,,0.0000,
0001,千房直営,000001,第1エリア,014   ,高槻阪急スクエア支店,2026/07/31,金,平日,,晴,36.0,26.0,計,243784,190000,1.2831,0.9756,198032,1.2310,145,77,1681.3,2.74,0,,120,1.2083,0,44372,0.1820,0.2550,0,75509,0.3097,0.3269,0.4918,0.5819,3019,4845.0,,0.0000,
0001,千房直営,000002,第2エリア,015   ,曽根崎支店,2026/07/13,月,平日,,晴,33.0,27.0,計,400433,350000,1.1441,1.1441,,,72,14,5561.6,1.50,116,0.6207,,,0,75964,0.1897,0.1897,0,56667,0.1415,0.1415,0.3312,0.3312,2420,9928.1,,0.0000,
0001,千房直営,000002,第2エリア,015   ,曽根崎支店,2026/07/14,火,平日,,晴,34.0,28.0,計,103597,220000,0.4709,0.8843,176530,0.5869,37,18,2799.9,0.77,73,0.5068,46,0.8043,0,55902,0.5396,0.2616,0,41068,0.3964,0.1939,0.9360,0.4555,1796,3460.9,,0.0000,
0001,千房直営,000002,第2エリア,015   ,曽根崎支店,2026/07/15,水,平日,,晴,34.0,28.0,計,140489,220000,0.6386,0.8158,244498,0.5746,39,18,3602.3,0.81,73,0.5342,87,0.4483,0,20975,0.1493,0.2371,0,54584,0.3885,0.2363,0.5378,0.4735,2359,3573.3,,0.0000,
0001,千房直営,000002,第2エリア,015   ,曽根崎支店,2026/07/16,木,平日,,晴,34.0,29.0,計,223265,240000,0.9303,0.8425,288216,0.7746,68,26,3283.3,1.42,80,0.8500,87,0.7816,0,70544,0.3160,0.2574,0,40700,0.1823,0.2224,0.4983,0.4798,1773,7555.5,,0.0000,
0001,千房直営,000002,第2エリア,015   ,曽根崎支店,2026/07/17,金,平日,,晴,35.0,27.0,計,300638,260000,1.1563,0.9058,310817,0.9673,86,33,3495.8,1.79,86,1.0000,75,1.1467,0,150450,0.5004,0.3199,0,42241,0.1405,0.2013,0.6409,0.5213,1779,10139.6,,0.0000,
0001,千房直営,000002,第2エリア,015   ,曽根崎支店,2026/07/18,土,土曜,,曇,34.0,29.0,計,402781,450000,0.8951,0.9030,460135,0.8754,146,58,2758.8,3.04,150,0.9733,157,0.9299,0,101889,0.2530,0.3028,0,87872,0.2182,0.2057,0.4711,0.5084,3786,6383.2,,0.0000,
0001,千房直営,000002,第2エリア,015   ,曽根崎支店,2026/07/19,日,日祝,,曇,34.0,28.0,計,357427,400000,0.8936,0.9012,455267,0.7851,128,57,2792.4,2.67,133,0.9624,179,0.7151,0,,0.0000,0.2467,0,78606,0.2199,0.2083,0.2199,0.4550,3410,6289.0,,0.0000,
0001,千房直営,000002,第2エリア,015   ,曽根崎支店,2026/07/20,月,日祝,,晴,35.0,29.0,計,229449,300000,0.7648,0.8845,484751,0.4733,80,32,2868.1,1.67,100,0.8000,163,0.4908,0,22651,0.0987,0.2309,0,74800,0.3260,0.2208,0.4247,0.4518,3221,4274.1,,0.0000,
0001,千房直営,000002,第2エリア,015   ,曽根崎支店,2026/07/21,火,平日,,晴,37.0,29.0,計,146602,200000,0.7330,0.8730,,,47,20,3119.2,0.98,66,0.7121,,,0,78595,0.5361,0.2503,0,36346,0.2479,0.2225,0.7840,0.4729,1564,5624.1,,0.0000,
0001,千房直営,000002,第2エリア,015   ,曽根崎支店,2026/07/22,水,平日,,晴,36.0,29.0,計,172337,220000,0.7834,0.8661,224570,0.7674,56,25,3077.4,1.17,73,0.7671,72,0.7778,0,14100,0.0818,0.2386,0,36546,0.2121,0.2218,0.2939,0.4604,1573,6573.6,,0.0000,
0001,千房直営,000002,第2エリア,015   ,曽根崎支店,2026/07/23,木,平日,,晴,37.0,30.0,計,160350,220000,0.7289,0.8563,258014,0.6215,43,19,3729.1,0.90,73,0.5890,76,0.5658,0,129252,0.8061,0.2731,0,37153,0.2317,0.2224,1.0378,0.4955,1592,6043.3,,0.0000,
0001,千房直営,000002,第2エリア,015   ,曽根崎支店,2026/07/24,金,平日,,晴,37.0,29.0,計,248499,270000,0.9204,0.8615,257176,0.9663,65,26,3823.1,1.35,90,0.7222,77,0.8442,0,80296,0.3231,0.2774,0,43765,0.1761,0.2184,0.4992,0.4959,1900,7847.3,,0.0000,
0001,千房直営,000002,第2エリア,015   ,曽根崎支店,2026/07/25,土,土曜,,晴,36.0,28.0,計,286903,450000,0.6376,0.8349,417985,0.6864,101,44,2840.6,2.10,150,0.6733,137,0.7372,0,45493,0.1586,0.2667,0,86960,0.3031,0.2261,0.4617,0.4928,3807,4521.7,,0.0000,
0001,千房直営,000002,第2エリア,015   ,曽根崎支店,2026/07/26,日,日祝,,晴,35.0,28.0,計,160591,400000,0.4015,0.7937,432261,0.3715,61,29,2632.6,1.27,133,0.4586,158,0.3861,0,,0.0000,0.2538,0,69724,0.4342,0.2361,0.4342,0.4899,2950,3266.3,,0.0000,
0001,千房直営,000002,第2エリア,015   ,曽根崎支店,2026/07/27,月,平日,,晴,35.0,28.0,計,,0,,0.7937,,,,,,0,0,,,,0,16100,,0.2587,0,0,,0.2361,,0.4948,0,,,,
0001,千房直営,000002,第2エリア,015   ,曽根崎支店,2026/07/28,火,平日,,晴,35.0,28.0,計,111870,220000,0.5085,0.7795,238184,0.4697,31,14,3608.7,0.65,73,0.4247,64,0.4844,0,35041,0.3132,0.2604,0,45405,0.4059,0.2416,0.7191,0.5021,1813,3702.3,,0.0000,
0001,千房直営,000002,第2エリア,015   ,曽根崎支店,2026/07/29,水,平日,,曇,32.0,28.0,計,215382,220000,0.9790,0.7889,234337,0.9191,78,22,2761.3,1.63,73,1.0685,72,1.0833,0,5680,0.0264,0.2467,0,44644,0.2073,0.2396,0.2337,0.4863,1788,7227.6,,0.0000,
0001,千房直営,000002,第2エリア,015   ,曽根崎支店,2026/07/30,木,平日,,晴,35.0,28.0,計,125792,240000,0.5241,0.7759,241924,0.5200,46,21,2734.6,0.96,80,0.5750,64,0.7188,0,43996,0.3498,0.2501,0,46178,0.3671,0.2438,0.7169,0.4939,1869,4038.3,,0.0000,
0001,千房直営,000002,第2エリア,015   ,曽根崎支店,2026/07/31,金,平日,,晴,36.0,28.0,計,240941,260000,0.9267,0.7835,100706,2.3925,81,28,2974.6,1.69,86,0.9419,28,2.8929,0,13354,0.0554,0.2384,0,65773,0.2730,0.2456,0.3284,0.4840,2567,5631.7,,0.0000,
0001,千房直営,000004,第4エリア,034   ,華 恵比寿ガーデンプレイス店,2026/07/13,月,平日,,雨,28.0,25.0,計,231633,200000,1.1582,1.1582,367969,0.6295,32,15,7238.5,0.64,25,1.2800,52,0.6154,0,99677,0.4303,0.4303,0,81071,0.3500,0.3500,0.7803,0.7803,3390,4099.7,,0.0000,
0001,千房直営,000004,第4エリア,034   ,華 恵比寿ガーデンプレイス店,2026/07/14,火,平日,,晴,33.0,25.0,計,183714,250000,0.7349,0.9230,314410,0.5843,37,17,4965.2,0.74,40,0.9250,47,0.7872,0,44168,0.2404,0.3463,0,82351,0.4483,0.3935,0.6887,0.7398,3438,3206.2,,0.0000,
0001,千房直営,000004,第4エリア,034   ,華 恵比寿ガーデンプレイス店,2026/07/15,水,平日,,晴,32.0,27.0,計,270701,250000,1.0828,0.9801,208635,1.2975,42,16,6445.3,0.84,40,1.0500,42,1.0000,0,50762,0.1875,0.2837,0,87434,0.3230,0.3657,0.5105,0.6493,3678,4416.0,,0.0000,
0001,千房直営,000004,第4エリア,034   ,華 恵比寿ガーデンプレイス店,2026/07/16,木,平日,,晴,33.0,27.0,計,261682,250000,1.0467,0.9976,120549,2.1708,42,18,6230.5,0.84,40,1.0500,25,1.6800,0,62375,0.2384,0.2712,0,83489,0.3190,0.3528,0.5574,0.6239,3502,4483.4,,0.0000,
0001,千房直営,000004,第4エリア,034   ,華 恵比寿ガーデンプレイス店,2026/07/17,金,平日,,雨,30.0,27.0,計,267028,250000,1.0681,1.0123,203333,1.3133,42,17,6357.8,0.84,40,1.0500,34,1.2353,0,372212,1.3939,0.5180,0,87674,0.3283,0.3474,1.7222,0.8654,3673,4362.0,,0.0000,
0001,千房直営,000004,第4エリア,034   ,華 恵比寿ガーデンプレイス店,2026/07/18,土,土曜,,曇,29.0,25.0,計,672238,550000,1.2223,1.0783,584870,1.1494,105,37,6402.3,2.10,89,1.1798,81,1.2963,0,90462,0.1346,0.3814,0,131700,0.1959,0.2934,0.3305,0.6748,5508,7322.9,,0.0000,
0001,千房直営,000004,第4エリア,034   ,華 恵比寿ガーデンプレイス店,2026/07/19,日,日祝,,晴,32.0,26.0,計,883957,550000,1.6072,1.2048,580954,1.5216,136,47,6499.7,2.72,89,1.5281,87,1.5632,0,34938,0.0395,0.2723,0,129528,0.1465,0.2466,0.1861,0.5189,5394,9832.7,,0.0000,
0001,千房直営,000004,第4エリア,034   ,華 恵比寿ガーデンプレイス店,2026/07/20,月,日祝,,晴,35.0,26.0,計,409097,500000,0.8182,1.1357,379479,1.0780,81,31,5050.6,1.62,79,1.0253,62,1.3065,0,19016,0.0465,0.2433,0,122164,0.2986,0.2533,0.3451,0.4965,5068,4843.3,,0.0000,
0001,千房直営,000004,第4エリア,034   ,華 恵比寿ガーデンプレイス店,2026/07/21,火,平日,,晴,34.0,27.0,計,194246,200000,0.9712,1.1248,197339,0.9843,35,14,5549.9,0.70,25,1.4000,35,1.0000,0,209868,1.0804,0.2915,0,79779,0.4107,0.2623,1.4911,0.5538,3352,3477.0,,0.0000,
0001,千房直営,000004,第4エリア,034   ,華 恵比寿ガーデンプレイス店,2026/07/22,水,平日,,晴,35.0,28.0,計,333528,250000,1.3341,1.1409,203920,1.6356,49,17,6806.7,0.98,40,1.2250,26,1.8846,0,75621,0.2267,0.2856,0,83938,0.2517,0.2614,0.4784,0.5470,3470,5767.1,,0.0000,
0001,千房直営,000004,第4エリア,034   ,華 恵比寿ガーデンプレイス店,2026/07/23,木,平日,,晴,35.0,29.0,計,96135,250000,0.3845,1.0868,238617,0.4029,20,10,4806.8,0.40,40,0.5000,38,0.5263,0,83280,0.8663,0.3003,0,79008,0.8218,0.2755,1.6881,0.5759,3324,1735.3,,0.0000,
0001,千房直営,000004,第4エリア,034   ,華 恵比寿ガーデンプレイス店,2026/07/24,金,平日,,曇,33.0,27.0,計,439366,300000,1.4646,1.1167,267459,1.6427,59,20,7446.9,1.18,45,1.3111,38,1.5526,0,226099,0.5146,0.3225,0,92653,0.2109,0.2688,0.7255,0.5913,3920,6725.0,,0.0000,
0001,千房直営,000004,第4エリア,034   ,華 恵比寿ガーデンプレイス店,2026/07/25,土,土曜,,曇,35.0,25.0,計,335516,550000,0.6100,1.0526,446451,0.7515,79,30,4247.0,1.58,89,0.8876,73,1.0822,0,166938,0.4976,0.3353,0,121303,0.3615,0.2756,0.8591,0.6110,5136,3919.6,,0.0000,
0001,千房直営,000004,第4エリア,034   ,華 恵比寿ガーデンプレイス店,2026/07/26,日,日祝,,雨,32.0,25.0,計,731195,550000,1.3294,1.0837,492918,1.4834,132,32,5539.4,2.64,89,1.4831,93,1.4194,0,,0.0000,0.2892,0,131928,0.1804,0.2625,0.1804,0.5517,5461,8033.6,,0.0000,
0001,千房直営,000004,第4エリア,034   ,華 恵比寿ガーデンプレイス店,2026/07/27,月,平日,,曇,29.0,25.0,計,274868,200000,1.3743,1.0951,258381,1.0638,40,17,6871.7,0.80,25,1.6000,41,0.9756,0,87165,0.3171,0.2905,0,80876,0.2942,0.2641,0.6114,0.5546,3247,5079.2,,0.0000,
0001,千房直営,000004,第4エリア,034   ,華 恵比寿ガーデンプレイス店,2026/07/28,火,平日,,雨,28.0,22.0,計,236110,250000,0.9444,1.0880,353161,0.6686,37,17,6381.4,0.74,40,0.9250,48,0.7708,0,33310,0.1411,0.2845,0,82637,0.3500,0.2676,0.4911,0.5520,3280,4319.1,,0.0000,
0001,千房直営,000004,第4エリア,034   ,華 恵比寿ガーデンプレイス店,2026/07/29,水,平日,,晴,34.0,24.0,計,289383,250000,1.1575,1.0911,331170,0.8738,36,14,8038.4,0.72,40,0.9000,54,0.6667,0,49231,0.1701,0.2791,0,75171,0.2598,0.2672,0.4299,0.5463,2999,5789.6,,0.0000,
0001,千房直営,000004,第4エリア,034   ,華 恵比寿ガーデンプレイス店,2026/07/30,木,平日,,曇,34.0,27.0,計,269005,250000,1.0760,1.0905,420319,0.6400,42,18,6404.9,0.84,40,1.0500,54,0.7778,0,,0.0000,0.2673,0,100482,0.3735,0.2717,0.3735,0.5390,3763,4289.2,,0.0000,
0001,千房直営,000004,第4エリア,034   ,華 恵比寿ガーデンプレイス店,2026/07/31,金,平日,,曇,34.0,27.0,計,278777,300000,0.9293,1.0826,207695,1.3422,40,19,6969.4,0.80,45,0.8889,37,1.0811,0,,0.0000,0.2561,0,108720,0.3900,0.2766,0.3900,0.5327,4066,4113.8,,0.0000,
0001,千房直営,000002,第2エリア,035   ,京橋京阪モール支店,2026/07/13,月,平日,,晴,33.0,27.0,計,188441,140000,1.3460,1.3460,139020,1.3555,82,38,2298.1,2.16,73,1.1233,71,1.1549,0,62159,0.3299,0.3299,0,48100,0.2553,0.2553,0.5851,0.5851,2088,5415.0,,0.0000,
0001,千房直営,000002,第2エリア,035   ,京橋京阪モール支店,2026/07/14,火,平日,,晴,34.0,28.0,計,102490,140000,0.7321,1.0390,123609,0.8291,54,30,1898.0,1.42,73,0.7397,69,0.7826,0,42698,0.4166,0.3604,0,48550,0.4737,0.3322,0.8903,0.6926,2196,2800.3,,0.0000,
0001,千房直営,000002,第2エリア,035   ,京橋京阪モール支店,2026/07/15,水,平日,,晴,34.0,28.0,計,98631,140000,0.7045,0.9275,193160,0.5106,50,29,1972.6,1.32,73,0.6849,108,0.4630,0,77452,0.7853,0.4680,0,49136,0.4982,0.3742,1.2835,0.8422,2174,2722.1,,0.0000,
0001,千房直営,000002,第2エリア,035   ,京橋京阪モール支店,2026/07/16,木,平日,,晴,34.0,29.0,計,118404,150000,0.7894,0.8912,151805,0.7800,61,33,1941.0,1.61,78,0.7821,73,0.8356,0,16353,0.1381,0.3911,0,42050,0.3551,0.3698,0.4933,0.7609,1908,3723.4,,0.0000,
0001,千房直営,000002,第2エリア,035   ,京橋京阪モール支店,2026/07/17,金,平日,,晴,35.0,27.0,計,191145,150000,1.2743,0.9710,156808,1.2190,79,39,2419.6,2.08,78,1.0128,77,1.0260,0,161372,0.8442,0.5150,0,43592,0.2281,0.3310,1.0723,0.8460,1927,5951.6,,0.0000,
0001,千房直営,000002,第2エリア,035   ,京橋京阪モール支店,2026/07/18,土,土曜,,曇,34.0,29.0,計,201674,260000,0.7757,0.9192,339245,0.5945,102,54,1977.2,2.68,136,0.7500,166,0.6145,0,37354,0.1852,0.4412,0,70885,0.3515,0.3356,0.5367,0.7768,3004,4028.1,,0.0000,
0001,千房直営,000002,第2エリア,035   ,京橋京阪モール支店,2026/07/19,日,日祝,,曇,34.0,28.0,計,317801,270000,1.1770,0.9749,321596,0.9882,156,76,2037.2,4.11,142,1.0986,173,0.9017,0,,0.0000,0.3261,0,72855,0.2292,0.3079,0.2292,0.6340,3108,6135.2,,0.0000,
0001,千房直営,000002,第2エリア,035   ,京橋京阪モール支店,2026/07/20,月,日祝,,晴,35.0,29.0,計,169408,270000,0.6274,0.9132,256514,0.6604,84,43,2016.8,2.21,142,0.5915,133,0.6316,0,14337,0.0846,0.2966,0,63183,0.3730,0.3158,0.4576,0.6124,2702,3761.8,,0.0000,
0001,千房直営,000002,第2エリア,035   ,京橋京阪モール支店,2026/07/21,火,平日,,晴,37.0,29.0,計,179465,140000,1.2819,0.9443,108170,1.6591,79,41,2271.7,2.08,73,1.0822,56,1.4107,0,41883,0.2334,0.2894,0,50246,0.2800,0.3117,0.5134,0.6011,2208,4876.8,,0.0000,
0001,千房直営,000002,第2エリア,035   ,京橋京阪モール支店,2026/07/22,水,平日,,晴,36.0,29.0,計,169083,140000,1.2077,0.9647,185769,0.9102,93,53,1818.1,2.45,73,1.2740,98,0.9490,0,17035,0.1007,0.2710,0,49261,0.2913,0.3097,0.3921,0.5808,2166,4683.7,,0.0000,
0001,千房直営,000002,第2エリア,035   ,京橋京阪モール支店,2026/07/23,木,平日,,晴,37.0,30.0,計,138184,150000,0.9212,0.9614,143395,0.9637,57,28,2424.3,1.50,78,0.7308,82,0.6951,0,40463,0.2928,0.2726,0,44623,0.3229,0.3107,0.6157,0.5833,1987,4172.6,,0.0000,
0001,千房直営,000002,第2エリア,035   ,京橋京阪モール支店,2026/07/24,金,平日,,晴,37.0,29.0,計,164268,150000,1.0951,0.9710,214168,0.7670,87,45,1888.1,2.29,78,1.1154,113,0.7699,0,109568,0.6670,0.3044,0,48747,0.2968,0.3096,0.9638,0.6140,2152,4580.0,,0.0000,
0001,千房直営,000002,第2エリア,035   ,京橋京阪モール支店,2026/07/25,土,土曜,,晴,36.0,28.0,計,267285,270000,0.9899,0.9731,303321,0.8812,131,57,2040.3,3.45,142,0.9225,147,0.8912,0,12424,0.0465,0.2745,0,77180,0.2888,0.3072,0.3352,0.5817,3278,4892.3,,0.0000,
0001,千房直営,000002,第2エリア,035   ,京橋京阪モール支店,2026/07/26,日,日祝,,晴,35.0,28.0,計,280473,270000,1.0388,0.9798,305938,0.9168,130,62,2157.5,3.42,142,0.9155,153,0.8497,0,,0.0000,0.2447,0,74961,0.2673,0.3028,0.2673,0.5476,3260,5162.1,,0.0000,
0001,千房直営,000002,第2エリア,035   ,京橋京阪モール支店,2026/07/27,月,平日,,晴,35.0,28.0,計,146249,140000,1.0446,0.9831,140824,1.0385,66,32,2215.9,1.74,73,0.9041,69,0.9565,0,60706,0.4151,0.2539,0,44610,0.3050,0.3030,0.7201,0.5568,1863,4710.1,,0.0000,
0001,千房直営,000002,第2エリア,035   ,京橋京阪モール支店,2026/07/28,火,平日,,晴,36.0,28.0,計,130262,140000,0.9304,0.9806,145162,0.8974,71,40,1834.7,1.87,73,0.9726,76,0.9342,0,33998,0.2610,0.2542,0,49885,0.3830,0.3066,0.6440,0.5608,2147,3640.3,,0.0000,
0001,千房直営,000002,第2エリア,035   ,京橋京阪モール支店,2026/07/29,水,平日,,曇,32.0,28.0,計,78030,140000,0.5574,0.9612,126906,0.6149,45,27,1734.0,1.18,73,0.6164,79,0.5696,0,45650,0.5850,0.2630,0,52372,0.6712,0.3163,1.2562,0.5792,2174,2153.5,,0.0000,
0001,千房直営,000002,第2エリア,035   ,京橋京阪モール支店,2026/07/30,木,平日,,晴,35.0,28.0,計,113871,150000,0.7591,0.9518,101453,1.1224,55,32,2070.4,1.45,78,0.7051,56,0.9821,0,11443,0.1005,0.2569,0,44405,0.3900,0.3190,0.4905,0.5759,1898,3599.7,,0.0000,
0001,千房直営,000002,第2エリア,035   ,京橋京阪モール支店,2026/07/31,金,平日,,晴,36.0,28.0,計,152411,150000,1.0161,0.9546,118461,1.2866,75,44,2032.1,1.97,78,0.9615,63,1.1905,0,40813,0.2678,0.2574,0,58172,0.3817,0.3220,0.6495,0.5794,2393,3821.4,,0.0000,
0001,千房直営,000002,第2エリア,040   ,ハービスＰＬＡＺＡ梅田支店,2026/07/13,月,平日,,晴,33.0,27.0,計,104086,210000,0.4956,0.4956,199970,0.5205,39,17,2668.9,1.11,94,0.4149,88,0.4432,51240,43860,0.4214,0.4214,0,51349,0.4933,0.4933,0.9147,0.9147,2114,2954.2,,0.0000,
0001,千房直営,000002,第2エリア,040   ,ハービスＰＬＡＺＡ梅田支店,2026/07/14,火,平日,,晴,34.0,28.0,計,188678,210000,0.8985,0.6971,147355,1.2804,83,41,2273.2,2.37,94,0.8830,70,1.1857,51240,37868,0.2007,0.2792,0,59816,0.3170,0.3797,0.5177,0.6589,2415,4687.7,,0.0000,
0001,千房直営,000002,第2エリア,040   ,ハービスＰＬＡＺＡ梅田支店,2026/07/15,水,平日,,晴,34.0,28.0,計,174320,210000,0.8301,0.7414,168461,1.0348,76,37,2293.7,2.17,94,0.8085,80,0.9500,51240,66552,0.3818,0.3175,0,55627,0.3191,0.3571,0.7009,0.6746,2230,4690.2,,0.0000,
0001,千房直営,000002,第2エリア,040   ,ハービスＰＬＡＺＡ梅田支店,2026/07/16,木,平日,,晴,34.0,29.0,計,167878,210000,0.7994,0.7559,249359,0.6732,65,32,2582.7,1.86,94,0.6915,117,0.5556,51240,1927,0.0115,0.2366,0,64648,0.3851,0.3645,0.3966,0.6011,2656,3792.4,,0.0000,
0001,千房直営,000002,第2エリア,040   ,ハービスＰＬＡＺＡ梅田支店,2026/07/17,金,平日,,晴,35.0,27.0,計,190103,210000,0.9053,0.7858,276688,0.6871,77,36,2468.9,2.20,94,0.8191,108,0.7130,51240,217873,1.1461,0.4461,0,61934,0.3258,0.3556,1.4719,0.8017,2495,4571.6,,0.0000,
0001,千房直営,000002,第2エリア,040   ,ハービスＰＬＡＺＡ梅田支店,2026/07/18,土,土曜,,曇,34.0,29.0,計,191437,330000,0.5801,0.7366,321918,0.5947,83,41,2306.5,2.37,148,0.5608,141,0.5887,73590,75054,0.3921,0.4359,0,71099,0.3714,0.3586,0.7635,0.7945,2970,3867.4,,0.0000,
0001,千房直営,000002,第2エリア,040   ,ハービスＰＬＡＺＡ梅田支店,2026/07/19,日,日祝,,曇,34.0,28.0,計,344350,340000,1.0128,0.7912,404526,0.8512,155,66,2221.6,4.43,152,1.0197,183,0.8470,80520,,0.0000,0.3256,0,81863,0.2377,0.3280,0.2377,0.6536,3422,6037.7,,0.0000,
0001,千房直営,000002,第2エリア,040   ,ハービスＰＬＡＺＡ梅田支店,2026/07/20,月,日祝,,晴,35.0,29.0,計,232064,330000,0.7032,0.7770,321092,0.7227,102,49,2275.1,2.91,148,0.6892,138,0.7391,80520,41113,0.1772,0.3040,0,67284,0.2899,0.3224,0.4671,0.6264,2736,5089.1,,0.0000,
0001,千房直営,000002,第2エリア,040   ,ハービスＰＬＡＺＡ梅田支店,2026/07/21,火,平日,,晴,37.0,29.0,計,190325,210000,0.9063,0.7890,174436,1.0911,104,48,1830.0,2.97,94,1.1064,86,1.2093,51240,13316,0.0700,0.2790,0,60674,0.3188,0.3221,0.3888,0.6011,2461,4640.2,,0.0000,
0001,千房直営,000002,第2エリア,040   ,ハービスＰＬＡＺＡ梅田支店,2026/07/22,水,平日,,晴,36.0,29.0,計,199616,210000,0.9506,0.8028,219639,0.9088,92,39,2169.7,2.63,94,0.9787,111,0.8288,51240,48440,0.2427,0.2754,0,67441,0.3379,0.3236,0.5805,0.5990,2966,4038.1,,0.0000,
0001,千房直営,000002,第2エリア,040   ,ハービスＰＬＡＺＡ梅田支店,2026/07/23,木,平日,,晴,37.0,30.0,計,196518,210000,0.9358,0.8132,185424,1.0598,91,44,2159.5,2.60,94,0.9681,91,1.0000,51240,20616,0.1049,0.2600,0,49966,0.2543,0.3174,0.3592,0.5774,2166,5443.7,,0.0000,
0001,千房直営,000002,第2エリア,040   ,ハービスＰＬＡＺＡ梅田支店,2026/07/24,金,平日,,晴,37.0,29.0,計,240821,210000,1.1468,0.8374,249962,0.9634,95,42,2535.0,2.71,94,1.0106,127,0.7480,51240,130221,0.5407,0.2879,0,52969,0.2200,0.3077,0.7607,0.5956,2318,6233.5,,0.0000,
0001,千房直営,000002,第2エリア,040   ,ハービスＰＬＡＺＡ梅田支店,2026/07/25,土,土曜,,晴,36.0,28.0,計,238008,330000,0.7212,0.8255,341835,0.6963,113,44,2106.3,3.23,148,0.7635,136,0.8309,73590,53292,0.2239,0.2822,0,86546,0.3636,0.3127,0.5875,0.5949,3299,4328.7,,0.0000,
0001,千房直営,000002,第2エリア,040   ,ハービスＰＬＡＺＡ梅田支店,2026/07/26,日,日祝,,晴,35.0,28.0,計,283818,330000,0.8601,0.8287,322479,0.8801,136,62,2086.9,3.89,148,0.9189,146,0.9315,80520,,0.0000,0.2550,0,84810,0.2988,0.3114,0.2988,0.5663,3267,5212.5,,0.0000,
0001,千房直営,000002,第2エリア,040   ,ハービスＰＬＡＺＡ梅田支店,2026/07/27,月,平日,,晴,35.0,28.0,計,115770,210000,0.5513,0.8132,225100,0.5143,69,36,1677.8,1.97,94,0.7340,101,0.6832,51240,79947,0.6906,0.2715,0,64216,0.5547,0.3206,1.2453,0.5920,2350,2955.8,,0.0000,
0001,千房直営,000002,第2エリア,040   ,ハービスＰＬＡＺＡ梅田支店,2026/07/28,火,平日,,晴,35.0,28.0,計,223084,210000,1.0623,0.8264,247231,0.9023,103,35,2165.9,2.94,94,1.0957,107,0.9626,51240,19564,0.0877,0.2590,0,53071,0.2379,0.3150,0.3256,0.5739,2218,6034.7,,0.0000,
0001,千房直営,000002,第2エリア,040   ,ハービスＰＬＡＺＡ梅田支店,2026/07/29,水,平日,,曇,32.0,28.0,計,118908,210000,0.5662,0.8133,237174,0.5014,61,31,1949.3,1.74,94,0.6489,115,0.5304,51240,14200,0.1194,0.2541,0,52112,0.4383,0.3193,0.5577,0.5734,2121,3363.7,,0.0000,
0001,千房直営,000002,第2エリア,040   ,ハービスＰＬＡＺＡ梅田支店,2026/07/30,木,平日,,晴,35.0,28.0,計,213669,210000,1.0175,0.8231,214602,0.9957,104,47,2054.5,2.97,94,1.1064,89,1.1685,51240,18489,0.0865,0.2442,0,59741,0.2796,0.3169,0.3661,0.5611,2341,5476.4,,0.0000,
0001,千房直営,000002,第2エリア,040   ,ハービスＰＬＡＺＡ梅田支店,2026/07/31,金,平日,,晴,36.0,28.0,計,179364,210000,0.8541,0.8245,146493,1.2244,80,43,2242.1,2.29,94,0.8511,76,1.0526,58158,22185,0.1237,0.2385,0,82507,0.4600,0.3237,0.5837,0.5622,3006,3580.1,,0.0000,
0001,千房直営,000003,第3エリア,052   ,有楽町ビックカメラ支店,2026/07/13,月,平日,,雨,29.0,25.0,計,140227,260000,0.5393,0.5393,209656,0.6688,47,29,2983.6,0.84,84,0.5595,77,0.6104,0,108626,0.7746,0.7746,0,69104,0.4928,0.4928,1.2674,1.2674,2664,3158.3,,0.0000,
0001,千房直営,000003,第3エリア,052   ,有楽町ビックカメラ支店,2026/07/14,火,平日,,晴,33.0,25.0,計,174418,260000,0.6708,0.6051,281414,0.6198,73,42,2389.3,1.30,84,0.8690,91,0.8022,0,41688,0.2390,0.4777,0,79279,0.4545,0.4716,0.6935,0.9493,2969,3524.8,,0.0000,
0001,千房直営,000003,第3エリア,052   ,有楽町ビックカメラ支店,2026/07/15,水,平日,,晴,33.0,27.0,計,244788,260000,0.9415,0.7172,213340,1.1474,70,32,3497.0,1.25,84,0.8333,80,0.8750,0,29109,0.1189,0.3207,0,71270,0.2912,0.3926,0.4101,0.7134,2867,5122.9,,0.0000,
0001,千房直営,000003,第3エリア,052   ,有楽町ビックカメラ支店,2026/07/16,木,平日,,曇,33.0,27.0,計,240210,260000,0.9239,0.7689,310999,0.7724,77,41,3119.6,1.38,84,0.9167,115,0.6696,0,43674,0.1818,0.2790,0,84633,0.3523,0.3805,0.5341,0.6595,3148,4578.3,,0.0000,
0001,千房直営,000003,第3エリア,052   ,有楽町ビックカメラ支店,2026/07/17,金,平日,,曇,30.0,27.0,計,299260,310000,0.9654,0.8140,324483,0.9223,92,45,3252.8,1.64,100,0.9200,96,0.9583,0,191938,0.6414,0.3777,0,90659,0.3029,0.3594,0.9443,0.7371,3447,5209.1,,0.0000,
0001,千房直営,000003,第3エリア,052   ,有楽町ビックカメラ支店,2026/07/18,土,土曜,,曇,30.0,26.0,計,453765,500000,0.9075,0.8393,441712,1.0273,191,84,2375.7,3.41,200,0.9550,176,1.0852,0,98062,0.2161,0.3305,0,124337,0.2740,0.3344,0.4901,0.6649,4620,5893.1,,0.0000,
0001,千房直営,000003,第3エリア,052   ,有楽町ビックカメラ支店,2026/07/19,日,日祝,,晴,33.0,26.0,計,574385,500000,1.1488,0.9051,480008,1.1966,219,102,2622.8,3.91,209,1.0478,251,0.8725,0,23352,0.0407,0.2522,0,126765,0.2207,0.3037,0.2614,0.5559,4945,6969.3,,0.0000,
0001,千房直営,000003,第3エリア,052   ,有楽町ビックカメラ支店,2026/07/20,月,日祝,,晴,35.0,26.0,計,319164,500000,0.6383,0.8583,424882,0.7512,159,71,2007.3,2.84,209,0.7608,174,0.9138,0,,0.0000,0.2193,0,103948,0.3257,0.3066,0.3257,0.5259,4071,4704.0,,0.0000,
0001,千房直営,000003,第3エリア,052   ,有楽町ビックカメラ支店,2026/07/21,火,平日,,晴,35.0,27.0,計,266479,260000,1.0249,0.8723,267959,0.9945,94,39,2834.9,1.68,84,1.1190,87,1.0805,0,102687,0.3853,0.2356,0,73963,0.2776,0.3037,0.6629,0.5394,2974,5376.2,,0.0000,
0001,千房直営,000003,第3エリア,052   ,有楽町ビックカメラ支店,2026/07/22,水,平日,,晴,35.0,28.0,計,319466,260000,1.2287,0.8998,311333,1.0261,107,47,2985.7,1.91,84,1.2738,123,0.8699,0,106785,0.3343,0.2460,0,79403,0.2485,0.2979,0.5828,0.5439,2866,6688.1,,0.0000,
0001,千房直営,000003,第3エリア,052   ,有楽町ビックカメラ支店,2026/07/23,木,平日,,晴,36.0,29.0,計,333255,260000,1.2818,0.9271,214443,1.5540,121,52,2754.2,2.16,84,1.4405,87,1.3908,0,34110,0.1024,0.2318,0,73732,0.2212,0.2903,0.3236,0.5221,2989,6689.6,,0.0000,
0001,千房直営,000003,第3エリア,052   ,有楽町ビックカメラ支店,2026/07/24,金,平日,,曇,33.0,27.0,計,383523,310000,1.2372,0.9515,298637,1.2842,129,53,2973.0,2.30,100,1.2900,108,1.1944,0,221336,0.5771,0.2671,0,71934,0.1876,0.2798,0.7647,0.5469,2722,8453.9,,0.0000,
0001,千房直営,000003,第3エリア,052   ,有楽町ビックカメラ支店,2026/07/25,土,土曜,,曇,35.0,25.0,計,385816,500000,0.7716,0.9313,489057,0.7889,156,71,2473.2,2.79,200,0.7800,196,0.7959,0,74266,0.1925,0.2601,0,129864,0.3366,0.2851,0.5291,0.5453,4922,4703.2,,0.0000,
0001,千房直営,000003,第3エリア,052   ,有楽町ビックカメラ支店,2026/07/26,日,日祝,,雨,32.0,24.0,計,366156,500000,0.7323,0.9111,415825,0.8806,158,66,2317.4,2.82,209,0.7560,166,0.9518,0,,0.0000,0.2390,0,129082,0.3525,0.2906,0.3525,0.5296,4770,4605.7,,0.0000,
0001,千房直営,000003,第3エリア,052   ,有楽町ビックカメラ支店,2026/07/27,月,平日,,曇,28.0,24.0,計,300248,260000,1.1548,0.9233,166920,1.7988,98,41,3063.8,1.75,84,1.1667,69,1.4203,0,61127,0.2036,0.2368,0,88632,0.2952,0.2909,0.4988,0.5277,3298,5462.4,,0.0000,
0001,千房直営,000003,第3エリア,052   ,有楽町ビックカメラ支店,2026/07/28,火,平日,,雨,28.0,22.0,計,224103,270000,0.8300,0.9187,239636,0.9352,90,38,2490.0,1.61,87,1.0345,100,0.9000,0,142639,0.6365,0.2546,0,111073,0.4956,0.3000,1.1321,0.5546,3794,3544.1,,0.0000,
0001,千房直営,000003,第3エリア,052   ,有楽町ビックカメラ支店,2026/07/29,水,平日,,晴,34.0,24.0,計,265651,270000,0.9839,0.9218,194762,1.3640,109,52,2437.2,1.95,87,1.2529,77,1.4156,0,48415,0.1823,0.2510,0,91187,0.3433,0.3022,0.5255,0.5532,3261,4887.8,,0.0000,
0001,千房直営,000003,第3エリア,052   ,有楽町ビックカメラ支店,2026/07/30,木,平日,,曇,34.0,26.0,計,296726,270000,1.0990,0.9297,291279,1.0187,113,59,2625.9,2.02,87,1.2989,106,1.0660,0,42385,0.1428,0.2452,0,117712,0.3967,0.3072,0.5395,0.5524,3957,4499.3,,0.0000,
0001,千房直営,000003,第3エリア,052   ,有楽町ビックカメラ支店,2026/07/31,金,平日,,曇,34.0,26.0,計,426619,310000,1.3762,0.9516,232711,1.8333,129,62,3307.1,2.30,100,1.2900,80,1.6125,0,98022,0.2298,0.2441,0,116288,0.2726,0.3048,0.5023,0.5489,3894,6573.5,,0.0000,
0001,千房直営,000003,第3エリア,053   ,そごう横浜店,2026/07/13,月,平日,,雨,29.0,25.0,計,129958,180000,0.7220,0.7220,167143,0.7775,61,34,2130.5,1.22,72,0.8472,75,0.8133,0,175738,1.3523,1.3523,0,73631,0.5666,0.5666,1.9188,1.9188,3189,2445.1,,0.0000,
0001,千房直営,000003,第3エリア,053   ,そごう横浜店,2026/07/14,火,平日,,晴,33.0,25.0,計,225161,180000,1.2509,0.9864,205142,1.0976,72,40,3127.2,1.44,72,1.0000,86,0.8372,0,56341,0.2502,0.6535,0,68774,0.3054,0.4010,0.5557,1.0545,2896,4664.9,,0.0000,
0001,千房直営,000003,第3エリア,053   ,そごう横浜店,2026/07/15,水,平日,,晴,32.0,26.0,計,247781,190000,1.3041,1.0962,229490,1.0797,97,44,2554.4,1.94,76,1.2763,91,1.0659,0,115671,0.4668,0.5768,0,74463,0.3005,0.3597,0.7673,0.9365,3228,4605.6,,0.0000,
0001,千房直営,000003,第3エリア,053   ,そごう横浜店,2026/07/16,木,平日,,晴,32.0,27.0,計,209191,180000,1.1622,1.1125,191175,1.0942,81,45,2582.6,1.62,72,1.1250,87,0.9310,0,6727,0.0322,0.4365,0,76519,0.3658,0.3613,0.3979,0.7978,3301,3802.3,,0.0000,
0001,千房直営,000003,第3エリア,053   ,そごう横浜店,2026/07/17,金,平日,,曇,31.0,27.0,計,276784,220000,1.2581,1.1462,262421,1.0547,111,55,2493.5,2.22,88,1.2614,113,0.9823,0,297513,1.0749,0.5988,0,79661,0.2878,0.3426,1.3627,0.9414,3437,4831.8,,0.0000,
0001,千房直営,000003,第3エリア,053   ,そごう横浜店,2026/07/18,土,土曜,,曇,30.0,26.0,計,465057,480000,0.9689,1.0867,473097,0.9830,195,85,2384.9,3.90,192,1.0156,203,0.9606,0,95061,0.2044,0.4807,0,107468,0.2311,0.3092,0.4355,0.7900,4543,6142.1,,0.0000,
0001,千房直営,000003,第3エリア,053   ,そごう横浜店,2026/07/19,日,日祝,,晴,32.0,26.0,計,541212,480000,1.1275,1.0969,489571,1.1055,228,99,2373.7,4.56,192,1.1875,238,0.9580,0,,0.0000,0.3566,0,108650,0.2008,0.2812,0.2008,0.6378,4617,7033.3,,0.0000,
0001,千房直営,000003,第3エリア,053   ,そごう横浜店,2026/07/20,月,日祝,,晴,34.0,26.0,計,445504,480000,0.9281,1.0630,437948,1.0173,237,114,1879.8,4.74,192,1.2344,199,1.1910,0,15908,0.0357,0.3003,0,112700,0.2530,0.2763,0.2887,0.5766,4809,5558.4,,0.0000,
0001,千房直営,000003,第3エリア,053   ,そごう横浜店,2026/07/21,火,平日,,晴,34.0,27.0,計,165943,190000,0.8734,1.0491,230069,0.7213,64,33,2592.9,1.28,80,0.8000,88,0.7273,0,19016,0.1146,0.2889,0,47276,0.2849,0.2768,0.3995,0.5657,2070,4809.9,,0.0000,
0001,千房直営,000003,第3エリア,053   ,そごう横浜店,2026/07/22,水,平日,,晴,35.0,28.0,計,216487,190000,1.1394,1.0553,147938,1.4634,81,42,2672.7,1.62,76,1.0658,74,1.0946,0,118569,0.5477,0.3081,0,66925,0.3091,0.2792,0.8568,0.5873,2909,4465.2,,0.0000,
0001,千房直営,000003,第3エリア,053   ,そごう横浜店,2026/07/23,木,平日,,晴,35.0,29.0,計,160534,190000,0.8449,1.0418,231731,0.6928,75,37,2140.5,1.50,76,0.9868,86,0.8721,0,52010,0.3240,0.3089,0,78634,0.4898,0.2901,0.8138,0.5991,3333,2889.9,,0.0000,
0001,千房直営,000003,第3エリア,053   ,そごう横浜店,2026/07/24,金,平日,,晴,32.0,27.0,計,275537,220000,1.2524,1.0563,234856,1.1732,113,58,2438.4,2.26,88,1.2841,104,1.0865,0,177590,0.6445,0.3364,0,94875,0.3443,0.2946,0.9889,0.6310,4021,4111.5,,0.0000,
0001,千房直営,000003,第3エリア,053   ,そごう横浜店,2026/07/25,土,土曜,,晴,34.0,27.0,計,480868,500000,0.9617,1.0435,476362,1.0095,196,88,2453.4,3.92,200,0.9800,194,1.0103,0,70791,0.1472,0.3127,0,127100,0.2643,0.2908,0.4115,0.6035,5322,5421.3,,0.0000,
0001,千房直営,000003,第3エリア,053   ,そごう横浜店,2026/07/26,日,日祝,,雨,32.0,26.0,計,433695,500000,0.8674,1.0224,521624,0.8314,200,87,2168.5,4.00,200,1.0000,224,0.8929,0,6128,0.0141,0.2824,0,134744,0.3107,0.2928,0.3248,0.5753,5495,4735.5,,0.0000,
0001,千房直営,000003,第3エリア,053   ,そごう横浜店,2026/07/27,月,平日,,曇,30.0,26.0,計,221340,210000,1.0540,1.0239,159993,1.3834,95,46,2329.9,1.90,84,1.1310,85,1.1176,0,136746,0.6178,0.2990,0,88463,0.3997,0.2981,1.0175,0.5970,3618,3670.6,,0.0000,
0001,千房直営,000003,第3エリア,053   ,そごう横浜店,2026/07/28,火,平日,,雨,29.0,24.0,計,293219,210000,1.3963,1.0409,251343,1.1666,123,62,2383.9,2.46,84,1.4643,105,1.1714,0,86256,0.2942,0.2987,0,71971,0.2455,0.2949,0.5396,0.5935,2889,6089.7,,0.0000,
0001,千房直営,000003,第3エリア,053   ,そごう横浜店,2026/07/29,水,平日,,曇,33.0,24.0,計,210205,210000,1.0010,1.0392,249763,0.8416,89,43,2361.9,1.78,84,1.0595,115,0.7739,0,40157,0.1910,0.2941,0,77839,0.3703,0.2980,0.5613,0.5922,3135,4023.1,,0.0000,
0001,千房直営,000003,第3エリア,053   ,そごう横浜店,2026/07/30,木,平日,,晴,33.0,28.0,計,211055,210000,1.0050,1.0378,213789,0.9872,90,48,2345.1,1.80,84,1.0714,86,1.0465,0,,0.0000,0.2822,0,85316,0.4042,0.3023,0.4042,0.5846,3312,3823.5,,0.0000,
0001,千房直営,000003,第3エリア,053   ,そごう横浜店,2026/07/31,金,平日,,曇,33.0,27.0,計,253085,210000,1.2052,1.0445,130006,1.9467,104,49,2433.5,2.08,84,1.2381,65,1.6000,0,,0.0000,0.2691,0,107277,0.4239,0.3080,0.4239,0.5771,4176,3636.3,,0.0000,
0001,千房直営,000003,第3エリア,057   ,ルミネ立川支店,2026/07/13,月,平日,,雨,30.0,25.0,計,104138,150000,0.6943,0.6943,113933,0.9140,48,28,2169.5,1.09,76,0.6316,59,0.8136,0,61699,0.5925,0.5925,0,57052,0.5479,0.5479,1.1403,1.1403,2457,2543.1,,0.0000,
0001,千房直営,000003,第3エリア,057   ,ルミネ立川支店,2026/07/14,火,平日,,晴,34.0,24.0,計,110373,150000,0.7358,0.7150,92504,1.1932,54,32,2043.9,1.23,76,0.7105,50,1.0800,0,34085,0.3088,0.4465,0,56536,0.5122,0.5295,0.8210,0.9760,2501,2647.9,,0.0000,
0001,千房直営,000003,第3エリア,057   ,ルミネ立川支店,2026/07/15,水,平日,,晴,34.0,26.0,計,143797,150000,0.9586,0.7962,124844,1.1518,68,43,2114.7,1.55,76,0.8947,66,1.0303,0,87814,0.6107,0.5124,0,66117,0.4598,0.5015,1.0705,1.0139,2929,2945.7,,0.0000,
0001,千房直営,000003,第3エリア,057   ,ルミネ立川支店,2026/07/16,木,平日,,雨,33.0,26.0,計,188403,150000,1.2560,0.9112,121502,1.5506,101,55,1865.4,2.30,76,1.3289,62,1.6290,0,45411,0.2410,0.4189,0,65824,0.3494,0.4491,0.5904,0.8680,2873,3934.6,,0.0000,
0001,千房直営,000003,第3エリア,057   ,ルミネ立川支店,2026/07/17,金,平日,,雨,31.0,26.0,計,174769,150000,1.1651,0.9620,192271,0.9090,104,47,1680.5,2.36,76,1.3684,95,1.0947,0,137840,0.7887,0.5085,0,71296,0.4079,0.4391,1.1966,0.9476,3076,3409.0,,0.0000,
0001,千房直営,000003,第3エリア,057   ,ルミネ立川支店,2026/07/18,土,土曜,,曇,30.0,25.0,計,302026,330000,0.9152,0.9477,282589,1.0688,145,77,2082.9,3.30,165,0.8788,136,1.0662,0,90526,0.2997,0.4469,0,93155,0.3084,0.4006,0.6082,0.8474,4112,4407.0,,0.0000,
0001,千房直営,000003,第3エリア,057   ,ルミネ立川支店,2026/07/19,日,日祝,,晴,32.0,25.0,計,411601,330000,1.2473,1.0178,394623,1.0430,187,94,2201.1,4.25,170,1.1000,218,0.8578,0,6300,0.0153,0.3231,0,102093,0.2480,0.3568,0.2633,0.6799,4455,5543.4,,0.0000,
0001,千房直営,000003,第3エリア,057   ,ルミネ立川支店,2026/07/20,月,日祝,,晴,36.0,25.0,計,253064,330000,0.7669,0.9702,292767,0.8644,140,72,1807.6,3.18,170,0.8235,139,1.0072,0,102092,0.4034,0.3351,0,84733,0.3348,0.3535,0.7383,0.6887,3716,4086.1,,0.0000,
0001,千房直営,000003,第3エリア,057   ,ルミネ立川支店,2026/07/21,火,平日,,晴,34.0,27.0,計,95325,150000,0.6355,0.9436,129136,0.7382,53,33,1798.6,1.20,76,0.6974,71,0.7465,0,35341,0.3707,0.3370,0,64591,0.6776,0.3708,1.0483,0.7079,2913,1963.4,,0.0000,
0001,千房直営,000003,第3エリア,057   ,ルミネ立川支店,2026/07/22,水,平日,,晴,37.0,28.0,計,117328,150000,0.7822,0.9318,108017,1.0862,58,35,2022.9,1.32,76,0.7632,68,0.8529,0,76072,0.6484,0.3563,0,60769,0.5179,0.3799,1.1663,0.7362,2722,2586.2,,0.0000,
0001,千房直営,000003,第3エリア,057   ,ルミネ立川支店,2026/07/23,木,平日,,晴,37.0,28.0,計,151184,150000,1.0079,0.9370,152946,0.9885,81,47,1866.5,1.84,76,1.0658,78,1.0385,0,9881,0.0654,0.3348,0,71773,0.4747,0.3869,0.5401,0.7217,3166,2865.1,,0.0000,
0001,千房直営,000003,第3エリア,057   ,ルミネ立川支店,2026/07/24,金,平日,,曇,33.0,27.0,計,221964,150000,1.4798,0.9718,164982,1.3454,122,53,1819.4,2.77,76,1.6053,73,1.6712,0,80451,0.3625,0.3375,0,68362,0.3080,0.3792,0.6704,0.7167,2954,4508.4,,0.0000,
0001,千房直営,000003,第3エリア,057   ,ルミネ立川支店,2026/07/25,土,土曜,,曇,36.0,26.0,計,349824,330000,1.0601,0.9827,310548,1.1265,186,79,1880.8,4.23,165,1.1273,158,1.1772,0,65988,0.1886,0.3177,0,100958,0.2886,0.3671,0.4772,0.6848,4367,4806.4,,0.0000,
0001,千房直営,000003,第3エリア,057   ,ルミネ立川支店,2026/07/26,日,日祝,,曇,31.0,24.0,計,349784,330000,1.0600,0.9912,240237,1.4560,163,77,2145.9,3.70,170,0.9588,119,1.3697,0,,0.0000,0.2803,0,98210,0.2808,0.3570,0.2808,0.6373,4097,5122.5,,0.0000,
0001,千房直営,000003,第3エリア,057   ,ルミネ立川支店,2026/07/27,月,平日,,曇,30.0,24.0,計,145797,150000,0.9720,0.9903,109167,1.3355,59,33,2471.1,1.34,76,0.7763,69,0.8551,0,122308,0.8389,0.3064,0,73487,0.5040,0.3638,1.3429,0.6703,3079,2841.1,,0.0000,
0001,千房直営,000003,第3エリア,057   ,ルミネ立川支店,2026/07/28,火,平日,,雨,27.0,22.0,計,150636,150000,1.0042,0.9909,101438,1.4850,74,44,2035.6,1.68,76,0.9737,56,1.3214,0,3580,0.0238,0.2934,0,69554,0.4617,0.3684,0.4855,0.6617,2731,3309.5,,0.0000,
0001,千房直営,000003,第3エリア,057   ,ルミネ立川支店,2026/07/29,水,平日,,曇,35.0,23.0,計,179711,150000,1.1981,0.9999,161865,1.1103,87,49,2065.6,1.98,76,1.1447,79,1.1013,0,14040,0.0781,0.2822,0,66002,0.3673,0.3683,0.4454,0.6505,2689,4009.9,,0.0000,
0001,千房直営,000003,第3エリア,057   ,ルミネ立川支店,2026/07/30,木,平日,,晴,35.0,25.0,計,158045,150000,1.0536,1.0022,134763,1.1728,82,44,1927.4,1.86,76,1.0789,84,0.9762,0,55569,0.3516,0.2852,0,76362,0.4832,0.3733,0.8348,0.6585,3012,3148.3,,0.0000,
0001,千房直営,000003,第3エリア,057   ,ルミネ立川支店,2026/07/31,金,平日,,曇,34.0,27.0,計,228898,150000,1.5260,1.0231,116355,1.9672,113,62,2025.6,2.57,76,1.4868,57,1.9825,0,156100,0.6820,0.3089,0,88559,0.3869,0.3741,1.0689,0.6830,3522,3899.5,,0.0000,
0001,千房直営,000002,第2エリア,059   ,あべのキューズモール支店,2026/07/13,月,平日,,晴,33.0,27.0,計,191325,180000,1.0629,1.0629,199598,0.9586,121,52,1581.2,2.42,105,1.1524,89,1.3596,0,98863,0.5167,0.5167,0,62632,0.3274,0.3274,0.8441,0.8441,2771,4142.7,,0.0000,
0001,千房直営,000002,第2エリア,059   ,あべのキューズモール支店,2026/07/14,火,平日,,晴,34.0,28.0,計,145545,190000,0.7660,0.9105,202322,0.7194,90,49,1617.2,1.80,111,0.8108,103,0.8738,0,95974,0.6594,0.5784,0,55130,0.3788,0.3496,1.0382,0.9280,2492,3504.3,,0.0000,
0001,千房直営,000002,第2エリア,059   ,あべのキューズモール支店,2026/07/15,水,平日,,晴,34.0,28.0,計,147810,190000,0.7779,0.8655,187450,0.7885,87,44,1699.0,1.74,111,0.7838,104,0.8365,0,65030,0.4400,0.5362,0,59775,0.4044,0.3663,0.8444,0.9025,2625,3378.5,,0.0000,
0001,千房直営,000002,第2エリア,059   ,あべのキューズモール支店,2026/07/16,木,平日,,晴,34.0,28.0,計,212387,200000,1.0619,0.9172,185079,1.1475,121,57,1755.3,2.42,117,1.0342,88,1.3750,0,55966,0.2635,0.4531,0,52923,0.2492,0.3306,0.5127,0.7837,2255,5651.1,,0.0000,
0001,千房直営,000002,第2エリア,059   ,あべのキューズモール支店,2026/07/17,金,平日,,晴,35.0,27.0,計,151079,200000,0.7554,0.8835,219517,0.6882,85,47,1777.4,1.70,117,0.7265,111,0.7658,0,173038,1.1453,0.5764,0,52947,0.3505,0.3341,1.4958,0.9105,2405,3769.1,,0.0000,
0001,千房直営,000002,第2エリア,059   ,あべのキューズモール支店,2026/07/18,土,土曜,,曇,34.0,29.0,計,383167,420000,0.9123,0.8923,396346,0.9667,225,92,1703.0,4.50,247,0.9109,228,0.9868,0,106377,0.2776,0.4834,0,99827,0.2605,0.3112,0.5382,0.7947,4376,5253.7,,0.0000,
0001,千房直営,000002,第2エリア,059   ,あべのキューズモール支店,2026/07/19,日,日祝,,曇,34.0,28.0,計,584822,400000,1.4621,1.0203,477867,1.2238,306,115,1911.2,6.12,235,1.3021,287,1.0662,0,,0.0000,0.3278,0,105994,0.1812,0.2694,0.1812,0.5971,4566,7684.9,,0.0000,
0001,千房直営,000002,第2エリア,059   ,あべのキューズモール支店,2026/07/20,月,日祝,,晴,35.0,29.0,計,391281,370000,1.0575,1.0267,358963,1.0900,229,105,1708.7,4.58,217,1.0553,208,1.1010,0,46323,0.1184,0.2906,0,101669,0.2598,0.2677,0.3782,0.5583,4444,5282.8,,0.0000,
0001,千房直営,000002,第2エリア,059   ,あべのキューズモール支店,2026/07/21,火,平日,,晴,36.0,28.0,計,163571,180000,0.9087,1.0176,159001,1.0287,93,40,1758.8,1.86,105,0.8857,91,1.0220,0,93732,0.5730,0.3101,0,59439,0.3634,0.2743,0.9364,0.5844,2553,3844.2,,0.0000,
0001,千房直営,000002,第2エリア,059   ,あべのキューズモール支店,2026/07/22,水,平日,,晴,36.0,29.0,計,253590,190000,1.3347,1.0415,124443,2.0378,124,58,2045.1,2.48,111,1.1171,78,1.5897,0,38256,0.1509,0.2947,0,61794,0.2437,0.2713,0.3945,0.5661,2726,5581.6,,0.0000,
0001,千房直営,000002,第2エリア,059   ,あべのキューズモール支店,2026/07/23,木,平日,,晴,37.0,29.0,計,186373,200000,0.9319,1.0334,190218,0.9798,105,48,1775.0,2.10,117,0.8974,104,1.0096,0,54970,0.2949,0.2948,0,59885,0.3213,0.2746,0.6163,0.5694,2670,4188.2,,0.0000,
0001,千房直営,000002,第2エリア,059   ,あべのキューズモール支店,2026/07/24,金,平日,,晴,37.0,29.0,計,223522,200000,1.1176,1.0392,198211,1.1277,129,59,1732.7,2.58,117,1.1026,116,1.1121,0,139865,0.6257,0.3191,0,65788,0.2943,0.2761,0.9201,0.5952,2894,4634.2,,0.0000,
0001,千房直営,000002,第2エリア,059   ,あべのキューズモール支店,2026/07/25,土,土曜,,晴,36.0,28.0,計,312894,420000,0.7450,1.0022,375565,0.8331,169,71,1851.4,3.38,247,0.6842,221,0.7647,0,81815,0.2615,0.3137,0,96550,0.3086,0.2791,0.5700,0.5929,4134,4541.3,,0.0000,
0001,千房直営,000002,第2エリア,059   ,あべのキューズモール支店,2026/07/26,日,日祝,,晴,36.0,28.0,計,371155,370000,1.0031,1.0023,454350,0.8169,212,84,1750.7,4.24,217,0.9770,266,0.7970,0,,0.0000,0.2824,0,97480,0.2626,0.2775,0.2626,0.5599,4088,5447.5,,0.0000,
0001,千房直営,000002,第2エリア,059   ,あべのキューズモール支店,2026/07/27,月,平日,,晴,35.0,28.0,計,169903,180000,0.9439,0.9996,231906,0.7326,109,51,1558.7,2.18,105,1.0381,133,0.8195,0,71575,0.4213,0.2885,0,56247,0.3311,0.2798,0.7523,0.5683,2369,4303.2,,0.0000,
0001,千房直営,000002,第2エリア,059   ,あべのキューズモール支店,2026/07/28,火,平日,,晴,36.0,28.0,計,180871,190000,0.9520,0.9974,205461,0.8803,109,49,1659.4,2.18,111,0.9820,124,0.8790,0,86658,0.4791,0.2970,0,62840,0.3474,0.2828,0.8265,0.5798,2556,4245.8,,0.0000,
0001,千房直営,000002,第2エリア,059   ,あべのキューズモール支店,2026/07/29,水,平日,,曇,32.0,27.0,計,201229,190000,1.0591,1.0001,219431,0.9170,139,52,1447.7,2.78,111,1.2523,112,1.2411,0,3560,0.0177,0.2838,0,64879,0.3224,0.2847,0.3401,0.5685,2692,4485.0,,0.0000,
0001,千房直営,000002,第2エリア,059   ,あべのキューズモール支店,2026/07/30,木,平日,,晴,35.0,28.0,計,199750,200000,0.9988,1.0001,226669,0.8812,121,56,1650.8,2.42,117,1.0342,112,1.0804,0,38890,0.1947,0.2798,0,57956,0.2901,0.2849,0.4848,0.5648,2342,5117.4,,0.0000,
0001,千房直営,000002,第2エリア,059   ,あべのキューズモール支店,2026/07/31,金,平日,,晴,35.0,28.0,計,289965,200000,1.4498,1.0193,198628,1.4598,138,65,2101.2,2.76,117,1.1795,109,1.2661,0,,0.0000,0.2628,0,90100,0.3107,0.2865,0.3107,0.5493,3409,5103.5,,0.0000,
0001,千房直営,000003,第3エリア,064   ,リンクス池袋支店,2026/07/13,月,平日,,雨,29.0,25.0,計,241269,240000,1.0053,1.0053,,,110,58,2193.4,3.14,144,0.7639,,,50333,42313,0.1754,0.1754,0,63751,0.2642,0.2642,0.4396,0.4396,2737,5289.1,,0.0000,
0001,千房直営,000003,第3エリア,064   ,リンクス池袋支店,2026/07/14,火,平日,,晴,33.0,25.0,計,259316,250000,1.0373,1.0216,0,,123,60,2108.3,3.51,150,0.8200,0,,50333,113752,0.4387,0.3118,0,69103,0.2665,0.2654,0.7051,0.5772,3067,5073.0,,0.0000,
0001,千房直営,000003,第3エリア,064   ,リンクス池袋支店,2026/07/15,水,平日,,晴,33.0,27.0,計,213810,250000,0.8552,0.9654,,,93,47,2299.0,2.66,150,0.6200,,,50333,69953,0.3272,0.3164,0,64796,0.3031,0.2767,0.6302,0.5930,2878,4457.5,,0.0000,
0001,千房直営,000003,第3エリア,064   ,リンクス池袋支店,2026/07/16,木,平日,,曇,33.0,27.0,計,188116,250000,0.7525,0.9116,104223,1.8049,80,49,2351.5,2.29,150,0.5333,59,1.3559,50333,68151,0.3623,0.3259,0,57013,0.3031,0.2822,0.6654,0.6081,2439,4627.7,,0.0000,
0001,千房直営,000003,第3エリア,064   ,リンクス池袋支店,2026/07/17,金,平日,,曇,30.0,27.0,計,276858,300000,0.9229,0.9142,190878,1.4504,127,64,2180.0,3.63,180,0.7056,96,1.3229,50333,217289,0.7848,0.4337,0,64656,0.2335,0.2708,1.0184,0.7044,2816,5899.0,,0.0000,
0001,千房直営,000003,第3エリア,064   ,リンクス池袋支店,2026/07/18,土,土曜,,曇,29.0,25.0,計,451141,450000,1.0025,0.9371,275953,1.6348,223,92,2023.1,6.37,300,0.7433,147,1.5170,80100,87361,0.1936,0.3673,0,99841,0.2213,0.2571,0.4150,0.6243,4354,6216.9,,0.0000,
0001,千房直営,000003,第3エリア,064   ,リンクス池袋支店,2026/07/19,日,日祝,,晴,33.0,26.0,計,503743,450000,1.1194,0.9745,253209,1.9894,239,101,2107.7,6.83,305,0.7836,161,1.4845,76400,35565,0.0706,0.2972,0,99470,0.1975,0.2430,0.2681,0.5402,4343,6959.4,,0.0000,
0001,千房直営,000003,第3エリア,064   ,リンクス池袋支店,2026/07/20,月,日祝,,晴,35.0,26.0,計,418309,400000,1.0458,0.9855,187206,2.2345,222,104,1884.3,6.34,271,0.8192,98,2.2653,76400,20620,0.0493,0.2566,0,97093,0.2321,0.2412,0.2814,0.4978,4247,5909.7,,0.0000,
0001,千房直営,000003,第3エリア,064   ,リンクス池袋支店,2026/07/21,火,平日,,晴,35.0,27.0,計,202124,230000,0.8788,0.9768,128674,1.5708,96,52,2105.5,2.74,138,0.6957,60,1.6000,50333,80008,0.3958,0.2668,0,68472,0.3388,0.2484,0.7346,0.5152,2909,4168.9,,0.0000,
0001,千房直営,000003,第3エリア,064   ,リンクス池袋支店,2026/07/22,水,平日,,晴,36.0,28.0,計,190787,250000,0.7631,0.9594,107351,1.7772,101,49,1889.0,2.89,150,0.6733,56,1.8036,50333,130312,0.6830,0.2938,0,63463,0.3326,0.2538,1.0157,0.5476,2704,4233.4,,0.0000,
0001,千房直営,000003,第3エリア,064   ,リンクス池袋支店,2026/07/23,木,平日,,晴,36.0,29.0,計,228441,250000,0.9138,0.9560,100691,2.2687,111,52,2058.0,3.17,150,0.7400,51,2.1765,50333,34682,0.1518,0.2836,0,62222,0.2724,0.2552,0.4242,0.5387,2589,5294.1,,0.0000,
0001,千房直営,000003,第3エリア,064   ,リンクス池袋支店,2026/07/24,金,平日,,曇,33.0,27.0,計,273566,300000,0.9119,0.9523,157372,1.7383,120,61,2279.7,3.43,180,0.6667,82,1.4634,50333,211121,0.7717,0.3223,0,73068,0.2671,0.2561,1.0388,0.5784,3119,5262.6,,0.0000,
0001,千房直営,000003,第3エリア,064   ,リンクス池袋支店,2026/07/25,土,土曜,,曇,35.0,25.0,計,454489,450000,1.0100,0.9587,241666,1.8806,208,95,2185.0,5.94,300,0.6933,117,1.7778,80100,64853,0.1427,0.3014,0,110318,0.2427,0.2546,0.3854,0.5559,4657,5855.6,,0.0000,
0001,千房直営,000003,第3エリア,064   ,リンクス池袋支店,2026/07/26,日,日祝,,雨,32.0,24.0,計,406146,400000,1.0154,0.9638,235915,1.7216,200,86,2030.7,5.71,271,0.7380,126,1.5873,76400,8865,0.0218,0.2750,0,101986,0.2511,0.2542,0.2729,0.5293,3921,6214.9,,0.0000,
0001,千房直営,000003,第3エリア,064   ,リンクス池袋支店,2026/07/27,月,平日,,曇,29.0,24.0,計,144535,240000,0.6022,0.9454,88639,1.6306,82,41,1762.6,2.34,144,0.5694,48,1.7083,50333,88293,0.6109,0.2859,0,71185,0.4925,0.2620,1.1034,0.5479,2924,2965.8,,0.0000,
0001,千房直営,000003,第3エリア,064   ,リンクス池袋支店,2026/07/28,火,平日,,雨,28.0,22.0,計,189257,250000,0.7570,0.9359,132456,1.4288,91,43,2079.7,2.60,150,0.6067,64,1.4219,50333,41355,0.2185,0.2832,0,68483,0.3619,0.2660,0.5804,0.5492,2672,4249.8,,0.0000,
0001,千房直営,000003,第3エリア,064   ,リンクス池袋支店,2026/07/29,水,平日,,晴,34.0,24.0,計,231938,250000,0.9278,0.9355,183056,1.2670,118,54,1965.6,3.37,150,0.7867,84,1.4048,50333,43898,0.1893,0.2787,0,80677,0.3478,0.2699,0.5371,0.5486,3113,4470.4,,0.0000,
0001,千房直営,000003,第3エリア,064   ,リンクス池袋支店,2026/07/30,木,平日,,晴,34.0,26.0,計,239244,250000,0.9570,0.9365,165651,1.4443,117,59,2044.8,3.34,150,0.7800,76,1.5395,50333,46453,0.1942,0.2748,0,75867,0.3171,0.2721,0.5113,0.5469,3045,4714.2,,0.0000,
0001,千房直営,000003,第3エリア,064   ,リンクス池袋支店,2026/07/31,金,平日,,曇,34.0,26.0,計,291618,300000,0.9721,0.9383,,,135,71,2160.1,3.86,180,0.7500,,,50333,145316,0.4983,0.2868,0,71406,0.2449,0.2707,0.7432,0.5575,2834,6174.0,,0.0000,
0001,千房直営,000002,第2エリア,065   ,名代JO-TERRACE OSAKA店,2026/07/13,月,平日,,晴,33.0,28.0,計,,0,,,,,,,,0,0,,,,0,1240,,,0,0,,,,,0,,,,店休日
0001,千房直営,000002,第2エリア,065   ,名代JO-TERRACE OSAKA店,2026/07/14,火,平日,,晴,35.0,28.0,計,53370,90000,0.5930,0.5930,75644,0.7055,30,13,1779.0,0.52,47,0.6383,51,0.5882,0,14335,0.2686,0.2918,0,33941,0.6360,0.6360,0.9046,0.9278,1448,2211.5,,0.0000,イベントなし
0001,千房直営,000002,第2エリア,065   ,名代JO-TERRACE OSAKA店,2026/07/15,水,平日,,晴,34.0,28.0,計,197050,180000,1.0947,0.9275,202557,0.9728,113,54,1743.8,1.95,94,1.2021,100,1.1300,0,30515,0.1549,0.1841,0,51737,0.2626,0.3421,0.4174,0.5262,2203,5366.8,,0.0000,乃木坂46
0001,千房直営,000002,第2エリア,065   ,名代JO-TERRACE OSAKA店,2026/07/16,木,平日,,晴,34.0,29.0,計,174625,180000,0.9701,0.9445,194396,0.8983,93,52,1877.7,1.60,94,0.9894,99,0.9394,0,73849,0.4229,0.2822,0,50947,0.2918,0.3214,0.7147,0.6036,2168,4832.8,,0.0000,乃木坂46
0001,千房直営,000002,第2エリア,065   ,名代JO-TERRACE OSAKA店,2026/07/17,金,平日,,晴,35.0,27.0,計,114908,90000,1.2768,0.9999,109683,1.0476,66,29,1741.0,1.14,47,1.4043,58,1.1379,0,101687,0.8849,0.4105,0,38718,0.3369,0.3247,1.2219,0.7352,1655,4165.8,,0.0000,イベントなし
0001,千房直営,000002,第2エリア,065   ,名代JO-TERRACE OSAKA店,2026/07/18,土,土曜,,曇,34.0,29.0,計,363589,400000,0.9090,0.9612,289242,1.2570,202,91,1799.9,3.48,209,0.9665,169,1.1953,0,54481,0.1498,0.3056,0,78171,0.2150,0.2806,0.3648,0.5862,3402,6412.5,,0.0000,髭男
0001,千房直営,000002,第2エリア,065   ,名代JO-TERRACE OSAKA店,2026/07/19,日,日祝,,曇,34.0,28.0,計,403913,400000,1.0098,0.9757,318577,1.2679,208,77,1941.9,3.59,209,0.9952,172,1.2093,0,,0.0000,0.2112,0,83573,0.2069,0.2578,0.2069,0.4690,3654,6632.4,,0.0000,髭男
0001,千房直営,000002,第2エリア,065   ,名代JO-TERRACE OSAKA店,2026/07/20,月,日祝,,晴,35.0,29.0,計,263737,340000,0.7757,0.9352,215542,1.2236,150,60,1758.2,2.59,178,0.8427,120,1.2500,0,5266,0.0200,0.1791,0,72314,0.2742,0.2606,0.2942,0.4397,3152,5020.4,,0.0000,イベントなし
0001,千房直営,000002,第2エリア,065   ,名代JO-TERRACE OSAKA店,2026/07/21,火,平日,,晴,37.0,29.0,計,269189,180000,1.4955,0.9895,226903,1.1864,144,60,1869.4,2.48,94,1.5319,135,1.0667,0,20639,0.0767,0.1641,0,45045,0.1673,0.2469,0.2440,0.4110,1989,8120.3,,0.0000,Number_iファンミーティング
0001,千房直営,000002,第2エリア,065   ,名代JO-TERRACE OSAKA店,2026/07/22,水,平日,,晴,36.0,29.0,計,363812,180000,2.0212,1.0805,290070,1.2542,200,104,1819.1,3.45,94,2.1277,158,1.2658,0,131434,0.3613,0.1966,0,62862,0.1728,0.2347,0.5341,0.4313,2685,8129.9,,0.0000,Number_iファンミーティング
0001,千房直営,000002,第2エリア,065   ,名代JO-TERRACE OSAKA店,2026/07/23,木,平日,,晴,37.0,30.0,計,,0,,1.0805,,,,,,0,0,,,,0,,,0.1966,0,0,,0.2347,,0.4313,0,,,,店休日
0001,千房直営,000002,第2エリア,065   ,名代JO-TERRACE OSAKA店,2026/07/24,金,平日,,晴,37.0,29.0,計,91984,90000,1.0220,1.0780,140174,0.6562,55,23,1672.4,0.95,47,1.1702,74,0.7432,0,125746,1.3670,0.2435,0,42730,0.4645,0.2439,1.8316,0.4874,1805,3057.6,,0.0000,イベントなし
0001,千房直営,000002,第2エリア,065   ,名代JO-TERRACE OSAKA店,2026/07/25,土,土曜,,晴,36.0,29.0,計,245677,360000,0.6824,1.0208,242307,1.0139,142,56,1730.1,2.45,188,0.7553,125,1.1360,0,58359,0.2375,0.2430,0,79679,0.3243,0.2517,0.5619,0.4946,3434,4292.6,,0.0000,LE SSERAFIM
0001,千房直営,000002,第2エリア,065   ,名代JO-TERRACE OSAKA店,2026/07/26,日,日祝,,晴,35.0,29.0,計,347695,360000,0.9658,1.0139,244502,1.4221,188,79,1849.4,3.24,188,1.0000,143,1.3147,0,,0.0000,0.2137,0,77872,0.2240,0.2483,0.2240,0.4621,3379,6173.9,,0.0000,LE SSERAFIM
0001,千房直営,000002,第2エリア,065   ,名代JO-TERRACE OSAKA店,2026/07/27,月,平日,,晴,35.0,29.0,計,,0,,1.0139,,,,,,0,0,,,,0,,,0.2137,0,0,,0.2483,,0.4621,0,,,,店休日
0001,千房直営,000002,第2エリア,065   ,名代JO-TERRACE OSAKA店,2026/07/28,火,平日,,晴,36.0,29.0,計,145034,180000,0.8057,1.0015,158886,0.9128,87,40,1667.1,1.50,94,0.9255,96,0.9063,0,46690,0.3219,0.2189,0,52100,0.3592,0.2536,0.6812,0.4725,2221,3918.1,,0.0000,なにわ男子
0001,千房直営,000002,第2エリア,065   ,名代JO-TERRACE OSAKA店,2026/07/29,水,平日,,曇,32.0,28.0,計,288650,180000,1.6036,1.0353,254939,1.1322,158,69,1826.9,2.72,94,1.6809,151,1.0464,0,21560,0.0747,0.2064,0,55216,0.1913,0.2482,0.2660,0.4546,2337,7410.8,,0.0000,なにわ男子
0001,千房直営,000002,第2エリア,065   ,名代JO-TERRACE OSAKA店,2026/07/30,木,平日,,晴,35.0,29.0,計,174965,100000,1.7497,1.0569,90538,1.9325,89,37,1965.9,1.53,52,1.7115,58,1.5345,0,6881,0.0393,0.1980,0,37193,0.2126,0.2464,0.2519,0.4445,1462,7180.5,,0.0000,イベントなし
0001,千房直営,000002,第2エリア,065   ,名代JO-TERRACE OSAKA店,2026/07/31,金,平日,,晴,36.0,28.0,計,150035,160000,0.9377,1.0514,183992,0.8154,83,39,1807.7,1.43,83,1.0000,92,0.9022,0,,0.0000,0.1899,0,68657,0.4576,0.2551,0.4576,0.4450,2515,3579.4,,0.0000,timelesz
0001,千房直営,000003,第3エリア,066   ,セレオ八王子支店,2026/07/13,月,平日,,雨,30.0,24.0,計,77777,110000,0.7071,0.7071,115210,0.6751,46,31,1690.8,1.21,59,0.7797,60,0.7667,0,61258,0.7876,0.7876,0,46253,0.5947,0.5947,1.3823,1.3823,2085,2238.2,,0.0000,
0001,千房直営,000003,第3エリア,066   ,セレオ八王子支店,2026/07/14,火,平日,,晴,34.0,24.0,計,90518,110000,0.8229,0.7650,97637,0.9271,46,30,1967.8,1.21,59,0.7797,48,0.9583,0,53951,0.5960,0.6846,0,49604,0.5480,0.5696,1.1440,1.2541,2230,2435.5,,0.0000,
0001,千房直営,000003,第3エリア,066   ,セレオ八王子支店,2026/07/15,水,平日,,晴,34.0,26.0,計,101487,110000,0.9226,0.8175,129423,0.7842,45,25,2255.3,1.18,59,0.7627,67,0.6716,0,20515,0.2021,0.5031,0,48832,0.4812,0.5363,0.6833,1.0394,2162,2816.5,,0.0000,
0001,千房直営,000003,第3エリア,066   ,セレオ八王子支店,2026/07/16,木,平日,,雨,33.0,26.0,計,86953,110000,0.7905,0.8108,91992,0.9452,48,33,1811.5,1.26,59,0.8136,55,0.8727,0,35441,0.4076,0.4798,0,47100,0.5417,0.5376,0.9493,1.0174,2027,2573.8,,0.0000,
0001,千房直営,000003,第3エリア,066   ,セレオ八王子支店,2026/07/17,金,平日,,雨,30.0,26.0,計,140493,110000,1.2772,0.9041,96080,1.4623,75,46,1873.2,1.97,59,1.2712,53,1.4151,0,108145,0.7698,0.5617,0,50181,0.3572,0.4866,1.1269,1.0484,2208,3817.7,,0.0000,
0001,千房直営,000003,第3エリア,066   ,セレオ八王子支店,2026/07/18,土,土曜,,曇,32.0,25.0,計,252506,230000,1.0979,0.9612,234777,1.0755,125,65,2020.0,3.29,117,1.0684,112,1.1161,0,17486,0.0693,0.3959,0,70185,0.2780,0.4164,0.3472,0.8122,3111,4869.9,,0.0000,
0001,千房直営,000003,第3エリア,066   ,セレオ八王子支店,2026/07/19,日,日祝,,晴,32.0,25.0,計,252895,230000,1.0995,0.9927,232707,1.0868,124,58,2039.5,3.26,118,1.0508,142,0.8732,0,2720,0.0108,0.2987,0,68048,0.2691,0.3792,0.2798,0.6779,2969,5110.7,,0.0000,
0001,千房直営,000003,第3エリア,066   ,セレオ八王子支店,2026/07/20,月,日祝,,晴,36.0,25.0,計,243684,250000,0.9747,0.9891,184922,1.3178,138,69,1765.8,3.63,129,1.0698,96,1.4375,0,23596,0.0968,0.2593,0,63170,0.2592,0.3557,0.3561,0.6150,2747,5322.5,,0.0000,
0001,千房直営,000003,第3エリア,066   ,セレオ八王子支店,2026/07/21,火,平日,,晴,35.0,27.0,計,76300,110000,0.6936,0.9654,92605,0.8239,45,29,1695.6,1.18,59,0.7627,54,0.8333,0,84085,1.1020,0.3079,0,40215,0.5271,0.3656,1.6291,0.6735,1832,2498.9,,0.0000,
0001,千房直営,000003,第3エリア,066   ,セレオ八王子支店,2026/07/22,水,平日,,晴,37.0,27.0,計,88706,110000,0.8064,0.9536,92794,0.9559,40,22,2217.7,1.05,59,0.6780,54,0.7407,0,54301,0.6121,0.3270,0,58794,0.6628,0.3843,1.2749,0.7113,2666,1996.4,,0.0000,
0001,千房直営,000003,第3エリア,066   ,セレオ八王子支店,2026/07/23,木,平日,,曇,37.0,28.0,計,95558,110000,0.8687,0.9477,125048,0.7642,53,35,1803.0,1.39,59,0.8983,76,0.6974,0,12097,0.1266,0.3143,0,53571,0.5606,0.3955,0.6872,0.7098,2443,2346.9,,0.0000,
0001,千房直営,000003,第3エリア,066   ,セレオ八王子支店,2026/07/24,金,平日,,曇,32.0,26.0,計,146005,110000,1.3273,0.9723,128281,1.1382,81,49,1802.5,2.13,59,1.3729,64,1.2656,0,70702,0.4842,0.3293,0,54932,0.3762,0.3938,0.8605,0.7231,2516,3481.8,,0.0000,
0001,千房直営,000003,第3エリア,066   ,セレオ八王子支店,2026/07/25,土,土曜,,曇,35.0,26.0,計,261155,230000,1.1355,0.9917,138809,1.8814,127,59,2056.3,3.34,117,1.0855,80,1.5875,0,35436,0.1357,0.3029,0,73759,0.2824,0.3786,0.4181,0.6815,3247,4825.8,,0.0000,
0001,千房直営,000003,第3エリア,066   ,セレオ八王子支店,2026/07/26,日,日祝,,晴,31.0,23.0,計,281934,230000,1.2258,1.0167,191185,1.4747,134,65,2104.0,3.53,118,1.1356,90,1.4889,0,,0.0000,0.2640,0,61376,0.2177,0.3579,0.2177,0.6219,2718,6223.7,,0.0000,
0001,千房直営,000003,第3エリア,066   ,セレオ八王子支店,2026/07/27,月,平日,,雨,30.0,22.0,計,115582,110000,1.0507,1.0183,118230,0.9776,63,37,1834.6,1.66,59,1.0678,61,1.0328,0,82464,0.7135,0.2865,0,55516,0.4803,0.3641,1.1938,0.6505,2183,3176.8,,0.0000,
0001,千房直営,000003,第3エリア,066   ,セレオ八王子支店,2026/07/28,火,平日,,雨,27.0,22.0,計,101734,110000,0.9249,1.0140,137548,0.7396,58,38,1754.0,1.53,59,0.9831,71,0.8169,0,72796,0.7156,0.3046,0,56161,0.5520,0.3720,1.2676,0.6765,2428,2514.0,,0.0000,
0001,千房直営,000003,第3エリア,066   ,セレオ八王子支店,2026/07/29,水,平日,,晴,35.0,22.0,計,150568,110000,1.3688,1.0297,110411,1.3637,82,47,1836.2,2.16,59,1.3898,61,1.3443,0,31697,0.2105,0.2990,0,59691,0.3964,0.3734,0.6070,0.6725,2308,3914.2,,0.0000,
0001,千房直営,000003,第3エリア,066   ,セレオ八王子支店,2026/07/30,木,平日,,雨,35.0,24.0,計,151894,110000,1.3809,1.0445,94579,1.6060,80,47,1898.7,2.11,59,1.3559,56,1.4286,0,65296,0.4299,0.3064,0,58947,0.3881,0.3742,0.8180,0.6806,2550,3574.0,,0.0000,
0001,千房直営,000003,第3エリア,066   ,セレオ八王子支店,2026/07/31,金,平日,,雨,34.0,26.0,計,151293,110000,1.3754,1.0579,81266,1.8617,86,48,1759.2,2.26,59,1.4576,42,2.0476,0,58310,0.3854,0.3105,0,61354,0.4055,0.3759,0.7909,0.6864,2708,3352.1,,0.0000,
0001,千房直営,000002,第2エリア,067   ,ららぽーと名古屋みなとアクルス店,2026/07/13,月,平日,,晴,34.0,27.0,計,141991,160000,0.8874,0.8874,139294,1.0194,80,38,1774.9,1.43,95,0.8421,86,0.9302,0,78295,0.5514,0.5514,0,51766,0.3646,0.3646,0.9160,0.9160,2285,3728.4,,0.0000,
0001,千房直営,000002,第2エリア,067   ,ららぽーと名古屋みなとアクルス店,2026/07/14,火,平日,,曇,35.0,26.0,計,158038,160000,0.9877,0.9376,127010,1.2443,85,42,1859.3,1.52,95,0.8947,76,1.1184,0,80613,0.5101,0.5296,0,59595,0.3771,0.3712,0.8872,0.9008,2545,3725.8,,0.0000,
0001,千房直営,000002,第2エリア,067   ,ららぽーと名古屋みなとアクルス店,2026/07/15,水,平日,,晴,34.0,26.0,計,114424,160000,0.7152,0.8634,207136,0.5524,62,35,1845.5,1.11,95,0.6526,124,0.5000,0,52230,0.4565,0.5094,0,46938,0.4102,0.3819,0.8667,0.8914,2202,3117.8,,0.0000,
0001,千房直営,000002,第2エリア,067   ,ららぽーと名古屋みなとアクルス店,2026/07/16,木,平日,,曇,35.0,28.0,計,175489,160000,1.0968,0.9218,170375,1.0300,106,53,1655.6,1.89,95,1.1158,103,1.0291,0,102725,0.5854,0.5320,0,54571,0.3110,0.3608,0.8963,0.8929,2518,4181.6,,0.0000,
0001,千房直営,000002,第2エリア,067   ,ららぽーと名古屋みなとアクルス店,2026/07/17,金,平日,,晴,36.0,25.0,計,203137,160000,1.2696,0.9913,138109,1.4708,111,63,1830.1,1.98,95,1.1684,87,1.2759,0,127879,0.6295,0.5570,0,62505,0.3077,0.3472,0.9372,0.9042,2666,4571.7,,0.0000,
0001,千房直営,000002,第2エリア,067   ,ららぽーと名古屋みなとアクルス店,2026/07/18,土,土曜,,雨,34.0,28.0,計,396378,430000,0.9218,0.9670,294904,1.3441,220,93,1801.7,3.93,255,0.8627,171,1.2866,0,54109,0.1365,0.4169,0,99179,0.2502,0.3149,0.3867,0.7318,4156,5722.5,,0.0000,
0001,千房直営,000002,第2エリア,067   ,ららぽーと名古屋みなとアクルス店,2026/07/19,日,日祝,,曇,34.0,27.0,計,516771,450000,1.1484,1.0156,449066,1.1508,276,111,1872.4,4.93,267,1.0337,293,0.9420,0,19660,0.0380,0.3021,0,105602,0.2044,0.2814,0.2424,0.5835,4301,7209.1,,0.0000,
0001,千房直営,000002,第2エリア,067   ,ららぽーと名古屋みなとアクルス店,2026/07/20,月,日祝,,晴,37.0,28.0,計,394567,450000,0.8768,0.9863,398394,0.9904,268,109,1472.3,4.79,267,1.0037,235,1.1404,0,66298,0.1680,0.2769,0,101358,0.2569,0.2768,0.4249,0.5538,4145,5711.5,,0.0000,
0001,千房直営,000002,第2エリア,067   ,ららぽーと名古屋みなとアクルス店,2026/07/21,火,平日,,曇,37.0,28.0,計,136427,160000,0.8527,0.9770,114022,1.1965,80,41,1705.3,1.43,95,0.8421,67,1.1940,0,94525,0.6929,0.3023,0,54521,0.3996,0.2843,1.0925,0.5866,2344,3492.2,,0.0000,
0001,千房直営,000002,第2エリア,067   ,ららぽーと名古屋みなとアクルス店,2026/07/22,水,平日,,曇,37.0,28.0,計,163502,160000,1.0219,0.9799,112907,1.4481,114,47,1434.2,2.04,95,1.2000,72,1.5833,0,69262,0.4236,0.3106,0,59565,0.3643,0.2897,0.7879,0.6003,2761,3553.1,,0.0000,
0001,千房直営,000002,第2エリア,067   ,ららぽーと名古屋みなとアクルス店,2026/07/23,木,平日,,晴,38.0,28.0,計,109369,160000,0.6836,0.9617,155183,0.7048,73,41,1498.2,1.30,95,0.7684,101,0.7228,0,75517,0.6905,0.3271,0,51773,0.4734,0.2977,1.1639,0.6249,2404,2729.7,,0.0000,
0001,千房直営,000002,第2エリア,067   ,ららぽーと名古屋みなとアクルス店,2026/07/24,金,平日,,曇,37.0,27.0,計,230143,160000,1.4384,0.9893,151995,1.5141,140,58,1643.9,2.50,95,1.4737,86,1.6279,0,80726,0.3508,0.3291,0,67605,0.2938,0.2974,0.6445,0.6265,2907,4750.1,,0.0000,
0001,千房直営,000002,第2エリア,067   ,ららぽーと名古屋みなとアクルス店,2026/07/25,土,土曜,,晴,37.0,27.0,計,431508,440000,0.9807,0.9881,326214,1.3228,255,100,1692.2,4.55,261,0.9770,189,1.3492,0,42065,0.0975,0.2976,0,105981,0.2456,0.2904,0.3431,0.5880,4290,6035.1,,0.0000,
0001,千房直営,000002,第2エリア,067   ,ららぽーと名古屋みなとアクルス店,2026/07/26,日,日祝,,曇,37.0,27.0,計,344353,450000,0.7652,0.9607,359864,0.9569,201,80,1713.2,3.59,267,0.7528,223,0.9013,0,30260,0.0879,0.2771,0,98585,0.2863,0.2900,0.3742,0.5670,3585,5763.2,,0.0000,
0001,千房直営,000002,第2エリア,067   ,ららぽーと名古屋みなとアクルス店,2026/07/27,月,平日,,曇,34.0,27.0,計,191265,160000,1.1954,0.9705,145504,1.3145,115,54,1663.2,2.05,95,1.2105,90,1.2778,0,67770,0.3543,0.2810,0,62443,0.3265,0.2918,0.6808,0.5729,2531,4534.1,,0.0000,
0001,千房直営,000002,第2エリア,067   ,ららぽーと名古屋みなとアクルス店,2026/07/28,火,平日,,雨,36.0,25.0,計,172312,160000,1.0770,0.9748,153226,1.1246,91,45,1893.5,1.63,95,0.9579,96,0.9479,0,57679,0.3347,0.2834,0,59768,0.3469,0.2943,0.6816,0.5777,2283,4528.6,,0.0000,
0001,千房直営,000002,第2エリア,067   ,ららぽーと名古屋みなとアクルス店,2026/07/29,水,平日,,曇,33.0,25.0,計,112974,160000,0.7061,0.9644,132136,0.8550,69,38,1637.3,1.23,95,0.7263,80,0.8625,0,45720,0.4047,0.2869,0,68865,0.6096,0.3032,1.0143,0.5901,2574,2633.4,,0.0000,
0001,千房直営,000002,第2エリア,067   ,ららぽーと名古屋みなとアクルス店,2026/07/30,木,平日,,晴,37.0,27.0,計,206281,160000,1.2893,0.9765,161504,1.2773,132,66,1562.7,2.36,95,1.3895,97,1.3608,0,89106,0.4320,0.2940,0,75053,0.3638,0.3062,0.7958,0.6002,2855,4335.2,,0.0000,
0001,千房直営,000002,第2エリア,067   ,ららぽーと名古屋みなとアクルス店,2026/07/31,金,平日,,晴,36.0,27.0,計,182167,160000,1.1385,0.9823,96263,1.8924,121,58,1505.5,2.16,95,1.2737,60,2.0167,0,55219,0.3031,0.2944,0,74603,0.4095,0.3105,0.7127,0.6049,2886,3787.3,,0.0000,
0001,千房直営,000003,第3エリア,068   ,舞 イクスピアリ店,2026/07/13,月,平日,,雨,28.0,25.0,計,220314,290000,0.7597,0.7597,178080,1.2372,101,40,2181.3,1.94,145,0.6966,90,1.1222,0,75215,0.3414,0.3414,0,80542,0.3656,0.3656,0.7070,0.7070,3192,4141.2,,0.0000,
0001,千房直営,000003,第3エリア,068   ,舞 イクスピアリ店,2026/07/14,火,平日,,晴,32.0,25.0,計,283149,290000,0.9764,0.8680,315741,0.8968,122,48,2320.9,2.35,145,0.8414,131,0.9313,0,98614,0.3483,0.3453,0,88180,0.3114,0.3351,0.6597,0.6804,3517,4830.5,,0.0000,
0001,千房直営,000003,第3エリア,068   ,舞 イクスピアリ店,2026/07/15,水,平日,,晴,32.0,26.0,計,321745,290000,1.1095,0.9485,238515,1.3490,143,58,2250.0,2.75,145,0.9862,109,1.3119,0,64461,0.2003,0.2888,0,91653,0.2849,0.3155,0.4852,0.6043,3829,5041.7,,0.0000,
0001,千房直営,000003,第3エリア,068   ,舞 イクスピアリ店,2026/07/16,木,平日,,晴,33.0,27.0,計,246925,290000,0.8515,0.9243,260986,0.9461,109,48,2265.4,2.10,145,0.7517,120,0.9083,0,60051,0.2432,0.2783,0,83373,0.3376,0.3206,0.5808,0.5989,3352,4419.9,,0.0000,
0001,千房直営,000003,第3エリア,068   ,舞 イクスピアリ店,2026/07/17,金,平日,,雨,30.0,27.0,計,383276,300000,1.2776,0.9969,271603,1.4112,173,66,2215.5,3.33,150,1.1533,127,1.3622,0,207373,0.5411,0.3475,0,108602,0.2834,0.3108,0.8244,0.6583,4471,5143.5,,0.0000,
0001,千房直営,000003,第3エリア,068   ,舞 イクスピアリ店,2026/07/18,土,土曜,,曇,28.0,26.0,計,413589,520000,0.7954,0.9439,493592,0.8379,205,72,2017.5,3.94,260,0.7885,254,0.8071,0,95658,0.2313,0.3218,0,122009,0.2950,0.3073,0.5263,0.6291,5034,4929.5,,0.0000,
0001,千房直営,000003,第3エリア,068   ,舞 イクスピアリ店,2026/07/19,日,日祝,,晴,31.0,26.0,計,534112,510000,1.0473,0.9651,507484,1.0525,251,95,2127.9,4.83,255,0.9843,289,0.8685,0,12180,0.0228,0.2553,0,122114,0.2286,0.2898,0.2514,0.5451,5094,6291.1,,0.0000,
0001,千房直営,000003,第3エリア,068   ,舞 イクスピアリ店,2026/07/20,月,日祝,,晴,33.0,26.0,計,385538,500000,0.7711,0.9327,461532,0.8353,184,71,2095.3,3.54,250,0.7360,242,0.7603,0,934,0.0024,0.2204,0,105789,0.2744,0.2877,0.2768,0.5080,4421,5232.4,,0.0000,
0001,千房直営,000003,第3エリア,068   ,舞 イクスピアリ店,2026/07/21,火,平日,,晴,33.0,27.0,計,215892,290000,0.7445,0.9160,252896,0.8537,115,43,1877.3,2.21,145,0.7931,130,0.8846,0,102870,0.4765,0.2388,0,87119,0.4035,0.2960,0.8800,0.5348,3584,3614.3,,0.0000,
0001,千房直営,000003,第3エリア,068   ,舞 イクスピアリ店,2026/07/22,水,平日,,晴,33.0,28.0,計,263203,290000,0.9076,0.9153,295051,0.8921,119,42,2211.8,2.29,145,0.8207,137,0.8686,0,190027,0.7220,0.2777,0,85284,0.3240,0.2983,1.0460,0.5759,3540,4461.1,,0.0000,
0001,千房直営,000003,第3エリア,068   ,舞 イクスピアリ店,2026/07/23,木,平日,,晴,35.0,28.0,計,234998,290000,0.8103,0.9074,261356,0.8991,104,38,2259.6,2.00,145,0.7172,133,0.7820,0,47812,0.2035,0.2727,0,85704,0.3647,0.3027,0.5682,0.5754,3599,3917.7,,0.0000,
0001,千房直営,000003,第3エリア,068   ,舞 イクスピアリ店,2026/07/24,金,平日,,曇,33.0,27.0,計,233308,300000,0.7777,0.8981,251170,0.9289,119,45,1960.6,2.29,150,0.7933,104,1.1442,0,180231,0.7725,0.3039,0,86112,0.3691,0.3069,1.1416,0.6108,3411,4103.9,,0.0000,
0001,千房直営,000003,第3エリア,068   ,舞 イクスピアリ店,2026/07/25,土,土曜,,曇,33.0,25.0,計,417555,500000,0.8351,0.8913,470908,0.8867,206,73,2027.0,3.96,250,0.8240,218,0.9450,0,59120,0.1416,0.2876,0,129865,0.3110,0.3073,0.4526,0.5949,5106,4906.6,,0.0000,
0001,千房直営,000003,第3エリア,068   ,舞 イクスピアリ店,2026/07/26,日,日祝,,雨,31.0,25.0,計,392650,500000,0.7853,0.8811,443102,0.8861,214,74,1834.8,4.12,250,0.8560,213,1.0047,0,20700,0.0527,0.2673,0,123860,0.3154,0.3080,0.3682,0.5753,4645,5071.9,,0.0000,
0001,千房直営,000003,第3エリア,068   ,舞 イクスピアリ店,2026/07/27,月,平日,,曇,29.0,24.0,計,369303,290000,1.2735,0.9019,286281,1.2900,188,73,1964.4,3.62,145,1.2966,139,1.3525,0,106941,0.2896,0.2690,0,97485,0.2640,0.3047,0.5535,0.5737,3595,6163.6,,0.0000,
0001,千房直営,000003,第3エリア,068   ,舞 イクスピアリ店,2026/07/28,火,平日,,曇,29.0,23.0,計,246592,290000,0.8503,0.8993,324624,0.7596,118,43,2089.8,2.27,145,0.8138,160,0.7375,0,62018,0.2515,0.2681,0,85406,0.3463,0.3067,0.5978,0.5748,3233,4576.4,,0.0000,
0001,千房直営,000003,第3エリア,068   ,舞 イクスピアリ店,2026/07/29,水,平日,,晴,34.0,25.0,計,308143,290000,1.0626,0.9072,352719,0.8736,155,53,1988.0,2.98,145,1.0690,167,0.9281,0,71389,0.2317,0.2661,0,97728,0.3172,0.3073,0.5488,0.5734,3650,5065.4,,0.0000,
0001,千房直営,000003,第3エリア,068   ,舞 イクスピアリ店,2026/07/30,木,平日,,晴,33.0,27.0,計,213896,290000,0.7376,0.8994,245639,0.8708,110,45,1944.5,2.12,145,0.7586,118,0.9322,0,90691,0.4240,0.2720,0,101188,0.4731,0.3135,0.8971,0.5855,3870,3316.2,,0.0000,
0001,千房直営,000003,第3エリア,068   ,舞 イクスピアリ店,2026/07/31,金,平日,,曇,33.0,27.0,計,359079,300000,1.1969,0.9129,270317,1.3284,166,66,2163.1,3.19,150,1.1067,117,1.4188,0,127447,0.3549,0.2770,0,110665,0.3082,0.3132,0.6631,0.5901,4130,5216.6,,0.0000,
0001,千房直営,000003,第3エリア,069   ,有明ガーデン支店,2026/07/13,月,平日,,雨,28.0,25.0,計,173203,220000,0.7873,0.7873,189844,0.9123,80,35,2165.0,1.63,100,0.8000,89,0.8989,48840,80156,0.4628,0.4628,0,59568,0.3439,0.3439,0.8067,0.8067,2468,4210.8,,0.0000,
0001,千房直営,000003,第3エリア,069   ,有明ガーデン支店,2026/07/14,火,平日,,晴,32.0,25.0,計,178349,220000,0.8107,0.7990,361261,0.4937,81,34,2201.8,1.65,100,0.8100,157,0.5159,48840,129295,0.7250,0.5958,0,58137,0.3260,0.3348,1.0509,0.9306,2436,4392.8,,0.0000,
0001,千房直営,000003,第3エリア,069   ,有明ガーデン支店,2026/07/15,水,平日,,晴,32.0,26.0,計,144787,220000,0.6581,0.7520,232524,0.6227,79,43,1832.7,1.61,100,0.7900,112,0.7054,48840,109670,0.7575,0.6430,0,66117,0.4567,0.3704,1.2141,1.0133,2535,3426.9,,0.0000,
0001,千房直営,000003,第3エリア,069   ,有明ガーデン支店,2026/07/16,木,平日,,晴,33.0,27.0,計,191738,240000,0.7989,0.7645,235953,0.8126,76,43,2522.9,1.55,110,0.6909,123,0.6179,48840,112858,0.5886,0.6278,0,59821,0.3120,0.3541,0.9006,0.9819,2489,4622.0,,0.0000,
0001,千房直営,000003,第3エリア,069   ,有明ガーデン支店,2026/07/17,金,平日,,雨,30.0,27.0,計,404816,250000,1.6193,0.9503,227629,1.7784,178,81,2274.2,3.63,114,1.5614,108,1.6481,48840,230887,0.5704,0.6065,0,74313,0.1836,0.2909,0.7539,0.8975,2807,8653.0,,0.0000,
0001,千房直営,000003,第3エリア,069   ,有明ガーデン支店,2026/07/18,土,土曜,,曇,28.0,26.0,計,603997,600000,1.0067,0.9697,627301,0.9629,295,123,2047.4,6.02,289,1.0208,303,0.9736,102480,109716,0.1817,0.4553,0,116106,0.1922,0.2558,0.3739,0.7111,4763,7608.6,,0.0000,
0001,千房直営,000003,第3エリア,069   ,有明ガーデン支店,2026/07/19,日,日祝,,晴,32.0,26.0,計,661638,650000,1.0179,0.9827,639382,1.0348,304,124,2176.4,6.20,316,0.9620,351,0.8661,109800,,0.0000,0.3276,0,113385,0.1714,0.2321,0.1714,0.5597,4602,8626.3,,0.0000,
0001,千房直営,000003,第3エリア,069   ,有明ガーデン支店,2026/07/20,月,日祝,,晴,34.0,26.0,計,567320,600000,0.9455,0.9753,694068,0.8174,306,124,1854.0,6.24,292,1.0479,318,0.9623,109800,32173,0.0567,0.2751,0,101364,0.1787,0.2218,0.2354,0.4968,3961,8593.6,,0.0000,
0001,千房直営,000003,第3エリア,069   ,有明ガーデン支店,2026/07/21,火,平日,,晴,34.0,27.0,計,226415,220000,1.0292,0.9790,243120,0.9313,93,54,2434.6,1.90,100,0.9300,133,0.6992,48840,152691,0.6744,0.3037,0,72241,0.3191,0.2287,0.9935,0.5325,2835,4791.9,,0.0000,
0001,千房直営,000003,第3エリア,069   ,有明ガーデン支店,2026/07/22,水,平日,,晴,34.0,28.0,計,214950,220000,0.9770,0.9788,245707,0.8748,99,45,2171.2,2.02,100,0.9900,113,0.8761,48840,125785,0.5852,0.3217,0,75913,0.3532,0.2367,0.9383,0.5584,2958,4360.0,,0.0000,
0001,千房直営,000003,第3エリア,069   ,有明ガーデン支店,2026/07/23,木,平日,,晴,35.0,28.0,計,262963,220000,1.1953,0.9919,227652,1.1551,128,59,2054.4,2.61,100,1.2800,104,1.2308,48840,27549,0.1048,0.3060,0,68567,0.2607,0.2384,0.3655,0.5444,2694,5856.6,,0.0000,
0001,千房直営,000003,第3エリア,069   ,有明ガーデン支店,2026/07/24,金,平日,,晴,33.0,27.0,計,267885,220000,1.2177,1.0047,380939,0.7032,122,59,2195.8,2.49,100,1.2200,187,0.6524,48840,203487,0.7596,0.3372,0,67137,0.2506,0.2393,1.0102,0.5764,2694,5966.3,,0.0000,
0001,千房直営,000003,第3エリア,069   ,有明ガーデン支店,2026/07/25,土,土曜,,晴,34.0,25.0,計,543793,650000,0.8366,0.9805,413359,1.3155,245,106,2219.6,5.00,313,0.7827,222,1.1036,102480,93572,0.1721,0.3169,0,120524,0.2216,0.2371,0.3937,0.5541,4864,6708.0,,0.0000,
0001,千房直営,000003,第3エリア,069   ,有明ガーデン支店,2026/07/26,日,日祝,,雨,32.0,25.0,計,619792,650000,0.9535,0.9772,550413,1.1260,298,141,2079.8,6.08,316,0.9430,251,1.1873,109800,,0.0000,0.2781,0,133956,0.2161,0.2345,0.2161,0.5127,4772,7792.9,,0.0000,
0001,千房直営,000003,第3エリア,069   ,有明ガーデン支店,2026/07/27,月,平日,,曇,29.0,25.0,計,429186,300000,1.4306,1.0020,227135,1.8896,207,100,2073.4,4.22,137,1.5109,112,1.8482,48840,79187,0.1845,0.2708,0,91327,0.2128,0.2328,0.3973,0.5037,2911,8846.2,,0.0000,
0001,千房直営,000003,第3エリア,069   ,有明ガーデン支店,2026/07/28,火,平日,,曇,29.0,23.0,計,250835,300000,0.8361,0.9934,208701,1.2019,98,43,2559.5,2.00,137,0.7153,88,1.1136,48840,127445,0.5081,0.2812,0,72632,0.2896,0.2353,0.7976,0.5165,2366,6361.0,,0.0000,
0001,千房直営,000003,第3エリア,069   ,有明ガーデン支店,2026/07/29,水,平日,,晴,34.0,24.0,計,316172,300000,1.0539,0.9964,204447,1.5465,153,69,2066.5,3.12,137,1.1168,108,1.4167,48840,87383,0.2764,0.2809,0,79454,0.2513,0.2362,0.5277,0.5171,2784,6814.1,,0.0000,
0001,千房直営,000003,第3エリア,069   ,有明ガーデン支店,2026/07/30,木,平日,,曇,33.0,27.0,計,204289,300000,0.6810,0.9815,151987,1.3441,100,48,2042.9,2.04,137,0.7299,86,1.1628,48840,114619,0.5611,0.2901,0,69460,0.3400,0.2395,0.9011,0.5296,2462,4978.6,,0.0000,
0001,千房直営,000003,第3エリア,069   ,有明ガーデン支店,2026/07/31,金,平日,,曇,33.0,27.0,計,325487,320000,1.0171,0.9832,271435,1.1991,151,70,2155.5,3.08,22,6.8636,121,1.2479,310705,97135,0.2984,0.2905,0,87127,0.2677,0.2409,0.5661,0.5314,2722,7174.6,,0.0000,
0001,千房直営,000002,第2エリア,071   ,イオンモール各務原インター支店,2026/07/13,月,平日,,晴,33.0,27.0,計,53016,80000,0.6627,0.6627,68756,0.7711,34,19,1559.3,0.72,57,0.5965,50,0.6800,0,4900,0.0924,0.0924,0,32531,0.6136,0.6136,0.7060,0.7060,1525,2085.9,,0.0000,
0001,千房直営,000002,第2エリア,071   ,イオンモール各務原インター支店,2026/07/14,火,平日,,晴,36.0,26.0,計,93908,70000,1.3415,0.9795,51470,1.8245,64,32,1467.3,1.36,50,1.2800,35,1.8286,0,45820,0.4879,0.3452,0,30720,0.3271,0.4305,0.8151,0.7757,1515,3719.1,,0.0000,
0001,千房直営,000002,第2エリア,071   ,イオンモール各務原インター支店,2026/07/15,水,平日,,曇,35.0,27.0,計,111545,70000,1.5935,1.1749,82131,1.3581,73,38,1528.0,1.55,50,1.4600,56,1.3036,0,7480,0.0671,0.2252,0,38345,0.3438,0.3931,0.4108,0.6182,1743,3839.8,,0.0000,
0001,千房直営,000002,第2エリア,071   ,イオンモール各務原インター支店,2026/07/16,木,平日,,晴,36.0,28.0,計,97815,70000,1.3974,1.2286,48986,1.9968,61,31,1603.5,1.30,50,1.2200,38,1.6053,0,49645,0.5075,0.3027,0,31902,0.3261,0.3747,0.8337,0.6774,1494,3928.3,,0.0000,
0001,千房直営,000002,第2エリア,071   ,イオンモール各務原インター支店,2026/07/17,金,平日,,晴,35.0,27.0,計,89050,80000,1.1131,1.2036,130663,0.6815,62,33,1436.3,1.32,57,1.0877,89,0.6966,0,120838,1.3570,0.5135,0,31513,0.3539,0.3705,1.7108,0.8840,1536,3478.5,,0.0000,
0001,千房直営,000002,第2エリア,071   ,イオンモール各務原インター支店,2026/07/18,土,土曜,,雨,31.0,28.0,計,210783,200000,1.0539,1.1511,182310,1.1562,131,56,1609.0,2.79,129,1.0155,118,1.1102,0,20941,0.0993,0.3805,0,57308,0.2719,0.3388,0.3712,0.7193,2711,4665.1,,0.0000,
0001,千房直営,000002,第2エリア,071   ,イオンモール各務原インター支店,2026/07/19,日,日祝,,曇,32.0,26.0,計,287858,230000,1.2516,1.1800,286265,1.0056,189,77,1523.1,4.02,148,1.2770,180,1.0500,0,7480,0.0260,0.2724,0,63251,0.2197,0.3025,0.2457,0.5749,3005,5747.6,,0.0000,
0001,千房直営,000002,第2エリア,071   ,イオンモール各務原インター支店,2026/07/20,月,日祝,,晴,37.0,26.0,計,202712,200000,1.0136,1.1467,215204,0.9420,139,59,1458.4,2.96,129,1.0775,147,0.9456,0,4900,0.0242,0.2285,0,54042,0.2666,0.2962,0.2908,0.5247,2516,4834.1,,0.0000,
0001,千房直営,000002,第2エリア,071   ,イオンモール各務原インター支店,2026/07/21,火,平日,,晴,39.0,28.0,計,95972,80000,1.1997,1.1506,74732,1.2842,64,36,1499.6,1.36,57,1.1228,60,1.0667,0,11291,0.1176,0.2199,0,33140,0.3453,0.3000,0.4630,0.5199,1486,3875.0,,0.0000,
0001,千房直営,000002,第2エリア,071   ,イオンモール各務原インター支店,2026/07/22,水,平日,,晴,39.0,29.0,計,109813,75000,1.4642,1.1710,114274,0.9610,75,39,1464.2,1.60,53,1.4151,67,1.1194,0,41396,0.3770,0.2327,0,33225,0.3026,0.3002,0.6795,0.5329,1550,4250.8,,0.0000,
0001,千房直営,000002,第2エリア,071   ,イオンモール各務原インター支店,2026/07/23,木,平日,,晴,39.0,28.0,計,67837,75000,0.9045,1.1547,91091,0.7447,49,26,1384.4,1.04,53,0.9245,68,0.7206,0,5196,0.0766,0.2252,0,29583,0.4361,0.3067,0.5127,0.5319,1421,2864.3,,0.0000,
0001,千房直営,000002,第2エリア,071   ,イオンモール各務原インター支店,2026/07/24,金,平日,,晴,38.0,27.0,計,70955,80000,0.8869,1.1384,100341,0.7071,56,32,1267.1,1.19,57,0.9825,75,0.7467,0,75573,1.0651,0.2652,0,31486,0.4437,0.3132,1.5088,0.5784,1537,2769.9,,0.0000,
0001,千房直営,000002,第2エリア,071   ,イオンモール各務原インター支店,2026/07/25,土,土曜,,晴,39.0,28.0,計,209803,200000,1.0490,1.1265,182124,1.1520,128,60,1639.1,2.72,129,0.9922,119,1.0756,0,21716,0.1035,0.2452,0,58716,0.2799,0.3091,0.3834,0.5543,2780,4528.1,,0.0000,
0001,千房直営,000002,第2エリア,071   ,イオンモール各務原インター支店,2026/07/26,日,日祝,,晴,36.0,27.0,計,175832,200000,0.8792,1.0976,191360,0.9189,113,52,1556.0,2.40,129,0.8760,130,0.8692,0,,0.0000,0.2223,0,56991,0.3241,0.3105,0.3241,0.5328,2688,3924.8,,0.0000,
0001,千房直営,000002,第2エリア,071   ,イオンモール各務原インター支店,2026/07/27,月,平日,,晴,34.0,27.0,計,84016,80000,1.0502,1.0955,87435,0.9609,59,31,1424.0,1.26,57,1.0351,56,1.0536,0,12180,0.1450,0.2190,0,33407,0.3976,0.3142,0.5426,0.5332,1574,3202.6,,0.0000,
0001,千房直営,000002,第2エリア,071   ,イオンモール各務原インター支店,2026/07/28,火,平日,,雨,31.0,24.0,計,99546,80000,1.2443,1.1019,112370,0.8859,76,38,1309.8,1.62,57,1.3333,70,1.0857,0,17293,0.1737,0.2168,0,33973,0.3413,0.3155,0.5150,0.5323,1474,4052.1,,0.0000,
0001,千房直営,000002,第2エリア,071   ,イオンモール各務原インター支店,2026/07/29,水,平日,,晴,34.0,23.0,計,125358,80000,1.5670,1.1209,98929,1.2672,85,42,1474.8,1.81,57,1.4912,75,1.1333,0,48725,0.3887,0.2266,0,35996,0.2871,0.3139,0.6758,0.5405,1549,4855.7,,0.0000,
0001,千房直営,000002,第2エリア,071   ,イオンモール各務原インター支店,2026/07/30,木,平日,,晴,36.0,26.0,計,137600,80000,1.7200,1.1445,87412,1.5742,96,48,1433.3,2.04,57,1.6842,61,1.5738,0,11161,0.0811,0.2180,0,36612,0.2661,0.3111,0.3472,0.5291,1623,5086.9,,0.0000,
0001,千房直営,000002,第2エリア,071   ,イオンモール各務原インター支店,2026/07/31,金,平日,,晴,36.0,27.0,計,105732,80000,1.3217,1.1513,51683,2.0458,78,41,1355.5,1.66,57,1.3684,33,2.3636,0,2377,0.0225,0.2095,0,40316,0.3813,0.3141,0.4038,0.5236,1564,4056.2,,0.0000,
0001,千房直営,000001,第1エリア,078   ,Chibo`s Kitchen 阪神梅田店,2026/07/13,月,平日,,晴,33.0,27.0,計,,0,,,,,,,,,0,,,,0,,,,,0,,,,,0,,,,
0001,千房直営,000001,第1エリア,078   ,Chibo`s Kitchen 阪神梅田店,2026/07/14,火,平日,,晴,34.0,28.0,計,,0,,,,,,,,,0,,,,0,,,,,0,,,,,0,,,,
0001,千房直営,000001,第1エリア,078   ,Chibo`s Kitchen 阪神梅田店,2026/07/15,水,平日,,晴,34.0,28.0,計,,0,,,,,,,,,0,,,,0,,,,,0,,,,,0,,,,
0001,千房直営,000001,第1エリア,078   ,Chibo`s Kitchen 阪神梅田店,2026/07/16,木,平日,,晴,34.0,29.0,計,,0,,,,,,,,,0,,,,0,,,,,0,,,,,0,,,,
0001,千房直営,000001,第1エリア,078   ,Chibo`s Kitchen 阪神梅田店,2026/07/17,金,平日,,晴,35.0,27.0,計,,0,,,,,,,,,0,,,,0,,,,,0,,,,,0,,,,
0001,千房直営,000001,第1エリア,078   ,Chibo`s Kitchen 阪神梅田店,2026/07/18,土,土曜,,曇,34.0,29.0,計,,0,,,,,,,,,0,,,,0,,,,,0,,,,,0,,,,
0001,千房直営,000001,第1エリア,078   ,Chibo`s Kitchen 阪神梅田店,2026/07/19,日,日祝,,曇,34.0,28.0,計,,0,,,,,,,,,0,,,,0,,,,,0,,,,,0,,,,
0001,千房直営,000001,第1エリア,078   ,Chibo`s Kitchen 阪神梅田店,2026/07/20,月,日祝,,晴,35.0,29.0,計,,0,,,,,,,,,0,,,,0,,,,,0,,,,,0,,,,
0001,千房直営,000001,第1エリア,078   ,Chibo`s Kitchen 阪神梅田店,2026/07/21,火,平日,,晴,37.0,29.0,計,,0,,,,,,,,,0,,,,0,491767,,,,0,,,,,0,,,,
0001,千房直営,000001,第1エリア,078   ,Chibo`s Kitchen 阪神梅田店,2026/07/22,水,平日,,晴,36.0,29.0,計,,0,,,,,,,,,0,,,,0,,,,,0,,,,,0,,,,
0001,千房直営,000001,第1エリア,078   ,Chibo`s Kitchen 阪神梅田店,2026/07/23,木,平日,,晴,37.0,30.0,計,,0,,,,,,,,,0,,,,0,244168,,,,60451,,,,,2280,0,,,
0001,千房直営,000001,第1エリア,078   ,Chibo`s Kitchen 阪神梅田店,2026/07/24,金,平日,,晴,37.0,29.0,計,,0,,,,,,,,,0,,,,0,7000,,,,36130,,,,,1505,0,,,
0001,千房直営,000001,第1エリア,078   ,Chibo`s Kitchen 阪神梅田店,2026/07/25,土,土曜,,晴,36.0,28.0,計,,0,,,,,,,,,0,,,,0,59410,,,,57450,,,,,2162,0,,,
0001,千房直営,000001,第1エリア,078   ,Chibo`s Kitchen 阪神梅田店,2026/07/26,日,日祝,,晴,35.0,28.0,計,,0,,,,,,,,,0,,,,0,,,,,0,,,,,0,,,,
0001,千房直営,000001,第1エリア,078   ,Chibo`s Kitchen 阪神梅田店,2026/07/27,月,平日,,晴,35.0,28.0,計,,0,,,,,,,,,0,,,,0,61767,,,,93264,,,,,3722,0,,,
0001,千房直営,000001,第1エリア,078   ,Chibo`s Kitchen 阪神梅田店,2026/07/28,火,平日,,晴,35.0,28.0,計,0,0,,,,,0,0,,,0,,,,0,259511,,,,80909,,,,,3107,0.0,,,
0001,千房直営,000001,第1エリア,078   ,Chibo`s Kitchen 阪神梅田店,2026/07/29,水,平日,,曇,32.0,28.0,計,265703,250000,1.0628,1.0628,,,111,111,2393.7,,0,,,,0,,0.0000,4.2289,,111242,0.4187,1.6539,0.4187,5.8828,4063,3923.7,,0.0000,
0001,千房直営,000001,第1エリア,078   ,Chibo`s Kitchen 阪神梅田店,2026/07/30,木,平日,,晴,35.0,28.0,計,131083,200000,0.6554,0.8817,,,90,90,1456.5,,0,,,,0,,0.0000,2.8318,,93778,0.7154,1.3439,0.7154,4.1757,3444,2283.7,,0.0000,
0001,千房直営,000001,第1エリア,078   ,Chibo`s Kitchen 阪神梅田店,2026/07/31,金,平日,,晴,36.0,28.0,計,217555,200000,1.0878,0.9451,,,116,116,1875.5,,0,,,,0,-405,-0.0019,1.8283,,87558,0.4025,1.0105,0.4006,2.8388,2866,4554.5,,0.0000,
0001,千房直営,600000,本社,1000  ,本社,2026/07/13,月,平日,,晴,33.0,28.0,計,,,,,,,,,,,,,,,,,,,,0,,,,,0,,,,
0001,千房直営,600000,本社,1000  ,本社,2026/07/14,火,平日,,晴,34.0,28.0,計,,,,,,,,,,,,,,,,,,,,0,,,,,0,,,,
0001,千房直営,600000,本社,1000  ,本社,2026/07/15,水,平日,,晴,34.0,28.0,計,,,,,,,,,,,,,,,,,,,,0,,,,,0,,,,
0001,千房直営,600000,本社,1000  ,本社,2026/07/16,木,平日,,晴,34.0,29.0,計,,,,,,,,,,,,,,,,,,,,0,,,,,0,,,,
0001,千房直営,600000,本社,1000  ,本社,2026/07/17,金,平日,,晴,35.0,27.0,計,,,,,,,,,,,,,,,,,,,,0,,,,,0,,,,
0001,千房直営,600000,本社,1000  ,本社,2026/07/18,土,土曜,,曇,34.0,29.0,計,,,,,,,,,,,,,,,,,,,,0,,,,,0,,,,
0001,千房直営,600000,本社,1000  ,本社,2026/07/19,日,日祝,,曇,34.0,28.0,計,,,,,,,,,,,,,,,,,,,,0,,,,,0,,,,
0001,千房直営,600000,本社,1000  ,本社,2026/07/20,月,日祝,,晴,35.0,29.0,計,,,,,,,,,,,,,,,,,,,,0,,,,,0,,,,
0001,千房直営,600000,本社,1000  ,本社,2026/07/21,火,平日,,晴,37.0,29.0,計,,,,,,,,,,,,,,,,,,,,0,,,,,0,,,,
0001,千房直営,600000,本社,1000  ,本社,2026/07/22,水,平日,,晴,36.0,29.0,計,,,,,,,,,,,,,,,,,,,,0,,,,,0,,,,
0001,千房直営,600000,本社,1000  ,本社,2026/07/23,木,平日,,晴,37.0,30.0,計,,,,,,,,,,,,,,,,,,,,0,,,,,0,,,,
0001,千房直営,600000,本社,1000  ,本社,2026/07/24,金,平日,,晴,37.0,29.0,計,,,,,,,,,,,,,,,,,,,,0,,,,,0,,,,
0001,千房直営,600000,本社,1000  ,本社,2026/07/25,土,土曜,,晴,36.0,29.0,計,,,,,,,,,,,,,,,,,,,,0,,,,,0,,,,
0001,千房直営,600000,本社,1000  ,本社,2026/07/26,日,日祝,,晴,36.0,28.0,計,,,,,,,,,,,,,,,,,,,,0,,,,,0,,,,
0001,千房直営,600000,本社,1000  ,本社,2026/07/27,月,平日,,晴,35.0,29.0,計,,,,,,,,,,,,,,,,,,,,0,,,,,0,,,,
0001,千房直営,600000,本社,1000  ,本社,2026/07/28,火,平日,,晴,36.0,28.0,計,,,,,,,,,,,,,,,,,,,,0,,,,,0,,,,
0001,千房直営,600000,本社,1000  ,本社,2026/07/29,水,平日,,曇,32.0,28.0,計,,,,,,,,,,,,,,,,,,,,0,,,,,0,,,,
0001,千房直営,600000,本社,1000  ,本社,2026/07/30,木,平日,,晴,35.0,29.0,計,,,,,,,,,,,,,,,,,,,,0,,,,,0,,,,
0001,千房直営,600000,本社,1000  ,本社,2026/07/31,金,平日,,晴,36.0,28.0,計,,,,,,,,,,,,,,,,,,,,0,,,,,0,,,,
0001,千房直営,000004,第4エリア,101   ,ぷれじでんと南本店,2026/07/13,月,平日,,晴,33.0,28.0,計,172170,230000,0.7486,0.7486,31103,5.5355,20,7,8608.5,0.69,21,0.9524,7,2.8571,0,39073,0.2269,0.2269,0,50015,0.2905,0.2905,0.5174,0.5174,2124,4863.6,,0.0000,
0001,千房直営,000004,第4エリア,101   ,ぷれじでんと南本店,2026/07/14,火,平日,,晴,35.0,28.0,計,195550,230000,0.8502,0.7994,263040,0.7434,15,4,13036.7,0.52,21,0.7143,24,0.6250,0,21530,0.1101,0.1648,0,53388,0.2730,0.2812,0.3831,0.4460,2124,5524.0,,0.0000,
0001,千房直営,000004,第4エリア,101   ,ぷれじでんと南本店,2026/07/15,水,平日,,晴,34.0,28.0,計,89900,230000,0.3909,0.6632,218140,0.4121,8,3,11237.5,0.28,21,0.3810,17,0.4706,0,16705,0.1858,0.1689,0,41429,0.4608,0.3165,0.6467,0.4854,1753,3077.0,,0.0000,
0001,千房直営,000004,第4エリア,101   ,ぷれじでんと南本店,2026/07/16,木,平日,,晴,34.0,29.0,計,240610,230000,1.0461,0.7589,380746,0.6319,24,8,10025.4,0.83,21,1.1429,37,0.6486,0,52830,0.2196,0.1864,0,55307,0.2299,0.2866,0.4494,0.4730,2247,6424.8,,0.0000,
0001,千房直営,000004,第4エリア,101   ,ぷれじでんと南本店,2026/07/17,金,平日,,晴,35.0,27.0,計,206300,310000,0.6655,0.7354,223561,0.9228,16,5,12893.8,0.55,29,0.5517,24,0.6667,0,35139,0.1703,0.1827,0,47501,0.2303,0.2738,0.4006,0.4565,1940,6380.4,,0.0000,
0001,千房直営,000004,第4エリア,101   ,ぷれじでんと南本店,2026/07/18,土,土曜,,曇,34.0,29.0,計,297555,310000,0.9599,0.7806,226669,1.3127,24,10,12398.1,0.83,29,0.8276,26,0.9231,0,49207,0.1654,0.1784,0,51161,0.1719,0.2486,0.3373,0.4270,2183,8178.3,,0.0000,
0001,千房直営,000004,第4エリア,101   ,ぷれじでんと南本店,2026/07/19,日,日祝,,曇,34.0,28.0,計,13390,310000,0.0432,0.6570,91520,0.1463,2,1,6695.0,0.07,29,0.0690,9,0.2222,0,8008,0.5981,0.1830,0,31532,2.3549,0.2718,2.9530,0.4548,1386,579.7,,0.0000,
0001,千房直営,000004,第4エリア,101   ,ぷれじでんと南本店,2026/07/20,月,日祝,,晴,35.0,29.0,計,,0,,0.6570,,,,,,0,0,,,,0,5400,,0.1875,0,0,,0.2718,,0.4593,0,,,,
0001,千房直営,000004,第4エリア,101   ,ぷれじでんと南本店,2026/07/21,火,平日,,晴,37.0,29.0,計,210882,230000,0.9169,0.6857,172705,1.2211,17,7,12404.8,0.59,21,0.8095,31,0.5484,0,93232,0.4421,0.2251,0,45277,0.2147,0.2633,0.6568,0.4885,1791,7064.7,,0.0000,
0001,千房直営,000004,第4エリア,101   ,ぷれじでんと南本店,2026/07/22,水,平日,,晴,36.0,29.0,計,177150,230000,0.7702,0.6942,362430,0.4888,24,8,7381.3,0.83,21,1.1429,29,0.8276,0,67259,0.3797,0.2422,0,60168,0.3396,0.2718,0.7193,0.5140,2365,4494.3,,0.0000,
0001,千房直営,000004,第4エリア,101   ,ぷれじでんと南本店,2026/07/23,木,平日,,晴,37.0,30.0,計,271030,230000,1.1784,0.7380,210478,1.2877,28,12,9679.6,0.97,21,1.3333,15,1.8667,0,23609,0.0871,0.2198,0,55217,0.2037,0.2619,0.2908,0.4817,2092,7773.3,,0.0000,
0001,千房直営,000004,第4エリア,101   ,ぷれじでんと南本店,2026/07/24,金,平日,,晴,37.0,29.0,計,263980,310000,0.8515,0.7504,357970,0.7374,18,6,14665.6,0.62,29,0.6207,33,0.5455,0,47797,0.1811,0.2150,0,56050,0.2123,0.2558,0.3934,0.4708,2252,7033.2,,0.0000,
0001,千房直営,000004,第4エリア,101   ,ぷれじでんと南本店,2026/07/25,土,土曜,,晴,36.0,29.0,計,0,310000,0.0000,0.6767,394420,0.0000,0,0,,0.00,29,0.0000,35,0.0000,0,14925,,0.2220,0,39903,,0.2745,,0.4964,1719,0.0,,,
0001,千房直営,000004,第4エリア,101   ,ぷれじでんと南本店,2026/07/26,日,日祝,,晴,35.0,29.0,計,,0,,0.6767,,,,,,0,0,,,,0,,,0.2220,0,0,,0.2745,,0.4964,0,,,,
0001,千房直営,000004,第4エリア,101   ,ぷれじでんと南本店,2026/07/27,月,平日,,晴,35.0,29.0,計,,230000,0.0000,0.6308,369506,0.0000,,,,0,21,0.0000,35,0.0000,0,68746,,0.2541,0,24773,,0.2860,,0.5402,1129,0,,,
0001,千房直営,000004,第4エリア,101   ,ぷれじでんと南本店,2026/07/28,火,平日,,晴,36.0,29.0,計,7360,230000,0.0320,0.5928,138397,0.0532,4,1,1840.0,0.14,21,0.1905,14,0.2857,0,36137,4.9099,0.2701,0,44449,6.0393,0.3058,10.9492,0.5759,1767,249.9,,0.0000,
0001,千房直営,000004,第4エリア,101   ,ぷれじでんと南本店,2026/07/29,水,平日,,曇,32.0,28.0,計,122520,230000,0.5327,0.5892,426360,0.2874,12,4,10210.0,0.41,21,0.5714,36,0.3333,0,11071,0.0904,0.2604,0,39642,0.3236,0.3067,0.4139,0.5671,1654,4444.5,,0.0000,
0001,千房直営,000004,第4エリア,101   ,ぷれじでんと南本店,2026/07/30,木,平日,,晴,35.0,29.0,計,177186,230000,0.7704,0.5994,192070,0.9225,14,5,12656.1,0.48,21,0.6667,20,0.7000,0,,0.0000,0.2415,0,58255,0.3288,0.3083,0.3288,0.5499,2223,4782.3,,0.0000,
0001,千房直営,000004,第4エリア,101   ,ぷれじでんと南本店,2026/07/31,金,平日,,晴,36.0,28.0,計,146660,310000,0.4731,0.5905,185740,0.7896,20,9,7333.0,0.69,29,0.6897,16,1.2500,0,,0.0000,0.2279,0,65512,0.4467,0.3162,0.4467,0.5440,2346,3750.9,,0.0000,
0001,千房直営,000004,第4エリア,102   ,ぷれじでんと北店,2026/07/13,月,平日,,晴,33.0,27.0,計,321070,350000,0.9173,0.9173,235944,1.3608,25,9,12842.8,0.81,31,0.8065,19,1.3158,0,48353,0.1506,0.1506,0,92650,0.2886,0.2886,0.4392,0.4392,3681,5233.4,,0.0000,
0001,千房直営,000004,第4エリア,102   ,ぷれじでんと北店,2026/07/14,火,平日,,晴,34.0,28.0,計,310660,350000,0.8876,0.9025,217770,1.4266,20,6,15533.0,0.65,31,0.6452,24,0.8333,0,131532,0.4234,0.2848,0,72246,0.2326,0.2610,0.6560,0.5458,2900,6427.4,,0.0000,
0001,千房直営,000004,第4エリア,102   ,ぷれじでんと北店,2026/07/15,水,平日,,晴,34.0,28.0,計,484371,350000,1.3839,1.0630,556415,0.8705,29,8,16702.4,0.94,31,0.9355,54,0.5370,0,43738,0.0903,0.2004,0,115288,0.2380,0.2510,0.3283,0.4514,4429,6561.8,,0.0000,
0001,千房直営,000004,第4エリア,102   ,ぷれじでんと北店,2026/07/16,木,平日,,晴,34.0,29.0,計,244334,450000,0.5430,0.9070,485161,0.5036,21,7,11635.0,0.68,40,0.5250,42,0.5000,0,112273,0.4595,0.2469,0,82166,0.3363,0.2663,0.7958,0.5133,3187,4599.9,,0.0000,
0001,千房直営,000004,第4エリア,102   ,ぷれじでんと北店,2026/07/17,金,平日,,晴,35.0,27.0,計,627855,450000,1.3952,1.0196,534982,1.1736,46,12,13649.0,1.48,40,1.1500,50,0.9200,0,135777,0.2163,0.2372,0,117045,0.1864,0.2411,0.4027,0.4783,4528,8319.6,,0.0000,
0001,千房直営,000004,第4エリア,102   ,ぷれじでんと北店,2026/07/18,土,土曜,,曇,34.0,29.0,計,178078,350000,0.5088,0.9419,423484,0.4205,23,9,7742.5,0.74,31,0.7419,41,0.5610,0,218496,1.2270,0.3186,0,77161,0.4333,0.2569,1.6603,0.5755,2991,3572.3,,0.0000,
0001,千房直営,000004,第4エリア,102   ,ぷれじでんと北店,2026/07/19,日,日祝,,曇,34.0,28.0,計,130340,400000,0.3259,0.8506,188320,0.6921,6,2,21723.3,0.19,36,0.1667,17,0.3529,0,11960,0.0918,0.3057,0,56295,0.4319,0.2668,0.5237,0.5726,2187,3575.9,,0.0000,
0001,千房直営,000004,第4エリア,102   ,ぷれじでんと北店,2026/07/20,月,日祝,,晴,35.0,29.0,計,,0,,0.8506,,,,,,0,0,,,,0,1187,,0.3062,0,0,,0.2668,,0.5731,0,,,,
0001,千房直営,000004,第4エリア,102   ,ぷれじでんと北店,2026/07/21,火,平日,,晴,37.0,29.0,計,448591,350000,1.2817,0.9001,425229,1.0549,36,13,12460.9,1.16,31,1.1613,33,1.0909,0,99747,0.2224,0.2925,0,79058,0.1762,0.2520,0.3986,0.5446,3055,8810.3,,0.0000,
0001,千房直営,000004,第4エリア,102   ,ぷれじでんと北店,2026/07/22,水,平日,,晴,36.0,29.0,計,493748,400000,1.2344,0.9389,248010,1.9908,28,9,17633.9,0.90,36,0.7778,17,1.6471,0,121377,0.2458,0.2854,0,88017,0.1783,0.2408,0.4241,0.5262,3432,8632.0,,0.0000,
0001,千房直営,000004,第4エリア,102   ,ぷれじでんと北店,2026/07/23,木,平日,,晴,37.0,30.0,計,274500,400000,0.6863,0.9126,261543,1.0495,23,6,11934.8,0.74,36,0.6389,22,1.0455,0,91827,0.3345,0.2892,0,84906,0.3093,0.2461,0.6438,0.5354,3482,4730.0,,0.0000,
0001,千房直営,000004,第4エリア,102   ,ぷれじでんと北店,2026/07/24,金,平日,,晴,37.0,29.0,計,339541,400000,0.8489,0.9066,203505,1.6685,24,9,14147.5,0.77,36,0.6667,20,1.2000,0,80973,0.2385,0.2848,0,90409,0.2663,0.2479,0.5047,0.5327,3612,5640.2,,0.0000,
0001,千房直営,000004,第4エリア,102   ,ぷれじでんと北店,2026/07/25,土,土曜,,晴,36.0,28.0,計,103714,350000,0.2963,0.8602,183191,0.5662,13,6,7978.0,0.42,31,0.4194,19,0.6842,0,26387,0.2544,0.2840,0,69395,0.6691,0.2590,0.9235,0.5429,2704,2301.3,,0.0000,
0001,千房直営,000004,第4エリア,102   ,ぷれじでんと北店,2026/07/26,日,日祝,,晴,35.0,28.0,計,,0,,0.8602,,,,,,0,0,,,,0,,,0.2840,0,0,,0.2590,,0.5429,0,,,,
0001,千房直営,000004,第4エリア,102   ,ぷれじでんと北店,2026/07/27,月,平日,,晴,35.0,28.0,計,298473,350000,0.8528,0.8597,341667,0.8736,26,9,11479.7,0.84,31,0.8387,39,0.6667,0,24967,0.0836,0.2699,0,81112,0.2718,0.2599,0.3554,0.5298,3063,5846.7,,0.0000,
0001,千房直営,000004,第4エリア,102   ,ぷれじでんと北店,2026/07/28,火,平日,,晴,35.0,28.0,計,280000,350000,0.8000,0.8557,298440,0.9382,20,8,14000.0,0.65,31,0.6452,25,0.8000,0,114559,0.4091,0.2785,0,85759,0.3063,0.2627,0.7154,0.5412,3241,5183.6,,0.0000,
0001,千房直営,000004,第4エリア,102   ,ぷれじでんと北店,2026/07/29,水,平日,,曇,32.0,28.0,計,302173,350000,0.8634,0.8562,342441,0.8824,32,13,9442.9,1.03,31,1.0323,29,1.1034,0,14452,0.0478,0.2641,0,98219,0.3250,0.2666,0.3729,0.5307,3379,5365.6,,0.0000,
0001,千房直営,000004,第4エリア,102   ,ぷれじでんと北店,2026/07/30,木,平日,,晴,35.0,28.0,計,566012,400000,1.4150,0.8931,386492,1.4645,39,11,14513.1,1.26,36,1.0833,26,1.5000,0,107702,0.1903,0.2564,0,101321,0.1790,0.2574,0.3693,0.5138,3743,9073.1,,0.0000,
0001,千房直営,000004,第4エリア,102   ,ぷれじでんと北店,2026/07/31,金,平日,,晴,36.0,28.0,計,497470,450000,1.1055,0.9078,321337,1.5481,38,10,13091.3,1.23,40,0.9500,29,1.3103,0,86723,0.1743,0.2495,0,116858,0.2349,0.2555,0.4092,0.5050,4040,7388.2,,0.0000,
0001,千房直営,000004,第4エリア,103   ,ぷれじでんとシェラトン都ホテル大阪店,2026/07/13,月,平日,,晴,33.0,27.0,計,,0,,,,,,,,0,0,,,,0,,,,0,0,,,,,0,,,,
0001,千房直営,000004,第4エリア,103   ,ぷれじでんとシェラトン都ホテル大阪店,2026/07/14,火,平日,,晴,34.0,28.0,計,164115,300000,0.5471,0.5471,778468,0.2108,18,9,9117.5,0.42,0,,63,0.2857,0,222415,1.3552,1.3552,0,101900,0.6209,0.6209,1.9761,1.9761,4135,2381.4,,0.0000,
0001,千房直営,000004,第4エリア,103   ,ぷれじでんとシェラトン都ホテル大阪店,2026/07/15,水,平日,,晴,33.0,28.0,計,278143,300000,0.9271,0.7371,308699,0.9010,42,15,6622.5,0.98,0,,42,1.0000,0,58414,0.2100,0.6350,0,97546,0.3507,0.4510,0.5607,1.0860,3885,4295.6,,0.0000,
0001,千房直営,000004,第4エリア,103   ,ぷれじでんとシェラトン都ホテル大阪店,2026/07/16,木,平日,,晴,34.0,28.0,計,174143,300000,0.5805,0.6849,174821,0.9961,22,12,7915.6,0.51,0,,34,0.6471,0,47803,0.2745,0.5331,0,110776,0.6361,0.5033,0.9106,1.0364,4362,2395.4,,0.0000,
0001,千房直営,000004,第4エリア,103   ,ぷれじでんとシェラトン都ホテル大阪店,2026/07/17,金,平日,,晴,35.0,27.0,計,370123,350000,1.0575,0.7892,393813,0.9398,53,18,6983.5,1.23,0,,55,0.9636,0,133788,0.3615,0.4687,0,120100,0.3245,0.4362,0.6860,0.9049,4815,4612.1,,0.0000,
0001,千房直営,000004,第4エリア,103   ,ぷれじでんとシェラトン都ホテル大阪店,2026/07/18,土,土曜,,曇,34.0,29.0,計,826980,800000,1.0337,0.8846,650667,1.2710,104,45,7951.7,2.42,0,,83,1.2530,0,195124,0.2359,0.3626,0,196948,0.2382,0.3459,0.4741,0.7085,7807,6355.7,,0.0000,
0001,千房直営,000004,第4エリア,103   ,ぷれじでんとシェラトン都ホテル大阪店,2026/07/19,日,日祝,,曇,34.0,28.0,計,839078,850000,0.9872,0.9147,956139,0.8776,99,35,8475.5,2.30,0,,134,0.7388,0,26809,0.0320,0.2580,0,174689,0.2082,0.3023,0.2401,0.5603,7032,7159.4,,0.0000,
0001,千房直営,000004,第4エリア,103   ,ぷれじでんとシェラトン都ホテル大阪店,2026/07/20,月,日祝,,晴,35.0,29.0,計,700312,700000,1.0004,0.9314,550920,1.2712,82,23,8540.4,1.91,0,,76,1.0789,0,212865,0.3040,0.2676,0,135618,0.1937,0.2796,0.4976,0.5472,5641,7448.8,,0.0000,
0001,千房直営,000004,第4エリア,103   ,ぷれじでんとシェラトン都ホテル大阪店,2026/07/21,火,平日,,晴,36.0,28.0,計,,0,,0.9314,,,,,,0,0,,,,0,19515,,0.2734,0,0,,0.2796,,0.5530,0,,,,
0001,千房直営,000004,第4エリア,103   ,ぷれじでんとシェラトン都ホテル大阪店,2026/07/22,水,平日,,晴,36.0,29.0,計,383208,350000,1.0949,0.9458,405804,0.9443,44,16,8709.3,1.02,0,,74,0.5946,0,125549,0.3276,0.2790,0,114996,0.3001,0.2817,0.6277,0.5607,4561,5041.1,,0.0000,
0001,千房直営,000004,第4エリア,103   ,ぷれじでんとシェラトン都ホテル大阪店,2026/07/23,木,平日,,晴,37.0,29.0,計,328522,350000,0.9386,0.9453,782124,0.4200,42,20,7822.0,0.98,0,,80,0.5250,0,166533,0.5069,0.2974,0,107045,0.3258,0.2853,0.8328,0.5827,4221,4669.8,,0.0000,
0001,千房直営,000004,第4エリア,103   ,ぷれじでんとシェラトン都ホテル大阪店,2026/07/24,金,平日,,晴,37.0,29.0,計,396938,400000,0.9923,0.9493,460055,0.8628,48,18,8269.5,1.12,0,,67,0.7164,0,181110,0.4563,0.3115,0,114560,0.2886,0.2856,0.7449,0.5971,4534,5252.8,,0.0000,
0001,千房直営,000004,第4エリア,103   ,ぷれじでんとシェラトン都ホテル大阪店,2026/07/25,土,土曜,,晴,36.0,28.0,計,593120,750000,0.7908,0.9275,613076,0.9674,88,38,6740.0,2.05,0,,74,1.1892,0,155204,0.2617,0.3057,0,150137,0.2531,0.2818,0.5148,0.5875,6098,5835.9,,0.0000,
0001,千房直営,000004,第4エリア,103   ,ぷれじでんとシェラトン都ホテル大阪店,2026/07/26,日,日祝,,晴,35.0,28.0,計,787076,700000,1.1244,0.9499,462279,1.7026,96,36,8198.7,2.23,0,,63,1.5238,0,18168,0.0231,0.2676,0,169230,0.2150,0.2728,0.2381,0.5404,6976,6769.6,,0.0000,
0001,千房直営,000004,第4エリア,103   ,ぷれじでんとシェラトン都ホテル大阪店,2026/07/27,月,平日,,晴,34.0,28.0,計,,0,,0.9499,,,,,,0,0,,,,0,,,0.2676,0,0,,0.2728,,0.5404,0,,,,
0001,千房直営,000004,第4エリア,103   ,ぷれじでんとシェラトン都ホテル大阪店,2026/07/28,火,平日,,晴,36.0,28.0,計,370120,350000,1.0575,0.9557,262503,1.4100,33,14,11215.8,0.77,0,,40,0.8250,0,68178,0.1842,0.2626,0,119067,0.3217,0.2757,0.5059,0.5383,4500,4934.9,,0.0000,
0001,千房直営,000004,第4エリア,103   ,ぷれじでんとシェラトン都ホテル大阪店,2026/07/29,水,平日,,曇,32.0,28.0,計,277312,350000,0.7923,0.9473,321790,0.8618,53,24,5232.3,1.23,0,,37,1.4324,0,52121,0.1880,0.2594,0,129344,0.4664,0.2839,0.6544,0.5433,4771,3487.5,,0.0000,
0001,千房直営,000004,第4エリア,103   ,ぷれじでんとシェラトン都ホテル大阪店,2026/07/30,木,平日,,晴,35.0,28.0,計,404629,350000,1.1561,0.9575,291804,1.3866,57,25,7098.8,1.33,0,,49,1.1633,0,41073,0.1015,0.2502,0,117440,0.2902,0.2842,0.3917,0.5344,4036,6015.3,,0.0000,
0001,千房直営,000004,第4エリア,103   ,ぷれじでんとシェラトン都ホテル大阪店,2026/07/31,金,平日,,晴,35.0,28.0,計,401233,400000,1.0031,0.9599,158562,2.5304,40,20,10030.8,0.93,0,,28,1.4286,0,178171,0.4441,0.2608,0,138219,0.3445,0.2875,0.7885,0.5484,4777,5039.6,,0.0000,
0001,千房直営,000004,第4エリア,109   ,ぷれじでんとオー・エム・ホテル日航ビル店,2026/07/13,月,平日,,晴,33.0,28.0,計,,0,,,,,,,,0,0,,,,0,3045,,,0,0,,,,,0,,,,
0001,千房直営,000004,第4エリア,109   ,ぷれじでんとオー・エム・ホテル日航ビル店,2026/07/14,火,平日,,晴,35.0,28.0,計,277229,300000,0.9241,0.9241,271873,1.0197,34,18,8153.8,1.21,40,0.8500,29,1.1724,0,248071,0.8948,0.9058,0,93906,0.3387,0.3387,1.2336,1.2445,3712,4481.1,,0.0000,
0001,千房直営,000004,第4エリア,109   ,ぷれじでんとオー・エム・ホテル日航ビル店,2026/07/15,水,平日,,晴,34.0,28.0,計,178552,300000,0.5952,0.7596,387217,0.4611,32,15,5579.8,1.14,40,0.8000,37,0.8649,0,68421,0.3832,0.7011,0,90837,0.5087,0.4053,0.8919,1.1064,3694,2900.1,,0.0000,
0001,千房直営,000004,第4エリア,109   ,ぷれじでんとオー・エム・ホテル日航ビル店,2026/07/16,木,平日,,晴,34.0,29.0,計,193085,300000,0.6436,0.7210,361861,0.5336,38,19,5081.2,1.36,40,0.9500,44,0.8636,0,83147,0.4306,0.6206,0,65806,0.3408,0.3861,0.7714,1.0067,2738,4231.2,,0.0000,
0001,千房直営,000004,第4エリア,109   ,ぷれじでんとオー・エム・ホテル日航ビル店,2026/07/17,金,平日,,晴,35.0,27.0,計,408557,300000,1.3619,0.8812,379408,1.0768,51,21,8010.9,1.82,40,1.2750,53,0.9623,0,66566,0.1629,0.4438,0,82256,0.2013,0.3147,0.3643,0.7585,3441,7123.9,,0.0000,
0001,千房直営,000004,第4エリア,109   ,ぷれじでんとオー・エム・ホテル日航ビル店,2026/07/18,土,土曜,,曇,34.0,29.0,計,442700,550000,0.8049,0.8572,413564,1.0705,68,25,6510.3,2.43,65,1.0462,55,1.2364,0,170924,0.3861,0.4267,0,110896,0.2505,0.2958,0.6366,0.7225,4557,5828.8,,0.0000,
0001,千房直営,000004,第4エリア,109   ,ぷれじでんとオー・エム・ホテル日航ビル店,2026/07/19,日,日祝,,曇,34.0,28.0,計,592033,500000,1.1841,0.9298,577730,1.0248,67,26,8836.3,2.39,60,1.1167,83,0.8072,0,15392,0.0260,0.3133,0,117842,0.1990,0.2684,0.2250,0.5817,4802,7397.3,,0.0000,
0001,千房直営,000004,第4エリア,109   ,ぷれじでんとオー・エム・ホテル日航ビル店,2026/07/20,月,日祝,,晴,35.0,29.0,計,418604,450000,0.9302,0.9299,600050,0.6976,50,22,8372.1,1.79,55,0.9091,70,0.7143,0,78280,0.1870,0.2923,0,97600,0.2332,0.2625,0.4202,0.5548,4061,6184.7,,0.0000,
0001,千房直営,000004,第4エリア,109   ,ぷれじでんとオー・エム・ホテル日航ビル店,2026/07/21,火,平日,,晴,37.0,29.0,計,,0,,0.9299,,,,,,0,0,,,,0,7630,,0.2953,0,0,,0.2625,,0.5578,0,,,,
0001,千房直営,000004,第4エリア,109   ,ぷれじでんとオー・エム・ホテル日航ビル店,2026/07/22,水,平日,,晴,36.0,29.0,計,365963,300000,1.2199,0.9589,158100,2.3148,51,20,7175.7,1.82,40,1.2750,31,1.6452,0,102231,0.2793,0.2933,0,79254,0.2166,0.2567,0.4959,0.5500,3328,6597.9,,0.0000,
0001,千房直営,000004,第4エリア,109   ,ぷれじでんとオー・エム・ホテル日航ビル店,2026/07/23,木,平日,,晴,37.0,30.0,計,209506,300000,0.6984,0.9352,136286,1.5373,31,17,6758.3,1.11,40,0.7750,20,1.5500,0,64145,0.3062,0.2942,0,64870,0.3096,0.2603,0.6158,0.5544,2708,4641.9,,0.0000,
0001,千房直営,000004,第4エリア,109   ,ぷれじでんとオー・エム・ホテル日航ビル店,2026/07/24,金,平日,,晴,37.0,29.0,計,347417,300000,1.1581,0.9538,417645,0.8318,52,22,6681.1,1.86,40,1.3000,67,0.7761,0,205281,0.5909,0.3242,0,90042,0.2592,0.2602,0.8501,0.5843,3628,5745.6,,0.0000,
0001,千房直営,000004,第4エリア,109   ,ぷれじでんとオー・エム・ホテル日航ビル店,2026/07/25,土,土曜,,晴,36.0,29.0,計,584313,550000,1.0624,0.9682,416283,1.4036,61,22,9578.9,2.18,65,0.9385,72,0.8472,0,144916,0.2480,0.3131,0,111558,0.1909,0.2501,0.4389,0.5632,4560,7688.3,,0.0000,
0001,千房直営,000004,第4エリア,109   ,ぷれじでんとオー・エム・ホテル日航ビル店,2026/07/26,日,日祝,,晴,35.0,29.0,計,496414,500000,0.9928,0.9708,374040,1.3272,66,26,7521.4,2.36,60,1.1000,48,1.3750,0,25191,0.0507,0.2843,0,114570,0.2308,0.2480,0.2815,0.5322,4674,6372.5,,0.0000,
0001,千房直営,000004,第4エリア,109   ,ぷれじでんとオー・エム・ホテル日航ビル店,2026/07/27,月,平日,,晴,35.0,29.0,計,,0,,0.9708,,,,,,0,0,,,,0,,,0.2843,0,0,,0.2480,,0.5322,0,,,,
0001,千房直営,000004,第4エリア,109   ,ぷれじでんとオー・エム・ホテル日航ビル店,2026/07/28,火,平日,,晴,36.0,29.0,計,386357,300000,1.2879,0.9900,190077,2.0326,41,15,9423.3,1.46,40,1.0250,23,1.7826,0,126385,0.3271,0.2876,0,108610,0.2811,0.2506,0.6082,0.5382,4403,5264.9,,0.0000,
0001,千房直営,000004,第4エリア,109   ,ぷれじでんとオー・エム・ホテル日航ビル店,2026/07/29,水,平日,,曇,32.0,28.0,計,293023,300000,0.9767,0.9893,100720,2.9093,33,16,8879.5,1.18,40,0.8250,12,2.7500,0,39539,0.1349,0.2790,0,83658,0.2855,0.2526,0.4204,0.5316,3266,5383.2,,0.0000,
0001,千房直営,000004,第4エリア,109   ,ぷれじでんとオー・エム・ホテル日航ビル店,2026/07/30,木,平日,,晴,35.0,29.0,計,210631,300000,0.7021,0.9738,271479,0.7759,43,20,4898.4,1.54,40,1.0750,34,1.2647,0,129147,0.6131,0.2920,0,87152,0.4138,0.2588,1.0269,0.5509,3213,3933.4,,0.0000,
0001,千房直営,000004,第4エリア,109   ,ぷれじでんとオー・エム・ホテル日航ビル店,2026/07/31,金,平日,,晴,36.0,28.0,計,334652,250000,1.3386,0.9895,178370,1.8762,55,22,6084.6,1.96,30,1.8333,33,1.6667,0,37764,0.1128,0.2816,0,117489,0.3511,0.2642,0.4639,0.5458,4083,4917.7,,0.0000,
0001,千房直営,000004,第4エリア,111   ,ぷれじでんと大丸心斎橋店,2026/07/13,月,平日,,晴,33.0,28.0,計,351865,400000,0.8797,0.8797,371180,0.9480,58,25,6066.6,1.71,50,1.1600,67,0.8657,134444,266954,0.7587,0.7587,0,100327,0.2851,0.2851,1.0438,1.0438,4081,5173.2,,0.0000,
0001,千房直営,000004,第4エリア,111   ,ぷれじでんと大丸心斎橋店,2026/07/14,火,平日,,晴,35.0,28.0,計,232466,400000,0.5812,0.7304,239732,0.9697,38,16,6117.5,1.12,50,0.7600,48,0.7917,134444,201615,0.8673,0.8019,0,111388,0.4792,0.3623,1.3464,1.1642,4615,3022.3,,0.0000,
0001,千房直営,000004,第4エリア,111   ,ぷれじでんと大丸心斎橋店,2026/07/15,水,平日,,晴,34.0,28.0,計,400403,400000,1.0010,0.8206,301951,1.3261,65,22,6160.0,1.91,50,1.3000,50,1.3000,134444,51760,0.1293,0.5284,0,129092,0.3224,0.3461,0.4517,0.8745,5259,4568.2,,0.0000,
0001,千房直営,000004,第4エリア,111   ,ぷれじでんと大丸心斎橋店,2026/07/16,木,平日,,晴,34.0,29.0,計,395069,400000,0.9877,0.8624,465726,0.8483,66,28,5985.9,1.94,50,1.3200,60,1.1000,134444,65492,0.1658,0.4246,0,111015,0.2810,0.3275,0.4468,0.7520,4374,5419.3,,0.0000,
0001,千房直営,000004,第4エリア,111   ,ぷれじでんと大丸心斎橋店,2026/07/17,金,平日,,晴,35.0,27.0,計,427392,450000,0.9498,0.8816,421501,1.0140,59,24,7243.9,1.74,56,1.0536,54,1.0926,134444,157137,0.3677,0.4111,0,119691,0.2801,0.3162,0.6477,0.7274,4841,5297.2,,0.0000,
0001,千房直営,000004,第4エリア,111   ,ぷれじでんと大丸心斎橋店,2026/07/18,土,土曜,,曇,34.0,29.0,計,577445,750000,0.7699,0.8517,643168,0.8978,104,44,5552.4,3.06,93,1.1183,108,0.9630,252083,233633,0.4046,0.4095,0,154995,0.2684,0.3047,0.6730,0.7142,6148,5635.4,,0.0000,
0001,千房直営,000004,第4エリア,111   ,ぷれじでんと大丸心斎橋店,2026/07/19,日,日祝,,曇,34.0,28.0,計,953396,800000,1.1917,0.9272,806786,1.1817,131,54,7277.8,3.85,100,1.3100,106,1.2358,234750,19428,0.0204,0.2984,0,168527,0.1768,0.2681,0.1971,0.5665,6874,8321.8,,0.0000,
0001,千房直営,000004,第4エリア,111   ,ぷれじでんと大丸心斎橋店,2026/07/20,月,日祝,,晴,35.0,29.0,計,631400,750000,0.8419,0.9125,657566,0.9602,106,45,5956.6,3.12,94,1.1277,106,1.0000,234750,162215,0.2569,0.2918,0,141313,0.2238,0.2611,0.4807,0.5529,5671,6680.3,,0.0000,
0001,千房直営,000004,第4エリア,111   ,ぷれじでんと大丸心斎橋店,2026/07/21,火,平日,,晴,37.0,29.0,計,545253,400000,1.3631,0.9505,556463,0.9799,82,32,6649.4,2.41,50,1.6400,73,1.1233,134444,253887,0.4656,0.3128,0,116939,0.2145,0.2555,0.6801,0.5682,4641,7049.2,,0.0000,
0001,千房直営,000004,第4エリア,111   ,ぷれじでんと大丸心斎橋店,2026/07/22,水,平日,,晴,36.0,29.0,計,421103,400000,1.0528,0.9584,607600,0.6931,64,25,6579.7,1.88,50,1.2800,71,0.9014,134444,55848,0.1326,0.2974,0,102076,0.2424,0.2543,0.3750,0.5518,4072,6204.9,,0.0000,
0001,千房直営,000004,第4エリア,111   ,ぷれじでんと大丸心斎橋店,2026/07/23,木,平日,,晴,37.0,30.0,計,359857,400000,0.8996,0.9542,460751,0.7810,54,25,6664.0,1.59,50,1.0800,90,0.6000,134444,108095,0.3004,0.2976,0,93930,0.2610,0.2548,0.5614,0.5524,3883,5560.5,,0.0000,
0001,千房直営,000004,第4エリア,111   ,ぷれじでんと大丸心斎橋店,2026/07/24,金,平日,,晴,37.0,29.0,計,401622,450000,0.8925,0.9495,437468,0.9181,61,27,6584.0,1.79,56,1.0893,52,1.1731,134444,285258,0.7103,0.3267,0,99116,0.2468,0.2542,0.9571,0.5809,3817,6313.2,,0.0000,
0001,千房直営,000004,第4エリア,111   ,ぷれじでんと大丸心斎橋店,2026/07/25,土,土曜,,晴,36.0,29.0,計,654746,750000,0.8730,0.9410,529543,1.2364,98,38,6681.1,2.88,93,1.0538,83,1.1807,252083,248975,0.3803,0.3322,0,163608,0.2499,0.2538,0.6301,0.5860,6357,6179.8,,0.0000,
0001,千房直営,000004,第4エリア,111   ,ぷれじでんと大丸心斎橋店,2026/07/26,日,日祝,,晴,35.0,29.0,計,704777,750000,0.9397,0.9409,781966,0.9013,104,39,6776.7,3.06,94,1.1064,101,1.0297,234750,17448,0.0248,0.3015,0,151319,0.2147,0.2499,0.2395,0.5514,5754,7349.1,,0.0000,
0001,千房直営,000004,第4エリア,111   ,ぷれじでんと大丸心斎橋店,2026/07/27,月,平日,,晴,35.0,29.0,計,497582,400000,1.2440,0.9563,414043,1.2018,69,29,7211.3,2.03,50,1.3800,74,0.9324,134444,245214,0.4928,0.3141,0,146397,0.2942,0.2528,0.7870,0.5669,5117,5834.5,,0.0000,
0001,千房直営,000004,第4エリア,111   ,ぷれじでんと大丸心斎橋店,2026/07/28,火,平日,,晴,36.0,29.0,計,433636,400000,1.0841,0.9624,473725,0.9154,69,32,6284.6,2.03,50,1.3800,65,1.0615,134444,136088,0.3138,0.3141,0,125786,0.2901,0.2548,0.6039,0.5689,4449,5848.1,,0.0000,
0001,千房直営,000004,第4エリア,111   ,ぷれじでんと大丸心斎橋店,2026/07/29,水,平日,,曇,32.0,28.0,計,373234,400000,0.9331,0.9611,475099,0.7856,57,23,6548.0,1.68,50,1.1400,61,0.9344,134444,73904,0.1980,0.3089,0,117031,0.3136,0.2574,0.5116,0.5664,4053,5525.3,,0.0000,
0001,千房直営,000004,第4エリア,111   ,ぷれじでんと大丸心斎橋店,2026/07/30,木,平日,,晴,35.0,29.0,計,397256,400000,0.9931,0.9625,422417,0.9404,69,24,5757.3,2.03,50,1.3800,57,1.2105,134444,,0.0000,0.2949,0,123156,0.3100,0.2598,0.3100,0.5547,4302,5540.5,,0.0000,
0001,千房直営,000004,第4エリア,111   ,ぷれじでんと大丸心斎橋店,2026/07/31,金,平日,,晴,36.0,28.0,計,312758,450000,0.6950,0.9499,188414,1.6600,48,24,6515.8,1.41,56,0.8571,39,1.2308,134444,,0.0000,0.2847,0,128371,0.4104,0.2650,0.4104,0.5498,4449,4217.9,,0.0000,
0001,千房直営,000004,第4エリア,112   ,琥 虎ノ門,2026/07/13,月,平日,,雨,28.0,25.0,計,171000,190000,0.9000,0.9000,388060,0.4407,4,2,42750.0,0.29,14,0.2857,27,0.1481,0,29207,0.1708,0.1708,0,34391,0.2011,0.2011,0.3719,0.3719,1461,7022.6,,0.0000,
0001,千房直営,000004,第4エリア,112   ,琥 虎ノ門,2026/07/14,火,平日,,晴,33.0,25.0,計,142600,190000,0.7505,0.8253,209360,0.6811,10,5,14260.0,0.71,14,0.7143,14,0.7143,0,31217,0.2189,0.1927,0,34772,0.2438,0.2205,0.4628,0.4132,1501,5700.2,,0.0000,
0001,千房直営,000004,第4エリア,112   ,琥 虎ノ門,2026/07/15,水,平日,,晴,33.0,27.0,計,200890,190000,1.0573,0.9026,164550,1.2208,15,4,13392.7,1.07,14,1.0714,14,1.0714,0,17672,0.0880,0.1518,0,64377,0.3205,0.2596,0.4084,0.4114,2551,4725.0,,0.0000,
0001,千房直営,000004,第4エリア,112   ,琥 虎ノ門,2026/07/16,木,平日,,晴,33.0,27.0,計,198900,190000,1.0468,0.9387,316975,0.6275,13,5,15300.0,0.93,14,0.9286,19,0.6842,0,72200,0.3630,0.2107,0,54253,0.2728,0.2632,0.6358,0.4739,2162,5519.9,,0.0000,
0001,千房直営,000004,第4エリア,112   ,琥 虎ノ門,2026/07/17,金,平日,,雨,30.0,27.0,計,279250,190000,1.4697,1.0449,6600,42.3106,15,6,18616.7,1.07,14,1.0714,1,15.0000,0,25226,0.0903,0.1768,0,45431,0.1627,0.2350,0.2530,0.4118,1910,8772.3,,0.0000,
0001,千房直営,000004,第4エリア,112   ,琥 虎ノ門,2026/07/18,土,土曜,,曇,29.0,26.0,計,96170,180000,0.5343,0.9635,241800,0.3977,12,3,8014.2,0.86,13,0.9231,14,0.8571,0,67439,0.7012,0.2231,0,59819,0.6220,0.2691,1.3233,0.4923,2422,2382.4,,0.0000,
0001,千房直営,000004,第4エリア,112   ,琥 虎ノ門,2026/07/19,日,日祝,,晴,32.0,26.0,計,102150,170000,0.6009,0.9161,595340,0.1716,7,3,14592.9,0.50,12,0.5833,15,0.4667,0,3616,0.0354,0.2070,0,44483,0.4355,0.2834,0.4709,0.4904,1788,3427.9,,0.0000,
0001,千房直営,000004,第4エリア,112   ,琥 虎ノ門,2026/07/20,月,日祝,,晴,35.0,26.0,計,15700,170000,0.0924,0.8209,81050,0.1937,2,1,7850.0,0.14,12,0.1667,8,0.2500,0,11529,0.7343,0.2139,0,46294,2.9487,0.3181,3.6830,0.5320,1837,512.8,,0.0000,
0001,千房直営,000004,第4エリア,112   ,琥 虎ノ門,2026/07/21,火,平日,,晴,34.0,27.0,計,318200,190000,1.6747,0.9186,77710,4.0947,17,6,18717.6,1.21,14,1.2143,5,3.4000,0,18189,0.0572,0.1812,0,70841,0.2226,0.2982,0.2798,0.4794,2827,6753.4,,0.0000,
0001,千房直営,000004,第4エリア,112   ,琥 虎ノ門,2026/07/22,水,平日,,晴,35.0,28.0,計,146230,190000,0.7696,0.9033,207420,0.7050,9,3,16247.8,0.64,14,0.6429,17,0.5294,0,28433,0.1944,0.1824,0,49313,0.3372,0.3016,0.5317,0.4839,1949,4501.7,,0.0000,
0001,千房直営,000004,第4エリア,112   ,琥 虎ノ門,2026/07/23,木,平日,,晴,35.0,29.0,計,469220,190000,2.4696,1.0492,216240,2.1699,23,7,20400.9,1.64,14,1.6429,13,1.7692,0,18592,0.0396,0.1511,0,68162,0.1453,0.2673,0.1849,0.4184,2691,10462.0,,0.0000,
0001,千房直営,000004,第4エリア,112   ,琥 虎ノ門,2026/07/24,金,平日,,曇,33.0,27.0,計,45350,190000,0.2387,0.9801,200180,0.2265,2,1,22675.0,0.14,14,0.1429,15,0.1333,0,71280,1.5718,0.1805,0,45283,0.9985,0.2825,2.5703,0.4630,1872,1453.5,,0.0000,
0001,千房直営,000004,第4エリア,112   ,琥 虎ノ門,2026/07/25,土,土曜,,曇,35.0,25.0,計,104990,170000,0.6176,0.9544,50960,2.0602,5,1,20998.0,0.36,12,0.4167,6,0.8333,0,19410,0.1849,0.1807,0,37600,0.3581,0.2860,0.5430,0.4667,1575,3999.6,,0.0000,
0001,千房直営,000004,第4エリア,112   ,琥 虎ノ門,2026/07/26,日,日祝,,雨,32.0,25.0,計,111800,170000,0.6576,0.9348,118730,0.9416,5,2,22360.0,0.36,12,0.4167,12,0.4167,0,2182,0.0195,0.1732,0,43133,0.3858,0.2906,0.4053,0.4638,1653,4058.1,,0.0000,
0001,千房直営,000004,第4エリア,112   ,琥 虎ノ門,2026/07/27,月,平日,,曇,29.0,25.0,計,140850,190000,0.7413,0.9215,300050,0.4694,9,3,15650.0,0.64,14,0.6429,17,0.5294,0,16076,0.1141,0.1700,0,60378,0.4287,0.2982,0.5428,0.4682,2033,4156.9,,0.0000,
0001,千房直営,000004,第4エリア,112   ,琥 虎ノ門,2026/07/28,火,平日,,雨,28.0,22.0,計,213530,190000,1.1238,0.9345,265190,0.8052,14,5,15252.1,1.00,14,1.0000,11,1.2727,0,19957,0.0935,0.1640,0,77866,0.3647,0.3034,0.4581,0.4674,2641,4851.1,,0.0000,
0001,千房直営,000004,第4エリア,112   ,琥 虎ノ門,2026/07/29,水,平日,,晴,34.0,24.0,計,338324,190000,1.7807,0.9857,163595,2.0681,21,5,16110.7,1.50,14,1.5000,15,1.4000,0,13105,0.0387,0.1503,0,83782,0.2476,0.2973,0.2864,0.4476,2729,7438.4,,0.0000,
0001,千房直営,000004,第4エリア,112   ,琥 虎ノ門,2026/07/30,木,平日,,曇,34.0,27.0,計,208960,190000,1.0998,0.9922,231470,0.9028,13,5,16073.8,0.93,14,0.9286,15,0.8667,0,37906,0.1814,0.1523,0,52702,0.2522,0.2944,0.4336,0.4468,1815,6907.8,,0.0000,
0001,千房直営,000004,第4エリア,112   ,琥 虎ノ門,2026/07/31,金,平日,,曇,34.0,27.0,計,53700,190000,0.2826,0.9539,305880,0.1756,6,4,8950.0,0.43,14,0.4286,23,0.2609,0,22800,0.4246,0.1567,0,53054,0.9880,0.3055,1.4126,0.4622,1740,1851.7,,0.0000,
0001,千房直営,000004,第4エリア,113   ,ぷれじでんとRetreat,2026/07/13,月,平日,,晴,33.0,27.0,計,60130,80000,0.7516,0.7516,40767,1.4750,5,1,12026.0,0.50,7,0.7143,4,1.2500,0,10087,0.1678,0.1678,0,18757,0.3119,0.3119,0.4797,0.4797,772,4673.3,,0.0000,
0001,千房直営,000004,第4エリア,113   ,ぷれじでんとRetreat,2026/07/14,火,平日,,晴,34.0,28.0,計,11950,85000,0.1406,0.4368,0,,2,1,5975.0,0.20,7,0.2857,0,,0,5848,0.4894,0.2211,0,13803,1.1551,0.4517,1.6444,0.6728,567,1264.6,,0.0000,
0001,千房直営,000004,第4エリア,113   ,ぷれじでんとRetreat,2026/07/15,水,平日,,晴,34.0,28.0,計,,85000,0.0000,0.2883,176951,0.0000,,,,0,7,0.0000,9,0.0000,0,13406,,0.4071,0,10138,,0.5924,,0.9994,400,0,,,
0001,千房直営,000004,第4エリア,113   ,ぷれじでんとRetreat,2026/07/16,木,平日,,晴,34.0,29.0,計,0,90000,0.0000,0.2120,97420,0.0000,0,0,,0.00,8,0.0000,7,0.0000,0,13998,,0.6013,0,0,,0.5924,,1.1936,0,,,,
0001,千房直営,000004,第4エリア,113   ,ぷれじでんとRetreat,2026/07/17,金,平日,,晴,35.0,27.0,計,99480,100000,0.9948,0.3899,103756,0.9588,7,2,14211.4,0.70,9,0.7778,8,0.8750,0,900,0.0090,0.2579,0,20000,0.2010,0.3655,0.2101,0.6233,815,7323.7,,0.0000,
0001,千房直営,000004,第4エリア,113   ,ぷれじでんとRetreat,2026/07/18,土,土曜,,曇,34.0,29.0,計,153730,85000,1.8086,0.6196,102763,1.4960,9,3,17081.1,0.90,7,1.2857,8,1.1250,0,2642,0.0172,0.1441,0,31643,0.2058,0.2900,0.2230,0.4341,1240,7438.5,,0.0000,
0001,千房直営,000004,第4エリア,113   ,ぷれじでんとRetreat,2026/07/19,日,日祝,,曇,34.0,28.0,計,,30000,0.0000,0.5861,58010,0.0000,,,,0,3,0.0000,4,0.0000,0,,,0.1441,0,0,,0.2900,,0.4341,0,,,,
0001,千房直営,000004,第4エリア,113   ,ぷれじでんとRetreat,2026/07/20,月,日祝,,晴,35.0,29.0,計,,0,,0.5861,,,,,,0,0,,,,0,,,0.1441,0,0,,0.2900,,0.4341,0,,,,
0001,千房直営,000004,第4エリア,113   ,ぷれじでんとRetreat,2026/07/21,火,平日,,晴,37.0,29.0,計,137738,85000,1.6204,0.7235,121110,1.1373,9,2,15304.2,0.90,7,1.2857,7,1.2857,0,57296,0.4160,0.2250,0,19935,0.1447,0.2468,0.5607,0.4718,827,9993.1,,0.0000,
0001,千房直営,000004,第4エリア,113   ,ぷれじでんとRetreat,2026/07/22,水,平日,,晴,36.0,29.0,計,125600,90000,1.3956,0.8063,111660,1.1248,6,1,20933.3,0.60,8,0.7500,8,0.7500,0,6237,0.0497,0.1876,0,31826,0.2534,0.2482,0.3030,0.4358,1293,5828.3,,0.0000,
0001,千房直営,000004,第4エリア,113   ,ぷれじでんとRetreat,2026/07/23,木,平日,,晴,37.0,30.0,計,54880,90000,0.6098,0.7848,82370,0.6663,4,2,13720.0,0.40,8,0.5000,6,0.6667,0,8276,0.1508,0.1844,0,17378,0.3167,0.2540,0.4675,0.4385,683,4821.1,,0.0000,
0001,千房直営,000004,第4エリア,113   ,ぷれじでんとRetreat,2026/07/24,金,平日,,晴,37.0,29.0,計,0,100000,0.0000,0.6995,128196,0.0000,0,0,,0.00,9,0.0000,8,0.0000,0,30134,,0.2313,0,15085,,0.2775,,0.5088,621,0.0,,,
0001,千房直営,000004,第4エリア,113   ,ぷれじでんとRetreat,2026/07/25,土,土曜,,晴,36.0,28.0,計,,85000,0.0000,0.6403,73355,0.0000,,,,0,7,0.0000,7,0.0000,0,,,0.2313,0,0,,0.2775,,0.5088,0,,,,
0001,千房直営,000004,第4エリア,113   ,ぷれじでんとRetreat,2026/07/26,日,日祝,,晴,35.0,28.0,計,,0,,0.6403,0,,,,,0,0,,0,,0,,,0.2313,0,0,,0.2775,,0.5088,0,,,,
0001,千房直営,000004,第4エリア,113   ,ぷれじでんとRetreat,2026/07/27,月,平日,,晴,35.0,28.0,計,117594,80000,1.4699,0.7015,129650,0.9070,9,2,13066.0,0.90,7,1.2857,10,0.9000,0,5495,0.0467,0.2028,0,29902,0.2543,0.2739,0.3010,0.4767,1224,5764.4,,0.0000,
0001,千房直営,000004,第4エリア,113   ,ぷれじでんとRetreat,2026/07/28,火,平日,,晴,35.0,28.0,計,,85000,0.0000,0.6505,0,,,,,0,7,0.0000,0,,0,3978,,0.2080,0,11846,,0.2895,,0.4975,480,0,,,
0001,千房直営,000004,第4エリア,113   ,ぷれじでんとRetreat,2026/07/29,水,平日,,曇,32.0,28.0,計,,85000,0.0000,0.6065,51280,0.0000,,,,0,7,0.0000,5,0.0000,0,10080,,0.2212,0,15543,,0.3099,,0.5311,610,0,,,
0001,千房直営,000004,第4エリア,113   ,ぷれじでんとRetreat,2026/07/30,木,平日,,晴,35.0,28.0,計,118248,90000,1.3139,0.6538,88920,1.3298,4,2,29562.0,0.40,8,0.5000,6,0.6667,0,4245,0.0359,0.1963,0,35051,0.2964,0.3081,0.3323,0.5044,1218,5825.0,,0.0000,
0001,千房直営,000004,第4エリア,113   ,ぷれじでんとRetreat,2026/07/31,金,平日,,晴,36.0,28.0,計,87573,90000,0.9730,0.6738,40930,2.1396,6,2,14595.5,0.60,8,0.7500,4,1.5000,0,76852,0.8776,0.2580,0,30077,0.3435,0.3113,1.2210,0.5693,1084,4847.2,,0.0000,
0001,千房直営,000001,第1エリア,301   ,道頓堀ビル店,2026/07/13,月,平日,,晴,33.0,28.0,計,1351586,1700000,0.7951,0.7951,1596927,0.8464,554,183,2439.7,2.99,0,,703,0.7881,0,220652,0.1633,0.1633,0,293447,0.2171,0.2171,0.3804,0.3804,12651,6410.2,,0.0000,
0001,千房直営,000001,第1エリア,301   ,道頓堀ビル店,2026/07/14,火,平日,,晴,35.0,28.0,計,1446406,1700000,0.8508,0.8229,1205367,1.2000,617,185,2344.3,3.34,0,,567,1.0882,0,545878,0.3774,0.2740,0,267198,0.1847,0.2004,0.5621,0.4743,11585,7491.1,,0.0000,
0001,千房直営,000001,第1エリア,301   ,道頓堀ビル店,2026/07/15,水,平日,,晴,34.0,28.0,計,1238017,1700000,0.7282,0.7914,1567678,0.7897,498,170,2486.0,2.69,0,,679,0.7334,0,157280,0.1270,0.2289,0,286611,0.2315,0.2099,0.3586,0.4388,12391,5994.8,,0.0000,
0001,千房直営,000001,第1エリア,301   ,道頓堀ビル店,2026/07/16,木,平日,,晴,34.0,29.0,計,1138061,1700000,0.6694,0.7609,1269842,0.8962,471,180,2416.3,2.55,0,,573,0.8220,0,341768,0.3003,0.2446,0,249404,0.2191,0.2120,0.5195,0.4566,10687,6389.4,,0.0000,
0001,千房直営,000001,第1エリア,301   ,道頓堀ビル店,2026/07/17,金,平日,,晴,35.0,27.0,計,1510081,1700000,0.8883,0.7864,1357208,1.1126,617,210,2447.5,3.34,0,,596,1.0352,0,604032,0.4000,0.2797,0,272198,0.1803,0.2048,0.5803,0.4845,11717,7732.8,,0.0000,
0001,千房直営,000001,第1エリア,301   ,道頓堀ビル店,2026/07/18,土,土曜,,曇,34.0,29.0,計,1593806,1950000,0.8173,0.7921,1893519,0.8417,630,238,2529.9,3.41,0,,833,0.7563,0,667526,0.4188,0.3065,0,311404,0.1954,0.2030,0.6142,0.5095,13560,7052.2,,0.0000,
0001,千房直営,000001,第1エリア,301   ,道頓堀ビル店,2026/07/19,日,日祝,,曇,34.0,28.0,計,1717221,2000000,0.8586,0.8028,1847940,0.9293,733,265,2342.7,3.96,0,,842,0.8705,0,,0.0000,0.2538,0,309440,0.1802,0.1991,0.1802,0.4529,13500,7632.1,,0.0000,
0001,千房直営,000001,第1エリア,301   ,道頓堀ビル店,2026/07/20,月,日祝,,晴,35.0,29.0,計,1157582,1700000,0.6809,0.7882,2028800,0.5706,512,179,2260.9,2.77,0,,886,0.5779,0,50942,0.0440,0.2321,0,288492,0.2492,0.2043,0.2932,0.4363,12741,5451.3,,0.0000,
0001,千房直営,000001,第1エリア,301   ,道頓堀ビル店,2026/07/21,火,平日,,晴,37.0,29.0,計,1058835,1700000,0.6228,0.7704,1432155,0.7393,465,176,2277.1,2.51,0,,685,0.6788,0,357993,0.3381,0.2413,0,250941,0.2370,0.2071,0.5751,0.4484,11303,5620.6,,0.0000,
0001,千房直営,000001,第1エリア,301   ,道頓堀ビル店,2026/07/22,水,平日,,晴,36.0,29.0,計,1201540,1700000,0.7068,0.7643,2008373,0.5983,484,180,2482.5,2.62,0,,718,0.6741,0,259097,0.2156,0.2390,0,268297,0.2233,0.2086,0.4389,0.4475,11738,6141.8,,0.0000,
0001,千房直営,000001,第1エリア,301   ,道頓堀ビル店,2026/07/23,木,平日,,晴,37.0,30.0,計,1312065,1700000,0.7718,0.7649,1575396,0.8328,532,185,2466.3,2.88,0,,664,0.8012,0,163899,0.1249,0.2288,0,240691,0.1834,0.2063,0.3084,0.4351,10501,7496.8,,0.0000,
0001,千房直営,000001,第1エリア,301   ,道頓堀ビル店,2026/07/24,金,平日,,晴,37.0,29.0,計,1163519,1700000,0.6844,0.7584,1428221,0.8147,483,178,2408.9,2.61,0,,664,0.7274,0,423765,0.3642,0.2387,0,237779,0.2044,0.2062,0.5686,0.4449,10408,6707.5,,0.0000,
0001,千房直営,000001,第1エリア,301   ,道頓堀ビル店,2026/07/25,土,土曜,,晴,36.0,29.0,計,1158678,2000000,0.5793,0.7428,1938972,0.5976,521,189,2224.0,2.82,0,,844,0.6173,0,478199,0.4127,0.2505,0,308178,0.2660,0.2102,0.6787,0.4608,13558,5127.7,,0.0000,
0001,千房直営,000001,第1エリア,301   ,道頓堀ビル店,2026/07/26,日,日祝,,晴,35.0,29.0,計,1665777,2000000,0.8329,0.7500,2013152,0.8274,706,246,2359.5,3.82,0,,947,0.7455,0,69960,0.0420,0.2320,0,311825,0.1872,0.2082,0.2292,0.4402,13678,7307.1,,0.0000,
0001,千房直営,000001,第1エリア,301   ,道頓堀ビル店,2026/07/27,月,平日,,晴,35.0,29.0,計,1320910,1700000,0.7770,0.7517,1741217,0.7586,556,207,2375.7,3.01,0,,811,0.6856,0,68169,0.0516,0.2201,0,247795,0.1876,0.2068,0.2392,0.4269,10690,7413.9,,0.0000,
0001,千房直営,000001,第1エリア,301   ,道頓堀ビル店,2026/07/28,火,平日,,晴,36.0,29.0,計,1382559,1700000,0.8133,0.7554,1658444,0.8336,544,200,2541.5,2.94,0,,748,0.7273,0,567956,0.4108,0.2324,0,251392,0.1818,0.2052,0.5926,0.4376,10851,7644.8,,0.0000,
0001,千房直営,000001,第1エリア,301   ,道頓堀ビル店,2026/07/29,水,平日,,曇,32.0,28.0,計,1598765,1700000,0.9405,0.7659,1607234,0.9947,719,240,2223.6,3.89,0,,741,0.9703,0,104830,0.0656,0.2208,0,276476,0.1729,0.2030,0.2385,0.4238,11342,8457.6,,0.0000,
0001,千房直営,000001,第1エリア,301   ,道頓堀ビル店,2026/07/30,木,平日,,晴,35.0,29.0,計,1493436,1700000,0.8785,0.7719,1516967,0.9845,605,207,2468.5,3.27,0,,689,0.8781,0,116621,0.0781,0.2121,0,281285,0.1883,0.2021,0.2664,0.4142,11489,7799.3,,0.0000,
0001,千房直営,000001,第1エリア,301   ,道頓堀ビル店,2026/07/31,金,平日,,晴,36.0,28.0,計,1366315,1700000,0.8037,0.7735,1262824,1.0820,599,190,2281.0,3.24,0,,578,1.0363,0,106407,0.0779,0.2050,0,309111,0.2262,0.2034,0.3041,0.4084,12187,6726.7,,0.0000,
0001,千房直営,600000,本社,333   ,検証,2026/07/13,月,平日,,晴,33.0,28.0,計,,,,,,,,,,,,,,,,,,,,0,,,,,0,,,,
0001,千房直営,600000,本社,333   ,検証,2026/07/14,火,平日,,晴,35.0,28.0,計,,,,,,,,,,,,,,,,,,,,0,,,,,0,,,,
0001,千房直営,600000,本社,333   ,検証,2026/07/15,水,平日,,晴,34.0,28.0,計,,,,,,,,,,,,,,,,,,,,0,,,,,0,,,,
0001,千房直営,600000,本社,333   ,検証,2026/07/16,木,平日,,晴,34.0,29.0,計,,,,,,,,,,,,,,,,,,,,0,,,,,0,,,,
0001,千房直営,600000,本社,333   ,検証,2026/07/17,金,平日,,晴,35.0,27.0,計,,,,,,,,,,,,,,,,,,,,0,,,,,0,,,,
0001,千房直営,600000,本社,333   ,検証,2026/07/18,土,土曜,,曇,34.0,29.0,計,,,,,,,,,,,,,,,,,,,,0,,,,,0,,,,
0001,千房直営,600000,本社,333   ,検証,2026/07/19,日,日祝,,曇,34.0,28.0,計,,,,,,,,,,,,,,,,,,,,0,,,,,0,,,,
0001,千房直営,600000,本社,333   ,検証,2026/07/20,月,日祝,,晴,35.0,29.0,計,,,,,,,,,,,,,,,,,,,,0,,,,,0,,,,
0001,千房直営,600000,本社,333   ,検証,2026/07/21,火,平日,,晴,37.0,29.0,計,,,,,,,,,,,,,,,,,,,,0,,,,,0,,,,
0001,千房直営,600000,本社,333   ,検証,2026/07/22,水,平日,,晴,36.0,29.0,計,,,,,,,,,,,,,,,,,,,,0,,,,,0,,,,
0001,千房直営,600000,本社,333   ,検証,2026/07/23,木,平日,,晴,37.0,30.0,計,,,,,,,,,,,,,,,,,,,,0,,,,,0,,,,
0001,千房直営,600000,本社,333   ,検証,2026/07/24,金,平日,,晴,37.0,29.0,計,,,,,,,,,,,,,,,,,,,,0,,,,,0,,,,
0001,千房直営,600000,本社,333   ,検証,2026/07/25,土,土曜,,晴,36.0,29.0,計,,,,,,,,,,,,,,,,,,,,0,,,,,0,,,,
0001,千房直営,600000,本社,333   ,検証,2026/07/26,日,日祝,,晴,35.0,29.0,計,,,,,,,,,,,,,,,,,,,,0,,,,,0,,,,
0001,千房直営,600000,本社,333   ,検証,2026/07/27,月,平日,,晴,35.0,29.0,計,,,,,,,,,,,,,,,,,,,,0,,,,,0,,,,
0001,千房直営,600000,本社,333   ,検証,2026/07/28,火,平日,,晴,36.0,29.0,計,,,,,,,,,,,,,,,,,,,,0,,,,,0,,,,
0001,千房直営,600000,本社,333   ,検証,2026/07/29,水,平日,,曇,32.0,28.0,計,,,,,,,,,,,,,,,,,,,,0,,,,,0,,,,
0001,千房直営,600000,本社,333   ,検証,2026/07/30,木,平日,,晴,35.0,29.0,計,,,,,,,,,,,,,,,,,,,,0,,,,,0,,,,
0001,千房直営,600000,本社,333   ,検証,2026/07/31,金,平日,,晴,36.0,28.0,計,,,,,,,,,,,,,,,,,,,,0,,,,,0,,,,
0001,千房直営,600000,本社,350   ,直営統括共通,2026/07/13,月,平日,,晴,33.0,28.0,計,,,,,,,,,,,,,,,,,,,,0,,,,,0,,,,
0001,千房直営,600000,本社,350   ,直営統括共通,2026/07/14,火,平日,,晴,34.0,28.0,計,,,,,,,,,,,,,,,,,,,,0,,,,,0,,,,
0001,千房直営,600000,本社,350   ,直営統括共通,2026/07/15,水,平日,,晴,34.0,28.0,計,,,,,,,,,,,,,,,,,,,,0,,,,,0,,,,
0001,千房直営,600000,本社,350   ,直営統括共通,2026/07/16,木,平日,,晴,34.0,29.0,計,,,,,,,,,,,,,,,,,,,,0,,,,,0,,,,
0001,千房直営,600000,本社,350   ,直営統括共通,2026/07/17,金,平日,,晴,35.0,27.0,計,,,,,,,,,,,,,,,,,,,,0,,,,,0,,,,
0001,千房直営,600000,本社,350   ,直営統括共通,2026/07/18,土,土曜,,曇,34.0,29.0,計,,,,,,,,,,,,,,,,,,,,0,,,,,0,,,,
0001,千房直営,600000,本社,350   ,直営統括共通,2026/07/19,日,日祝,,曇,34.0,28.0,計,,,,,,,,,,,,,,,,,,,,0,,,,,0,,,,
0001,千房直営,600000,本社,350   ,直営統括共通,2026/07/20,月,日祝,,晴,35.0,29.0,計,,,,,,,,,,,,,,,,,,,,0,,,,,0,,,,
0001,千房直営,600000,本社,350   ,直営統括共通,2026/07/21,火,平日,,晴,37.0,29.0,計,,,,,,,,,,,,,,,,,,,,0,,,,,0,,,,
0001,千房直営,600000,本社,350   ,直営統括共通,2026/07/22,水,平日,,晴,36.0,29.0,計,,,,,,,,,,,,,,,,,,,,0,,,,,0,,,,
0001,千房直営,600000,本社,350   ,直営統括共通,2026/07/23,木,平日,,晴,37.0,30.0,計,,,,,,,,,,,,,,,,,,,,0,,,,,0,,,,
0001,千房直営,600000,本社,350   ,直営統括共通,2026/07/24,金,平日,,晴,37.0,29.0,計,,,,,,,,,,,,,,,,,,,,0,,,,,0,,,,
0001,千房直営,600000,本社,350   ,直営統括共通,2026/07/25,土,土曜,,晴,36.0,29.0,計,,,,,,,,,,,,,,,,,,,,0,,,,,0,,,,
0001,千房直営,600000,本社,350   ,直営統括共通,2026/07/26,日,日祝,,晴,36.0,28.0,計,,,,,,,,,,,,,,,,,,,,0,,,,,0,,,,
0001,千房直営,600000,本社,350   ,直営統括共通,2026/07/27,月,平日,,晴,35.0,29.0,計,,,,,,,,,,,,,,,,,,,,0,,,,,0,,,,
0001,千房直営,600000,本社,350   ,直営統括共通,2026/07/28,火,平日,,晴,36.0,28.0,計,,,,,,,,,,,,,,,,,,,,0,,,,,0,,,,
0001,千房直営,600000,本社,350   ,直営統括共通,2026/07/29,水,平日,,曇,32.0,28.0,計,,,,,,,,,,,,,,,,,,,,0,,,,,0,,,,
0001,千房直営,600000,本社,350   ,直営統括共通,2026/07/30,木,平日,,晴,35.0,29.0,計,,,,,,,,,,,,,,,,,,,,0,,,,,0,,,,
0001,千房直営,600000,本社,350   ,直営統括共通,2026/07/31,金,平日,,晴,36.0,28.0,計,,,,,,,,,,,,,,,,,,,,0,,,,,0,,,,
0001,千房直営,600000,本社,352   ,商品企画,2026/07/13,月,平日,,晴,33.0,28.0,計,,,,,,,,,,,,,,,,,,,,0,,,,,0,,,,
0001,千房直営,600000,本社,352   ,商品企画,2026/07/14,火,平日,,晴,34.0,28.0,計,,,,,,,,,,,,,,,,,,,,0,,,,,0,,,,
0001,千房直営,600000,本社,352   ,商品企画,2026/07/15,水,平日,,晴,34.0,28.0,計,,,,,,,,,,,,,,,,,,,,0,,,,,0,,,,
0001,千房直営,600000,本社,352   ,商品企画,2026/07/16,木,平日,,晴,34.0,29.0,計,,,,,,,,,,,,,,,,,,,,0,,,,,0,,,,
0001,千房直営,600000,本社,352   ,商品企画,2026/07/17,金,平日,,晴,35.0,27.0,計,,,,,,,,,,,,,,,,,,,,0,,,,,0,,,,
0001,千房直営,600000,本社,352   ,商品企画,2026/07/18,土,土曜,,曇,34.0,29.0,計,,,,,,,,,,,,,,,,,,,,0,,,,,0,,,,
0001,千房直営,600000,本社,352   ,商品企画,2026/07/19,日,日祝,,曇,34.0,28.0,計,,,,,,,,,,,,,,,,,,,,0,,,,,0,,,,
0001,千房直営,600000,本社,352   ,商品企画,2026/07/20,月,日祝,,晴,35.0,29.0,計,,,,,,,,,,,,,,,,,,,,0,,,,,0,,,,
0001,千房直営,600000,本社,352   ,商品企画,2026/07/21,火,平日,,晴,37.0,29.0,計,,,,,,,,,,,,,,,,,,,,0,,,,,0,,,,
0001,千房直営,600000,本社,352   ,商品企画,2026/07/22,水,平日,,晴,36.0,29.0,計,,,,,,,,,,,,,,,,,,,,0,,,,,0,,,,
0001,千房直営,600000,本社,352   ,商品企画,2026/07/23,木,平日,,晴,37.0,30.0,計,,,,,,,,,,,,,,,,,,,,0,,,,,0,,,,
0001,千房直営,600000,本社,352   ,商品企画,2026/07/24,金,平日,,晴,37.0,29.0,計,,,,,,,,,,,,,,,,,,,,0,,,,,0,,,,
0001,千房直営,600000,本社,352   ,商品企画,2026/07/25,土,土曜,,晴,36.0,29.0,計,,,,,,,,,,,,,,,,,,,,0,,,,,0,,,,
0001,千房直営,600000,本社,352   ,商品企画,2026/07/26,日,日祝,,晴,36.0,28.0,計,,,,,,,,,,,,,,,,,,,,0,,,,,0,,,,
0001,千房直営,600000,本社,352   ,商品企画,2026/07/27,月,平日,,晴,35.0,29.0,計,,,,,,,,,,,,,,,,,,,,0,,,,,0,,,,
0001,千房直営,600000,本社,352   ,商品企画,2026/07/28,火,平日,,晴,36.0,28.0,計,,,,,,,,,,,,,,,,,,,,0,,,,,0,,,,
0001,千房直営,600000,本社,352   ,商品企画,2026/07/29,水,平日,,曇,32.0,28.0,計,,,,,,,,,,,,,,,,,,,,0,,,,,0,,,,
0001,千房直営,600000,本社,352   ,商品企画,2026/07/30,木,平日,,晴,35.0,29.0,計,,,,,,,,,,,,,,,,,,,,0,,,,,0,,,,
0001,千房直営,600000,本社,352   ,商品企画,2026/07/31,金,平日,,晴,36.0,28.0,計,,,,,,,,,,,,,,,,,,,,0,,,,,0,,,,
0001,千房直営,000001,第1エリア,702   ,Chibo`s Kitchen ららぽーと甲子園店,2026/07/13,月,平日,,曇,33.0,27.0,計,113219,120000,0.9435,0.9435,92460,1.2245,160,160,707.6,,0,,112,1.4286,0,58515,0.5168,0.5168,0,29206,0.2580,0.2580,0.7748,0.7748,1261,5387.1,,0.0000,
0001,千房直営,000001,第1エリア,702   ,Chibo`s Kitchen ららぽーと甲子園店,2026/07/14,火,平日,,曇,33.0,28.0,計,288043,120000,2.4004,1.6719,115736,2.4888,366,366,787.0,,0,,112,3.2679,0,34563,0.1200,0.2320,0,57170,0.1985,0.2153,0.3185,0.4472,2395,7216.1,,0.0000,
0001,千房直営,000001,第1エリア,702   ,Chibo`s Kitchen ららぽーと甲子園店,2026/07/15,水,平日,,晴,33.0,28.0,計,313249,120000,2.6104,1.9848,149345,2.0975,400,400,783.1,,0,,146,2.7397,0,2667,0.0085,0.1340,0,59349,0.1895,0.2040,0.1980,0.3380,2536,7411.3,,0.0000,
0001,千房直営,000001,第1エリア,702   ,Chibo`s Kitchen ららぽーと甲子園店,2026/07/16,木,平日,,曇,34.0,29.0,計,98873,120000,0.8239,1.6946,93764,1.0545,102,102,969.3,,0,,106,0.9623,0,45674,0.4619,0.1739,0,35061,0.3546,0.2223,0.8166,0.3961,1429,4151.4,,0.0000,
0001,千房直営,000001,第1エリア,702   ,Chibo`s Kitchen ららぽーと甲子園店,2026/07/17,金,平日,,晴,34.0,28.0,計,102047,120000,0.8504,1.5257,117065,0.8717,103,103,990.7,,0,,122,0.8443,0,271854,2.6640,0.4515,0,36557,0.3582,0.2374,3.0222,0.6889,1519,4030.8,,0.0000,
0001,千房直営,000001,第1エリア,702   ,Chibo`s Kitchen ららぽーと甲子園店,2026/07/18,土,土曜,,晴,33.0,28.0,計,204009,310000,0.6581,1.2302,197138,1.0349,192,192,1062.5,,0,,197,0.9746,0,36447,0.1787,0.4017,0,52664,0.2581,0.2412,0.4368,0.6429,2286,5354.6,,0.0000,
0001,千房直営,000001,第1エリア,702   ,Chibo`s Kitchen ららぽーと甲子園店,2026/07/19,日,日祝,,晴,33.0,29.0,計,278390,350000,0.7954,1.1094,285372,0.9755,261,261,1066.6,,0,,268,0.9739,0,76900,0.2762,0.3767,0,69062,0.2481,0.2426,0.5243,0.6193,3228,5174.5,,0.0000,
0001,千房直営,000001,第1エリア,702   ,Chibo`s Kitchen ららぽーと甲子園店,2026/07/20,月,日祝,,晴,33.0,29.0,計,297341,350000,0.8495,1.0529,248470,1.1967,268,268,1109.5,,0,,232,1.1552,0,30123,0.1013,0.3284,0,48362,0.1626,0.2286,0.2640,0.5570,2156,8274.8,,0.0000,
0001,千房直営,000001,第1エリア,702   ,Chibo`s Kitchen ららぽーと甲子園店,2026/07/21,火,平日,,曇,36.0,28.0,計,152763,120000,1.2730,1.0682,106534,1.4339,141,141,1083.4,,0,,104,1.3558,0,7541,0.0494,0.3054,0,38947,0.2550,0.2307,0.3043,0.5361,1555,5894.4,,0.0000,
0001,千房直営,000001,第1エリア,702   ,Chibo`s Kitchen ららぽーと甲子園店,2026/07/22,水,平日,,晴,35.0,29.0,計,172764,120000,1.4397,1.0923,90119,1.9171,162,162,1066.4,,0,,100,1.6200,0,5472,0.0317,0.2820,0,40034,0.2317,0.2308,0.2634,0.5128,1626,6375.1,,0.0000,
0001,千房直営,000001,第1エリア,702   ,Chibo`s Kitchen ららぽーと甲子園店,2026/07/23,木,平日,,晴,36.0,29.0,計,130475,120000,1.0873,1.0920,88238,1.4787,128,128,1019.3,,0,,99,1.2929,0,67656,0.5185,0.2963,0,30879,0.2367,0.2312,0.7552,0.5275,1323,5917.2,,0.0000,
0001,千房直営,000001,第1エリア,702   ,Chibo`s Kitchen ららぽーと甲子園店,2026/07/24,金,平日,,晴,36.0,29.0,計,131842,120000,1.0987,1.0924,120058,1.0982,129,129,1022.0,,0,,128,1.0078,0,106053,0.8044,0.3257,0,37597,0.2852,0.2343,1.0896,0.5599,1530,5170.3,,0.0000,
0001,千房直営,000001,第1エリア,702   ,Chibo`s Kitchen ららぽーと甲子園店,2026/07/25,土,土曜,,晴,35.0,29.0,計,234604,300000,0.7820,1.0534,249401,0.9407,218,218,1076.2,,0,,251,0.8685,0,130490,0.5562,0.3471,0,56787,0.2421,0.2350,0.7983,0.5821,2438,5773.7,,0.0000,
0001,千房直営,000001,第1エリア,702   ,Chibo`s Kitchen ららぽーと甲子園店,2026/07/26,日,日祝,,晴,34.0,28.0,計,313377,350000,0.8954,1.0332,338994,0.9244,270,270,1160.7,,0,,310,0.8710,0,,0.0000,0.3087,0,60389,0.1927,0.2303,0.1927,0.5390,2426,7750.5,,0.0000,
0001,千房直営,000001,第1エリア,702   ,Chibo`s Kitchen ららぽーと甲子園店,2026/07/27,月,平日,,晴,35.0,29.0,計,133672,120000,1.1139,1.0366,132258,1.0107,157,157,851.4,,0,,161,0.9752,0,129653,0.9699,0.3385,0,43474,0.3252,0.2346,1.2952,0.5731,1488,5390.0,,0.0000,
0001,千房直営,000001,第1エリア,702   ,Chibo`s Kitchen ららぽーと甲子園店,2026/07/28,火,平日,,曇,34.0,28.0,計,103208,120000,0.8601,1.0295,164738,0.6265,116,116,889.7,,0,,164,0.7073,0,15543,0.1506,0.3322,0,37556,0.3639,0.2390,0.5145,0.5712,1290,4800.4,,0.0000,
0001,千房直営,000001,第1エリア,702   ,Chibo`s Kitchen ららぽーと甲子園店,2026/07/29,水,平日,,曇,33.0,27.0,計,150371,120000,1.2531,1.0381,189238,0.7946,159,159,945.7,,0,,188,0.8457,0,13920,0.0926,0.3210,0,37461,0.2491,0.2394,0.3417,0.5604,1268,7115.3,,0.0000,
0001,千房直営,000001,第1エリア,702   ,Chibo`s Kitchen ららぽーと甲子園店,2026/07/30,木,平日,,晴,34.0,28.0,計,150248,120000,1.2521,1.0461,196837,0.7633,141,141,1065.6,,0,,194,0.7268,0,19726,0.1313,0.3125,0,43549,0.2898,0.2417,0.4211,0.5542,1537,5865.2,,0.0000,
0001,千房直営,000001,第1エリア,702   ,Chibo`s Kitchen ららぽーと甲子園店,2026/07/31,金,平日,,晴,34.0,28.0,計,143393,120000,1.1949,1.0515,114516,1.2522,157,157,913.3,,0,,117,1.3419,0,78879,0.5501,0.3222,0,47184,0.3291,0.2452,0.8791,0.5675,1798,4785.1,,0.0000,
0001,千房直営,040000,ODEN事業部,704   ,すみ吉 心斎橋,2026/07/13,月,平日,,晴,33.0,28.0,計,75284,120000,0.6274,0.6274,59860,1.2577,12,7,6273.7,0.71,0,,7,1.7143,0,10500,0.1395,0.1395,0,33209,0.4411,0.4411,0.5806,0.5806,1072,4213.7,,0.0000,
0001,千房直営,040000,ODEN事業部,704   ,すみ吉 心斎橋,2026/07/14,火,平日,,晴,35.0,28.0,計,92326,120000,0.7694,0.6984,259815,0.3554,10,6,9232.6,0.59,0,,21,0.4762,0,2210,0.0239,0.0758,0,42280,0.4579,0.4504,0.4819,0.5262,1513,3661.3,,0.0000,
0001,千房直営,040000,ODEN事業部,704   ,すみ吉 心斎橋,2026/07/15,水,平日,,晴,34.0,28.0,計,,0,,0.6984,,,,,,0,0,,,,0,9690,,0.1336,0,0,,0.4504,,0.5840,0,,,,
0001,千房直営,040000,ODEN事業部,704   ,すみ吉 心斎橋,2026/07/16,木,平日,,晴,34.0,29.0,計,118226,120000,0.9852,0.7940,63813,1.8527,11,3,10747.8,0.65,0,,14,0.7857,0,2040,0.0173,0.0855,0,40857,0.3456,0.4070,0.3628,0.4925,1393,5092.3,,0.0000,
0001,千房直営,040000,ODEN事業部,704   ,すみ吉 心斎橋,2026/07/17,金,平日,,晴,35.0,27.0,計,105934,110000,0.9630,0.8336,126025,0.8406,12,6,8827.8,0.71,0,,19,0.6316,0,21630,0.2042,0.1176,0,43859,0.4140,0.4089,0.6182,0.5265,1454,4371.4,,0.0000,
0001,千房直営,040000,ODEN事業部,704   ,すみ吉 心斎橋,2026/07/18,土,土曜,,曇,34.0,29.0,計,223897,130000,1.7223,1.0261,47465,4.7171,26,11,8611.4,1.53,0,,10,2.6000,0,30578,0.1366,0.1245,0,63566,0.2839,0.3635,0.4205,0.4880,2307,5823.1,,0.0000,
0001,千房直営,040000,ODEN事業部,704   ,すみ吉 心斎橋,2026/07/19,日,日祝,,曇,34.0,28.0,計,169642,120000,1.4137,1.0907,90299,1.8787,32,13,5301.3,1.88,0,,21,1.5238,0,,0.0000,0.0976,0,42914,0.2530,0.3396,0.2530,0.4372,1476,6896.0,,0.0000,
0001,千房直営,040000,ODEN事業部,704   ,すみ吉 心斎橋,2026/07/20,月,日祝,,晴,35.0,29.0,計,77492,110000,0.7045,1.0395,160997,0.4813,10,5,7749.2,0.59,0,,25,0.4000,0,6852,0.0884,0.0968,0,46542,0.6006,0.3630,0.6890,0.4598,1746,2663.0,,0.0000,
0001,千房直営,040000,ODEN事業部,704   ,すみ吉 心斎橋,2026/07/21,火,平日,,晴,37.0,29.0,計,87024,120000,0.7252,0.9998,84063,1.0352,10,5,8702.4,0.59,0,,11,0.9091,0,49255,0.5660,0.1398,0,47421,0.5449,0.3797,1.1109,0.5195,1611,3241.1,,0.0000,
0001,千房直営,040000,ODEN事業部,704   ,すみ吉 心斎橋,2026/07/22,水,平日,,晴,36.0,29.0,計,,0,,0.9998,,,,,,0,0,,,,0,1800,,0.1417,0,0,,0.3797,,0.5214,0,,,,
0001,千房直営,040000,ODEN事業部,704   ,すみ吉 心斎橋,2026/07/23,木,平日,,晴,37.0,30.0,計,111126,110000,1.0102,1.0009,79754,1.3934,17,9,6536.8,1.00,0,,7,2.4286,0,9340,0.0840,0.1356,0,47780,0.4300,0.3850,0.5140,0.5206,1794,3716.6,,0.0000,
0001,千房直営,040000,ODEN事業部,704   ,すみ吉 心斎橋,2026/07/24,金,平日,,晴,37.0,29.0,計,72590,110000,0.6599,0.9688,122897,0.5907,10,4,7259.0,0.59,0,,15,0.6667,0,6300,0.0868,0.1325,0,33546,0.4621,0.3899,0.5489,0.5224,1033,4216.3,,0.0000,
0001,千房直営,040000,ODEN事業部,704   ,すみ吉 心斎橋,2026/07/25,土,土曜,,晴,36.0,29.0,計,174256,120000,1.4521,1.0138,108074,1.6124,23,16,7576.3,1.35,0,,14,1.6429,0,6838,0.0392,0.1201,0,41167,0.2362,0.3694,0.2755,0.4895,1163,8990.0,,0.0000,
0001,千房直営,040000,ODEN事業部,704   ,すみ吉 心斎橋,2026/07/26,日,日祝,,晴,35.0,29.0,計,34366,110000,0.3124,0.9587,184501,0.1863,11,6,3124.2,0.65,0,,22,0.5000,0,,0.0000,0.1170,0,36706,1.0681,0.3873,1.0681,0.5043,1181,1745.9,,0.0000,
0001,千房直営,040000,ODEN事業部,704   ,すみ吉 心斎橋,2026/07/27,月,平日,,晴,35.0,29.0,計,71382,110000,0.6489,0.9361,194580,0.3669,9,4,7931.3,0.53,0,,12,0.7500,0,33630,0.4711,0.1349,0,37852,0.5303,0.3945,1.0014,0.5294,1192,3593.1,,0.0000,
0001,千房直営,040000,ODEN事業部,704   ,すみ吉 心斎橋,2026/07/28,火,平日,,晴,36.0,29.0,計,215546,120000,1.7962,0.9994,73635,2.9272,20,8,10777.3,1.18,0,,11,1.8182,0,10664,0.0495,0.1236,0,31332,0.1454,0.3616,0.1948,0.4852,1235,10471.9,,0.0000,
0001,千房直営,040000,ODEN事業部,704   ,すみ吉 心斎橋,2026/07/29,水,平日,,曇,32.0,28.0,計,,0,,0.9994,,,,,,0,0,,,,0,,,0.1236,0,0,,0.3616,,0.4852,0,,,,
0001,千房直営,040000,ODEN事業部,704   ,すみ吉 心斎橋,2026/07/30,木,平日,,晴,35.0,29.0,計,87873,120000,0.7323,0.9811,125719,0.6990,8,4,10984.1,0.47,0,,11,0.7273,0,,0.0000,0.1173,0,30527,0.3474,0.3608,0.3474,0.4781,1098,4801.8,,0.0000,
0001,千房直営,040000,ODEN事業部,704   ,すみ吉 心斎橋,2026/07/31,金,平日,,晴,36.0,28.0,計,92628,120000,0.7719,0.9677,76440,1.2118,22,8,4210.4,1.29,0,,7,3.1429,0,2530,0.0273,0.1127,0,60825,0.6567,0.3760,0.6840,0.4886,1812,3067.2,,0.0000,
0001,千房直営,030000,キッチンカー,800   ,キッチンカー,2026/07/13,月,平日,,晴,33.0,28.0,計,,,,,,,,,,,,,,,,,,,,0,,,,,0,,,,
0001,千房直営,030000,キッチンカー,800   ,キッチンカー,2026/07/14,火,平日,,晴,35.0,28.0,計,,,,,,,,,,,,,,,,,,,,0,,,,,0,,,,
0001,千房直営,030000,キッチンカー,800   ,キッチンカー,2026/07/15,水,平日,,晴,34.0,28.0,計,,,,,,,,,,,,,,,,,,,,0,,,,,0,,,,
0001,千房直営,030000,キッチンカー,800   ,キッチンカー,2026/07/16,木,平日,,晴,34.0,29.0,計,,,,,,,,,,,,,,,,,,,,0,,,,,0,,,,
0001,千房直営,030000,キッチンカー,800   ,キッチンカー,2026/07/17,金,平日,,晴,35.0,27.0,計,,,,,,,,,,,,,,,,,,,,0,,,,,0,,,,
0001,千房直営,030000,キッチンカー,800   ,キッチンカー,2026/07/18,土,土曜,,曇,34.0,29.0,計,,,,,,,,,,,,,,,,,,,,0,,,,,0,,,,
0001,千房直営,030000,キッチンカー,800   ,キッチンカー,2026/07/19,日,日祝,,曇,34.0,28.0,計,,,,,,,,,,,,,,,,,,,,0,,,,,0,,,,
0001,千房直営,030000,キッチンカー,800   ,キッチンカー,2026/07/20,月,日祝,,晴,35.0,29.0,計,,,,,,,,,,,,,,,,,,,,0,,,,,0,,,,
0001,千房直営,030000,キッチンカー,800   ,キッチンカー,2026/07/21,火,平日,,晴,37.0,29.0,計,,,,,,,,,,,,,,,,,,,,0,,,,,0,,,,
0001,千房直営,030000,キッチンカー,800   ,キッチンカー,2026/07/22,水,平日,,晴,36.0,29.0,計,,,,,,,,,,,,,,,,,,,,0,,,,,0,,,,
0001,千房直営,030000,キッチンカー,800   ,キッチンカー,2026/07/23,木,平日,,晴,37.0,30.0,計,,,,,,,,,,,,,,,,,,,,0,,,,,0,,,,
0001,千房直営,030000,キッチンカー,800   ,キッチンカー,2026/07/24,金,平日,,晴,37.0,29.0,計,,,,,,,,,,,,,,,,,,,,0,,,,,0,,,,
0001,千房直営,030000,キッチンカー,800   ,キッチンカー,2026/07/25,土,土曜,,晴,36.0,29.0,計,,,,,,,,,,,,,,,,,,,,0,,,,,0,,,,
0001,千房直営,030000,キッチンカー,800   ,キッチンカー,2026/07/26,日,日祝,,晴,35.0,29.0,計,,,,,,,,,,,,,,,,,,,,0,,,,,0,,,,
0001,千房直営,030000,キッチンカー,800   ,キッチンカー,2026/07/27,月,平日,,晴,35.0,29.0,計,,,,,,,,,,,,,,,,,,,,0,,,,,0,,,,
0001,千房直営,030000,キッチンカー,800   ,キッチンカー,2026/07/28,火,平日,,晴,36.0,29.0,計,,,,,,,,,,,,,,,,,,,,0,,,,,0,,,,
0001,千房直営,030000,キッチンカー,800   ,キッチンカー,2026/07/29,水,平日,,曇,32.0,28.0,計,,,,,,,,,,,,,,,,,,,,0,,,,,0,,,,
0001,千房直営,030000,キッチンカー,800   ,キッチンカー,2026/07/30,木,平日,,晴,35.0,29.0,計,,,,,,,,,,,,,,,,,,,,0,,,,,0,,,,
0001,千房直営,030000,キッチンカー,800   ,キッチンカー,2026/07/31,金,平日,,晴,36.0,28.0,計,,,,,,,,,,,,,,,,,,,,0,,,,,0,,,,
0002,千房FC,500002,FC第2エリア,515   ,大和郡山店,2026/07/13,月,平日,休,曇,33.0,26.0,計,,0,,,,,,,,0,0,,,,0,,,,,0,,,,,0,,,,
0002,千房FC,500002,FC第2エリア,515   ,大和郡山店,2026/07/14,火,平日,,晴,34.0,25.0,計,,60000,0.0000,0.0000,,,,,,0,0,,,,0,14835,,,,0,,,,,0,,,,
0002,千房FC,500002,FC第2エリア,515   ,大和郡山店,2026/07/15,水,平日,,晴,34.0,25.0,計,,60000,0.0000,0.0000,,,,,,0,0,,,,0,,,,,0,,,,,0,,,,
0002,千房FC,500002,FC第2エリア,515   ,大和郡山店,2026/07/16,木,平日,,曇,34.0,27.0,計,,60000,0.0000,0.0000,,,,,,0,0,,,,0,,,,,0,,,,,0,,,,
0002,千房FC,500002,FC第2エリア,515   ,大和郡山店,2026/07/17,金,平日,,晴,36.0,25.0,計,,70000,0.0000,0.0000,,,,,,0,0,,,,0,53031,,,,0,,,,,0,,,,
0002,千房FC,500002,FC第2エリア,515   ,大和郡山店,2026/07/18,土,土曜,,雨,33.0,27.0,計,,80000,0.0000,0.0000,,,,,,0,0,,,,0,,,,,0,,,,,0,,,,
0002,千房FC,500002,FC第2エリア,515   ,大和郡山店,2026/07/19,日,日祝,,曇,34.0,27.0,計,,80000,0.0000,0.0000,,,,,,0,0,,,,0,,,,,0,,,,,0,,,,
0002,千房FC,500002,FC第2エリア,515   ,大和郡山店,2026/07/20,月,日祝,休,曇,36.0,27.0,計,,0,,0.0000,,,,,,0,0,,,,0,,,,,0,,,,,0,,,,
0002,千房FC,500002,FC第2エリア,515   ,大和郡山店,2026/07/21,火,平日,,晴,37.0,26.0,計,,60000,0.0000,0.0000,,,,,,0,0,,,,0,10910,,,,0,,,,,0,,,,
0002,千房FC,500002,FC第2エリア,515   ,大和郡山店,2026/07/22,水,平日,,晴,37.0,27.0,計,,60000,0.0000,0.0000,,,,,,0,0,,,,0,,,,,0,,,,,0,,,,
0002,千房FC,500002,FC第2エリア,515   ,大和郡山店,2026/07/23,木,平日,,晴,37.0,28.0,計,,60000,0.0000,0.0000,,,,,,0,0,,,,0,,,,,0,,,,,0,,,,
0002,千房FC,500002,FC第2エリア,515   ,大和郡山店,2026/07/24,金,平日,,晴,37.0,27.0,計,,60000,0.0000,0.0000,,,,,,0,0,,,,0,,,,,0,,,,,0,,,,
0002,千房FC,500002,FC第2エリア,515   ,大和郡山店,2026/07/25,土,土曜,,曇,37.0,26.0,計,,80000,0.0000,0.0000,,,,,,0,0,,,,0,,,,,0,,,,,0,,,,
0002,千房FC,500002,FC第2エリア,515   ,大和郡山店,2026/07/26,日,日祝,,曇,35.0,25.0,計,,80000,0.0000,0.0000,,,,,,0,0,,,,0,,,,,0,,,,,0,,,,
0002,千房FC,500002,FC第2エリア,515   ,大和郡山店,2026/07/27,月,平日,休,晴,34.0,27.0,計,,0,,0.0000,,,,,,0,0,,,,0,,,,,0,,,,,0,,,,
0002,千房FC,500002,FC第2エリア,515   ,大和郡山店,2026/07/28,火,平日,休,晴,35.0,26.0,計,,0,,0.0000,,,,,,0,0,,,,0,,,,,0,,,,,0,,,,
0002,千房FC,500002,FC第2エリア,515   ,大和郡山店,2026/07/29,水,平日,,曇,32.0,26.0,計,,60000,0.0000,0.0000,,,,,,0,0,,,,0,,,,,0,,,,,0,,,,
0002,千房FC,500002,FC第2エリア,515   ,大和郡山店,2026/07/30,木,平日,,晴,36.0,27.0,計,,60000,0.0000,0.0000,,,,,,0,0,,,,0,,,,,0,,,,,0,,,,
0002,千房FC,500002,FC第2エリア,515   ,大和郡山店,2026/07/31,金,平日,,晴,35.0,26.0,計,,60000,0.0000,0.0000,,,,,,0,0,,,,0,,,,,0,,,,,0,,,,
0002,千房FC,500003,FC第3エリア,516   ,阪急服部店,2026/07/13,月,平日,,晴,33.0,28.0,計,87410,60000,1.4568,1.4568,42685,2.0478,45,15,1942.4,1.05,39,1.1538,26,1.7308,0,8895,0.1018,0.1018,,0,0.0000,0.0000,0.1018,0.1018,0,,,0.0000,
0002,千房FC,500003,FC第3エリア,516   ,阪急服部店,2026/07/14,火,平日,,晴,35.0,26.0,計,35071,60000,0.5845,1.0207,36379,0.9640,22,12,1594.1,0.51,39,0.5641,18,1.2222,0,8398,0.2395,0.1412,,0,0.0000,0.0000,0.2395,0.1412,0,,,0.0000,
0002,千房FC,500003,FC第3エリア,516   ,阪急服部店,2026/07/15,水,平日,,晴,34.0,27.0,計,31600,60000,0.5267,0.8560,66536,0.4749,22,12,1436.4,0.51,39,0.5641,36,0.6111,0,,0.0000,0.1122,,0,0.0000,0.0000,0.0000,0.1122,0,,,0.0000,
0002,千房FC,500003,FC第3エリア,516   ,阪急服部店,2026/07/16,木,平日,,曇,34.0,28.0,計,55430,60000,0.9238,0.8730,41994,1.3200,24,14,2309.6,0.56,39,0.6154,14,1.7143,0,68069,1.2280,0.4074,,0,0.0000,0.0000,1.2280,0.4074,0,,,0.0000,
0002,千房FC,500003,FC第3エリア,516   ,阪急服部店,2026/07/17,金,平日,,晴,35.0,26.0,計,58522,70000,0.8360,0.8646,88341,0.6625,25,8,2340.9,0.58,45,0.5556,39,0.6410,0,42279,0.7224,0.4762,,0,0.0000,0.0000,0.7224,0.4762,0,,,0.0000,
0002,千房FC,500003,FC第3エリア,516   ,阪急服部店,2026/07/18,土,土曜,,曇,35.0,28.0,計,148146,120000,1.2346,0.9679,145251,1.0199,67,29,2211.1,1.56,75,0.8933,62,1.0806,0,19382,0.1308,0.3533,,0,0.0000,0.0000,0.1308,0.3533,0,,,0.0000,
0002,千房FC,500003,FC第3エリア,516   ,阪急服部店,2026/07/19,日,日祝,,晴,34.0,28.0,計,168550,120000,1.4046,1.0631,124446,1.3544,80,35,2106.9,1.86,76,1.0526,66,1.2121,0,,0.0000,0.2514,,0,0.0000,0.0000,0.0000,0.2514,0,,,0.0000,
0002,千房FC,500003,FC第3エリア,516   ,阪急服部店,2026/07/20,月,日祝,,晴,35.0,29.0,計,92188,120000,0.7682,1.0103,133421,0.6910,45,21,2048.6,1.05,76,0.5921,63,0.7143,0,2915,0.0316,0.2215,,0,0.0000,0.0000,0.0316,0.2215,0,,,0.0000,
0002,千房FC,500003,FC第3エリア,516   ,阪急服部店,2026/07/21,火,平日,,曇,36.0,28.0,計,46527,70000,0.6647,0.9776,23366,1.9912,28,13,1661.7,0.65,45,0.6222,13,2.1538,0,2040,0.0438,0.2101,,0,0.0000,0.0000,0.0438,0.2101,0,,,0.0000,
0002,千房FC,500003,FC第3エリア,516   ,阪急服部店,2026/07/22,水,平日,,晴,36.0,29.0,計,28527,60000,0.4755,0.9400,57336,0.4975,18,12,1584.8,0.42,39,0.4615,31,0.5806,0,,0.0000,0.2021,,0,0.0000,0.0000,0.0000,0.2021,0,,,0.0000,
0002,千房FC,500003,FC第3エリア,516   ,阪急服部店,2026/07/23,木,平日,,晴,37.0,29.0,計,86723,60000,1.4454,0.9752,55276,1.5689,34,15,2550.7,0.79,39,0.8718,25,1.3600,0,26701,0.3079,0.2130,,0,0.0000,0.0000,0.3079,0.2130,0,,,0.0000,
0002,千房FC,500003,FC第3エリア,516   ,阪急服部店,2026/07/24,金,平日,,晴,37.0,28.0,計,44147,60000,0.7358,0.9596,32628,1.3530,18,11,2452.6,0.42,39,0.4615,17,1.0588,0,35240,0.7982,0.2423,,0,0.0000,0.0000,0.7982,0.2423,0,,,0.0000,
0002,千房FC,500003,FC第3エリア,516   ,阪急服部店,2026/07/25,土,土曜,,晴,37.0,28.0,計,97987,120000,0.8166,0.9431,92170,1.0631,41,19,2389.9,0.95,75,0.5467,55,0.7455,0,12981,0.1325,0.2313,,0,0.0000,0.0000,0.1325,0.2313,0,,,0.0000,
0002,千房FC,500003,FC第3エリア,516   ,阪急服部店,2026/07/26,日,日祝,,晴,35.0,27.0,計,144451,120000,1.2038,0.9701,141040,1.0242,67,28,2156.0,1.56,76,0.8816,72,0.9306,0,,0.0000,0.2016,,0,0.0000,0.0000,0.0000,0.2016,0,,,0.0000,
0002,千房FC,500003,FC第3エリア,516   ,阪急服部店,2026/07/27,月,平日,,晴,36.0,28.0,計,63714,60000,1.0619,0.9746,102804,0.6198,33,9,1930.7,0.77,39,0.8462,49,0.6735,0,6614,0.1038,0.1964,,0,0.0000,0.0000,0.1038,0.1964,0,,,0.0000,
0002,千房FC,500003,FC第3エリア,516   ,阪急服部店,2026/07/28,火,平日,,晴,35.0,27.0,計,64025,60000,1.0671,0.9789,70231,0.9116,24,11,2667.7,0.56,39,0.6154,32,0.7500,0,4335,0.0677,0.1898,,0,0.0000,0.0000,0.0677,0.1898,0,,,0.0000,
0002,千房FC,500003,FC第3エリア,516   ,阪急服部店,2026/07/29,水,平日,,曇,33.0,26.0,計,37401,60000,0.6234,0.9630,24290,1.5398,21,12,1781.0,0.49,39,0.5385,16,1.3125,0,,0.0000,0.1843,,0,0.0000,0.0000,0.0000,0.1843,0,,,0.0000,
0002,千房FC,500003,FC第3エリア,516   ,阪急服部店,2026/07/30,木,平日,,晴,35.0,27.0,計,46019,60000,0.7670,0.9546,44222,1.0406,24,13,1917.5,0.56,39,0.6154,21,1.1429,0,,0.0000,0.1780,,0,0.0000,0.0000,0.0000,0.1780,0,,,0.0000,
0002,千房FC,500003,FC第3エリア,516   ,阪急服部店,2026/07/31,金,平日,,晴,35.0,27.0,計,61426,60251,1.0195,0.9573,46517,1.3205,31,12,1981.5,0.72,39,0.7949,23,1.3478,0,27113,0.4414,0.1895,,0,0.0000,0.0000,0.4414,0.1895,0,,,0.0000,
0002,千房FC,500003,FC第3エリア,522   ,金剛店,2026/07/13,月,平日,,晴,33.0,26.0,計,36987,75000,0.4932,0.4932,52742,0.7013,21,13,1761.3,0.48,39,0.5385,26,0.8077,1650,2040,0.0552,0.0552,,24283,0.6565,0.6565,0.7117,0.7117,1171,1895.1,,0.0000,
0002,千房FC,500003,FC第3エリア,522   ,金剛店,2026/07/14,火,平日,休,晴,34.0,26.0,計,,0,,0.4932,,,,,,0,0,,,,0,,,0.0552,,0,,0.6565,,0.7117,0,,,,
0002,千房FC,500003,FC第3エリア,522   ,金剛店,2026/07/15,水,平日,,晴,34.0,26.0,計,94443,75000,1.2592,0.8762,72181,1.3084,53,20,1781.9,1.20,39,1.3590,44,1.2045,1650,17935,0.1899,0.1520,,24425,0.2586,0.3706,0.4485,0.5226,1210,4683.1,,0.0000,
0002,千房FC,500003,FC第3エリア,522   ,金剛店,2026/07/16,木,平日,,曇,34.0,27.0,計,45632,75000,0.6084,0.7869,30959,1.4739,29,11,1573.5,0.66,39,0.7436,22,1.3182,1650,0,0.0000,0.1128,,19471,0.4267,0.3851,0.4267,0.4979,939,2915.8,,0.0000,
0002,千房FC,500003,FC第3エリア,522   ,金剛店,2026/07/17,金,平日,,晴,35.0,27.0,計,120736,100000,1.2074,0.9163,138221,0.8735,74,31,1631.6,1.68,52,1.4231,70,1.0571,1650,71759,0.5943,0.3080,,25203,0.2087,0.3136,0.8031,0.6216,1197,6051.9,,0.0000,
0002,千房FC,500003,FC第3エリア,522   ,金剛店,2026/07/18,土,土曜,,曇,33.0,28.0,計,199343,170000,1.1726,1.0043,173029,1.1521,94,41,2120.7,2.14,91,1.0330,92,1.0217,3600,19047,0.0955,0.2228,,44967,0.2256,0.2783,0.3211,0.5011,2142,5583.8,,0.0000,
0002,千房FC,500003,FC第3エリア,522   ,金剛店,2026/07/19,日,日祝,,曇,34.0,27.0,計,231465,160000,1.4467,1.1124,172293,1.3434,121,48,1912.9,2.75,89,1.3596,92,1.3152,3900,,0.0000,0.1520,,47725,0.2062,0.2554,0.2062,0.4074,2257,6153.3,,0.0000,
0002,千房FC,500003,FC第3エリア,522   ,金剛店,2026/07/20,月,日祝,,晴,35.0,28.0,計,199587,160000,1.2474,1.1389,125840,1.5860,91,43,2193.3,2.07,89,1.0225,65,1.4000,3900,,0.0000,0.1194,,46968,0.2353,0.2511,0.2353,0.3704,2257,5305.8,,0.0000,
0002,千房FC,500003,FC第3エリア,522   ,金剛店,2026/07/21,火,平日,休,晴,36.0,27.0,計,,0,,1.1389,,,,,,0,0,,,,0,,,0.1194,,0,,0.2511,,0.3704,0,,,,
0002,千房FC,500003,FC第3エリア,522   ,金剛店,2026/07/22,水,平日,,晴,36.0,27.0,計,117040,75000,1.5605,1.1744,75482,1.5506,62,22,1887.7,1.41,39,1.5897,38,1.6316,1650,7140,0.0610,0.1128,,24689,0.2109,0.2466,0.2720,0.3594,1160,6053.8,,0.0000,
0002,千房FC,500003,FC第3エリア,522   ,金剛店,2026/07/23,木,平日,,晴,36.0,28.0,計,92721,75000,1.2363,1.1792,55324,1.6760,57,27,1626.7,1.30,39,1.4615,32,1.7813,1650,,0.0000,0.1036,,23414,0.2525,0.2471,0.2525,0.3507,1107,5025.5,,0.0000,
0002,千房FC,500003,FC第3エリア,522   ,金剛店,2026/07/24,金,平日,,晴,37.0,28.0,計,76680,75000,1.0224,1.1679,78017,0.9829,41,18,1870.2,0.93,39,1.0513,39,1.0513,1650,37290,0.4863,0.1278,,23234,0.3030,0.2506,0.7893,0.3784,1117,4118.9,,0.0000,
0002,千房FC,500003,FC第3エリア,522   ,金剛店,2026/07/25,土,土曜,,晴,36.0,27.0,計,218769,150000,1.4585,1.2045,164217,1.3322,98,40,2232.3,2.23,81,1.2099,78,1.2564,3600,4080,0.0187,0.1111,,42783,0.1956,0.2422,0.2142,0.3533,2038,6440.7,,0.0000,
0002,千房FC,500003,FC第3エリア,522   ,金剛店,2026/07/26,日,日祝,,晴,36.0,27.0,計,202696,150000,1.3513,1.2210,166722,1.2158,96,35,2111.4,2.18,84,1.1429,86,1.1163,3900,,0.0000,0.0974,,45899,0.2264,0.2402,0.2264,0.3376,2192,5548.2,,0.0000,
0002,千房FC,500003,FC第3エリア,522   ,金剛店,2026/07/27,月,平日,,晴,34.0,27.0,計,65375,75000,0.8717,1.2025,50000,1.3075,36,19,1816.0,0.82,39,0.9231,35,1.0286,1650,3060,0.0468,0.0954,,24620,0.3766,0.2455,0.4234,0.3409,1183,3315.7,,0.0000,
0002,千房FC,500003,FC第3エリア,522   ,金剛店,2026/07/28,火,平日,休,晴,36.0,26.0,計,,0,,1.2025,,,,,,0,0,,,,0,,,0.0954,,0,,0.2455,,0.3409,0,,,,
0002,千房FC,500003,FC第3エリア,522   ,金剛店,2026/07/29,水,平日,,曇,32.0,26.0,計,112207,80000,1.4026,1.2132,144084,0.7788,59,25,1901.8,1.34,41,1.4390,70,0.8429,1650,,0.0000,0.0895,,23128,0.2061,0.2430,0.2061,0.3326,1112,6054.3,,0.0000,
0002,千房FC,500003,FC第3エリア,522   ,金剛店,2026/07/30,木,平日,,晴,35.0,27.0,計,89120,80000,1.1140,1.2081,96425,0.9242,45,20,1980.4,1.02,41,1.0976,49,0.9184,1650,,0.0000,0.0853,,23350,0.2620,0.2439,0.2620,0.3293,1103,4847.9,,0.0000,
0002,千房FC,500003,FC第3エリア,522   ,金剛店,2026/07/31,金,平日,,晴,34.0,27.0,計,148484,89515,1.6588,1.2324,116144,1.2784,77,33,1928.4,1.75,45,1.7111,58,1.3276,1650,,0.0000,0.0791,,27929,0.1881,0.2399,0.1881,0.3190,1296,6874.3,,0.0000,
0002,千房FC,500004,FC第4エリア,526   ,高知野市店,2026/07/13,月,平日,,晴,31.0,25.0,計,4783,22000,0.2174,0.2174,9578,0.4994,3,3,1594.3,0.13,10,0.3000,7,0.4286,7876,5812,1.2151,1.2151,,0,0.0000,0.0000,1.2151,1.2151,0,,,0.0000,
0002,千房FC,500004,FC第4エリア,526   ,高知野市店,2026/07/14,火,平日,,晴,32.0,25.0,計,32805,22000,1.4911,0.8543,20533,1.5977,18,10,1822.5,0.78,10,1.8000,14,1.2857,7876,1494,0.0455,0.1944,,0,0.0000,0.0000,0.0455,0.1944,0,,,0.0000,
0002,千房FC,500004,FC第4エリア,526   ,高知野市店,2026/07/15,水,平日,休,晴,31.0,25.0,計,,0,,0.8543,,,,,,0,0,,,,0,,,0.1944,,0,,0.0000,,0.1944,0,,,,
0002,千房FC,500004,FC第4エリア,526   ,高知野市店,2026/07/16,木,平日,,晴,33.0,26.0,計,26150,22000,1.1886,0.9657,7083,3.6919,16,8,1634.4,0.70,10,1.6000,4,4.0000,7876,5384,0.2059,0.1991,,0,0.0000,0.0000,0.2059,0.1991,0,,,0.0000,
0002,千房FC,500004,FC第4エリア,526   ,高知野市店,2026/07/17,金,平日,,曇,34.0,25.0,計,46676,22000,2.1216,1.2547,27893,1.6734,25,10,1867.0,1.09,10,2.5000,16,1.5625,7876,10219,0.2189,0.2075,,0,0.0000,0.0000,0.2189,0.2075,0,,,0.0000,
0002,千房FC,500004,FC第4エリア,526   ,高知野市店,2026/07/18,土,土曜,,晴,32.0,26.0,計,31375,28000,1.1205,1.2223,23234,1.3504,16,7,1960.9,0.70,11,1.4545,15,1.0667,10024,18112,0.5773,0.2893,,0,0.0000,0.0000,0.5773,0.2893,0,,,0.0000,
0002,千房FC,500004,FC第4エリア,526   ,高知野市店,2026/07/19,日,日祝,,曇,32.0,26.0,計,45171,29000,1.5576,1.2894,40400,1.1181,25,12,1806.8,1.09,16,1.5625,23,1.0870,10382,,0.0000,0.2194,,0,0.0000,0.0000,0.0000,0.2194,0,,,0.0000,
0002,千房FC,500004,FC第4エリア,526   ,高知野市店,2026/07/20,月,日祝,,晴,32.0,25.0,計,50122,29000,1.7283,1.3625,37698,1.3296,26,10,1927.8,1.13,16,1.6250,21,1.2381,10382,5570,0.1111,0.1965,,0,0.0000,0.0000,0.1111,0.1965,0,,,0.0000,
0002,千房FC,500004,FC第4エリア,526   ,高知野市店,2026/07/21,火,平日,,晴,32.0,26.0,計,20514,22000,0.9325,1.3143,32052,0.6400,13,9,1578.0,0.57,10,1.3000,15,0.8667,7876,11730,0.5718,0.2264,,0,0.0000,0.0000,0.5718,0.2264,0,,,0.0000,
0002,千房FC,500004,FC第4エリア,526   ,高知野市店,2026/07/22,水,平日,休,晴,33.0,26.0,計,,0,,1.3143,,,,,,0,0,,,,0,,,0.2264,,0,,0.0000,,0.2264,0,,,,
0002,千房FC,500004,FC第4エリア,526   ,高知野市店,2026/07/23,木,平日,,晴,33.0,26.0,計,27679,22000,1.2581,1.3086,8009,3.4560,11,4,2516.3,0.48,10,1.1000,8,1.3750,7876,2210,0.0798,0.2122,,0,0.0000,0.0000,0.0798,0.2122,0,,,0.0000,
0002,千房FC,500004,FC第4エリア,526   ,高知野市店,2026/07/24,金,平日,,曇,34.0,26.0,計,22094,22000,1.0043,1.2807,28052,0.7876,13,10,1699.5,0.57,10,1.3000,17,0.7647,7876,,0.0000,0.1969,,0,0.0000,0.0000,0.0000,0.1969,0,,,0.0000,
0002,千房FC,500004,FC第4エリア,526   ,高知野市店,2026/07/25,土,土曜,,晴,33.0,26.0,計,52606,28000,1.8788,1.3432,21470,2.4502,30,14,1753.5,1.30,11,2.7273,12,2.5000,10024,20208,0.3841,0.2243,,0,0.0000,0.0000,0.3841,0.2243,0,,,0.0000,
0002,千房FC,500004,FC第4エリア,526   ,高知野市店,2026/07/26,日,日祝,,晴,34.0,26.0,計,36593,29000,1.2618,1.3352,13665,2.6779,20,11,1829.7,0.87,16,1.2500,10,2.0000,10382,2210,0.0604,0.2092,,0,0.0000,0.0000,0.0604,0.2092,0,,,0.0000,
0002,千房FC,500004,FC第4エリア,526   ,高知野市店,2026/07/27,月,平日,,雨,33.0,26.0,計,18331,22000,0.8332,1.3006,10501,1.7456,10,6,1833.1,0.43,10,1.0000,4,2.5000,7876,6029,0.3289,0.2145,,0,0.0000,0.0000,0.3289,0.2145,0,,,0.0000,
0002,千房FC,500004,FC第4エリア,526   ,高知野市店,2026/07/28,火,平日,,晴,34.0,25.0,計,28938,22000,1.3154,1.3016,23561,1.2282,20,12,1446.9,0.87,10,2.0000,11,1.8182,7876,5630,0.1946,0.2132,,0,0.0000,0.0000,0.1946,0.2132,0,,,0.0000,
0002,千房FC,500004,FC第4エリア,526   ,高知野市店,2026/07/29,水,平日,休,曇,34.0,26.0,計,,0,,1.3016,,,,,,0,0,,,,0,,,0.2132,,0,,0.0000,,0.2132,0,,,,
0002,千房FC,500004,FC第4エリア,526   ,高知野市店,2026/07/30,木,平日,,晴,35.0,25.0,計,14439,22000,0.6563,1.2625,14686,0.9832,12,8,1203.3,0.52,10,1.2000,10,1.2000,7876,17446,1.2083,0.2445,,0,0.0000,0.0000,1.2083,0.2445,0,,,0.0000,
0002,千房FC,500004,FC第4エリア,526   ,高知野市店,2026/07/31,金,平日,,晴,34.0,25.0,計,48384,22211,2.1784,1.3153,11112,4.3542,27,12,1792.0,1.17,10,2.7000,6,4.5000,7876,,0.0000,0.2212,,0,0.0000,0.0000,0.0000,0.2212,0,,,0.0000,
0002,千房FC,500004,FC第4エリア,527   ,岡山大安寺店,2026/07/13,月,平日,,,,,計,71493,90000,0.7944,0.7944,94667,0.7552,36,22,1985.9,0.38,73,0.4932,78,0.4615,15030,,0.0000,0.0000,,0,0.0000,0.0000,0.0000,0.0000,0,,,0.0000,
0002,千房FC,500004,FC第4エリア,527   ,岡山大安寺店,2026/07/14,火,平日,,,,,計,74588,90000,0.8288,0.8116,114902,0.6491,55,29,1356.1,0.57,73,0.7534,75,0.7333,15030,,0.0000,0.0000,,0,0.0000,0.0000,0.0000,0.0000,0,,,0.0000,
0002,千房FC,500004,FC第4エリア,527   ,岡山大安寺店,2026/07/15,水,平日,,,,,計,98906,90000,1.0990,0.9074,75577,1.3087,65,34,1521.6,0.68,73,0.8904,68,0.9559,15030,,0.0000,0.0000,,0,0.0000,0.0000,0.0000,0.0000,0,,,0.0000,
0002,千房FC,500004,FC第4エリア,527   ,岡山大安寺店,2026/07/16,木,平日,,,,,計,63919,90000,0.7102,0.8581,71053,0.8996,44,23,1452.7,0.46,73,0.6027,68,0.6471,15030,63405,0.9920,0.2053,,0,0.0000,0.0000,0.9920,0.2053,0,,,0.0000,
0002,千房FC,500004,FC第4エリア,527   ,岡山大安寺店,2026/07/17,金,平日,,,,,計,71853,90000,0.7984,0.8461,98999,0.7258,53,29,1355.7,0.55,73,0.7260,79,0.6709,15030,,0.0000,0.1665,,0,0.0000,0.0000,0.0000,0.1665,0,,,0.0000,
0002,千房FC,500004,FC第4エリア,527   ,岡山大安寺店,2026/07/18,土,土曜,,,,,計,139821,190000,0.7359,0.8134,196867,0.7102,101,42,1384.4,1.05,152,0.6645,146,0.6918,32300,,0.0000,0.1218,,0,0.0000,0.0000,0.0000,0.1218,0,,,0.0000,
0002,千房FC,500004,FC第4エリア,527   ,岡山大安寺店,2026/07/19,日,日祝,,,,,計,211877,190000,1.1151,0.8825,233709,0.9066,140,57,1513.4,1.46,152,0.9211,177,0.7910,33820,,0.0000,0.0866,,0,0.0000,0.0000,0.0000,0.0866,0,,,0.0000,
0002,千房FC,500004,FC第4エリア,527   ,岡山大安寺店,2026/07/20,月,日祝,,,,,計,217346,190000,1.1439,0.9312,272370,0.7980,127,62,1711.4,1.32,152,0.8355,229,0.5546,33820,,0.0000,0.0668,,0,0.0000,0.0000,0.0000,0.0668,0,,,0.0000,
0002,千房FC,500004,FC第4エリア,527   ,岡山大安寺店,2026/07/21,火,平日,,,,,計,58373,85000,0.6867,0.9124,123719,0.4718,40,21,1459.3,0.42,69,0.5797,106,0.3774,15030,,0.0000,0.0629,,0,0.0000,0.0000,0.0000,0.0629,0,,,0.0000,
0002,千房FC,500004,FC第4エリア,527   ,岡山大安寺店,2026/07/22,水,平日,,,,,計,66605,85000,0.7836,0.9032,119709,0.5564,46,23,1447.9,0.48,69,0.6667,101,0.4554,15030,,0.0000,0.0590,,0,0.0000,0.0000,0.0000,0.0590,0,,,0.0000,
0002,千房FC,500004,FC第4エリア,527   ,岡山大安寺店,2026/07/23,木,平日,,,,,計,78049,90000,0.8672,0.9006,75001,1.0406,43,27,1815.1,0.45,73,0.5890,63,0.6825,15030,50437,0.6462,0.0988,,0,0.0000,0.0000,0.6462,0.0988,0,,,0.0000,
0002,千房FC,500004,FC第4エリア,527   ,岡山大安寺店,2026/07/24,金,平日,,,,,計,62028,90000,0.6892,0.8868,72211,0.8590,40,19,1550.7,0.42,73,0.5479,65,0.6154,15030,,0.0000,0.0937,,0,0.0000,0.0000,0.0000,0.0937,0,,,0.0000,
0002,千房FC,500004,FC第4エリア,527   ,岡山大安寺店,2026/07/25,土,土曜,,,,,計,121319,190000,0.6385,0.8565,166974,0.7266,76,34,1596.3,0.79,152,0.5000,124,0.6129,32300,,0.0000,0.0852,,0,0.0000,0.0000,0.0000,0.0852,0,,,0.0000,
0002,千房FC,500004,FC第4エリア,527   ,岡山大安寺店,2026/07/26,日,日祝,,,,,計,160611,190000,0.8453,0.8553,165165,0.9724,89,44,1804.6,0.93,152,0.5855,123,0.7236,33820,,0.0000,0.0761,,0,0.0000,0.0000,0.0000,0.0761,0,,,0.0000,
0002,千房FC,500004,FC第4エリア,527   ,岡山大安寺店,2026/07/27,月,平日,,,,,計,57277,85000,0.6738,0.8469,49213,1.1639,38,17,1507.3,0.40,69,0.5507,39,0.9744,15030,,0.0000,0.0733,,0,0.0000,0.0000,0.0000,0.0733,0,,,0.0000,
0002,千房FC,500004,FC第4エリア,527   ,岡山大安寺店,2026/07/28,火,平日,,,,,計,80225,85000,0.9438,0.8512,71386,1.1238,62,34,1294.0,0.65,69,0.8986,68,0.9118,15030,30940,0.3857,0.0886,,0,0.0000,0.0000,0.3857,0.0886,0,,,0.0000,
0002,千房FC,500004,FC第4エリア,527   ,岡山大安寺店,2026/07/29,水,平日,,,,,計,90205,85000,1.0612,0.8601,142492,0.6331,54,32,1670.5,0.56,69,0.7826,113,0.4779,15030,,0.0000,0.0840,,0,0.0000,0.0000,0.0000,0.0840,0,,,0.0000,
0002,千房FC,500004,FC第4エリア,527   ,岡山大安寺店,2026/07/30,木,平日,,,,,計,85766,85000,1.0090,0.8662,58794,1.4588,60,34,1429.4,0.63,69,0.8696,51,1.1765,15030,35295,0.4115,0.0995,,0,0.0000,0.0000,0.4115,0.0995,0,,,0.0000,
0002,千房FC,500004,FC第4エリア,527   ,岡山大安寺店,2026/07/31,金,平日,,,,,計,89575,85606,1.0464,0.8732,96219,0.9309,63,30,1421.8,0.66,69,0.9130,73,0.8630,15030,,0.0000,0.0948,,0,0.0000,0.0000,0.0000,0.0948,0,,,0.0000,
0002,千房FC,500004,FC第4エリア,529   ,高知南国店,2026/07/13,月,平日,,晴,32.0,26.0,計,67236,65000,1.0344,1.0344,61463,1.0939,42,22,1600.9,0.95,50,0.8400,56,0.7500,13975,,0.0000,0.0000,,0,0.0000,0.0000,0.0000,0.0000,0,,,0.0000,
0002,千房FC,500004,FC第4エリア,529   ,高知南国店,2026/07/14,火,平日,,晴,33.0,26.0,計,84948,65000,1.3069,1.1706,61804,1.3745,56,22,1516.9,1.27,50,1.1200,51,1.0980,13975,18995,0.2236,0.1248,,0,0.0000,0.0000,0.2236,0.1248,0,,,0.0000,
0002,千房FC,500004,FC第4エリア,529   ,高知南国店,2026/07/15,水,平日,,晴,32.0,26.0,計,45706,65000,0.7032,1.0148,38565,1.1852,34,19,1344.3,0.77,50,0.6800,28,1.2143,13975,,0.0000,0.0960,,0,0.0000,0.0000,0.0000,0.0960,0,,,0.0000,
0002,千房FC,500004,FC第4エリア,529   ,高知南国店,2026/07/16,木,平日,,晴,34.0,26.0,計,71722,65000,1.1034,1.0370,62034,1.1562,45,24,1593.8,1.02,50,0.9000,51,0.8824,13975,72225,1.0070,0.3383,,0,0.0000,0.0000,1.0070,0.3383,0,,,0.0000,
0002,千房FC,500004,FC第4エリア,529   ,高知南国店,2026/07/17,金,平日,,曇,35.0,26.0,計,68692,70000,0.9813,1.0252,100061,0.6865,47,21,1461.5,1.07,54,0.8704,78,0.6026,13975,12412,0.1807,0.3063,,0,0.0000,0.0000,0.1807,0.3063,0,,,0.0000,
0002,千房FC,500004,FC第4エリア,529   ,高知南国店,2026/07/18,土,土曜,,晴,33.0,26.0,計,119586,120000,0.9966,1.0175,102413,1.1677,80,34,1494.8,1.82,98,0.8163,76,1.0526,26160,35178,0.2942,0.3032,,0,0.0000,0.0000,0.2942,0.3032,0,,,0.0000,
0002,千房FC,500004,FC第4エリア,529   ,高知南国店,2026/07/19,日,日祝,,晴,33.0,26.0,計,168251,140000,1.2018,1.0613,143930,1.1690,105,47,1602.4,2.39,112,0.9375,109,0.9633,28000,3790,0.0225,0.2277,,0,0.0000,0.0000,0.0225,0.2277,0,,,0.0000,
0002,千房FC,500004,FC第4エリア,529   ,高知南国店,2026/07/20,月,日祝,,晴,33.0,26.0,計,114750,140000,0.8196,1.0149,137702,0.8333,84,47,1366.1,1.91,112,0.7500,95,0.8842,28000,,0.0000,0.1925,,0,0.0000,0.0000,0.0000,0.1925,0,,,0.0000,
0002,千房FC,500004,FC第4エリア,529   ,高知南国店,2026/07/21,火,平日,,晴,33.0,27.0,計,64955,65000,0.9993,1.0136,45076,1.4410,46,19,1412.1,1.05,50,0.9200,46,1.0000,13975,22902,0.3526,0.2054,,0,0.0000,0.0000,0.3526,0.2054,0,,,0.0000,
0002,千房FC,500004,FC第4エリア,529   ,高知南国店,2026/07/22,水,平日,,晴,33.0,27.0,計,72487,65000,1.1152,1.0213,36781,1.9708,54,26,1342.4,1.23,50,1.0800,29,1.8621,13975,17697,0.2441,0.2086,,0,0.0000,0.0000,0.2441,0.2086,0,,,0.0000,
0002,千房FC,500004,FC第4エリア,529   ,高知南国店,2026/07/23,木,平日,,晴,34.0,26.0,計,47810,65000,0.7355,1.0012,58979,0.8106,29,15,1648.6,0.66,50,0.5800,54,0.5370,13975,58304,1.2195,0.2608,,0,0.0000,0.0000,1.2195,0.2608,0,,,0.0000,
0002,千房FC,500004,FC第4エリア,529   ,高知南国店,2026/07/24,金,平日,,曇,35.0,27.0,計,43922,70000,0.6275,0.9749,41458,1.0594,31,16,1416.8,0.70,54,0.5741,43,0.7209,13975,3790,0.0863,0.2529,,0,0.0000,0.0000,0.0863,0.2529,0,,,0.0000,
0002,千房FC,500004,FC第4エリア,529   ,高知南国店,2026/07/25,土,土曜,,晴,34.0,27.0,計,96836,128870,0.7514,0.9493,132022,0.7335,67,32,1445.3,1.52,105,0.6381,96,0.6979,26160,9529,0.0984,0.2388,,0,0.0000,0.0000,0.0984,0.2388,0,,,0.0000,
0002,千房FC,500004,FC第4エリア,529   ,高知南国店,2026/07/26,日,日祝,,晴,35.0,27.0,計,104635,140000,0.7474,0.9269,136300,0.7677,77,35,1358.9,1.75,112,0.6875,103,0.7476,28000,3790,0.0362,0.2207,,0,0.0000,0.0000,0.0362,0.2207,0,,,0.0000,
0002,千房FC,500004,FC第4エリア,529   ,高知南国店,2026/07/27,月,平日,,雨,34.0,27.0,計,56798,65000,0.8738,0.9243,94215,0.6029,40,19,1420.0,0.91,50,0.8000,62,0.6452,13975,3150,0.0555,0.2131,,0,0.0000,0.0000,0.0555,0.2131,0,,,0.0000,
0002,千房FC,500004,FC第4エリア,529   ,高知南国店,2026/07/28,火,平日,,晴,34.0,25.0,計,64350,65000,0.9900,0.9274,82405,0.7809,45,20,1430.0,1.02,50,0.9000,69,0.6522,13975,9755,0.1516,0.2100,,0,0.0000,0.0000,0.1516,0.2100,0,,,0.0000,
0002,千房FC,500004,FC第4エリア,529   ,高知南国店,2026/07/29,水,平日,,曇,34.0,27.0,計,31710,65000,0.4878,0.9078,42526,0.7457,21,13,1510.0,0.48,50,0.4200,28,0.7500,13975,3900,0.1230,0.2080,,0,0.0000,0.0000,0.1230,0.2080,0,,,0.0000,
0002,千房FC,500004,FC第4エリア,529   ,高知南国店,2026/07/30,木,平日,,晴,36.0,26.0,計,65216,65000,1.0033,0.9119,67904,0.9604,45,27,1449.2,1.02,50,0.9000,50,0.9000,13975,19632,0.3010,0.2123,,0,0.0000,0.0000,0.3010,0.2123,0,,,0.0000,
0002,千房FC,500004,FC第4エリア,529   ,高知南国店,2026/07/31,金,平日,,晴,36.0,25.0,計,95892,65000,1.4753,0.9349,75280,1.2738,59,30,1625.3,1.34,50,1.1800,60,0.9833,13975,,0.0000,0.1986,,0,0.0000,0.0000,0.0000,0.1986,0,,,0.0000,
0002,千房FC,500004,FC第4エリア,531   ,高松レインボー店,2026/07/13,月,平日,,晴,35.0,27.0,計,84092,100000,0.8409,0.8409,100142,0.8397,47,24,1789.2,0.73,51,0.9216,63,0.7460,0,,0.0000,0.0000,0,26467,0.3147,0.3147,0.3147,0.3147,1381,3653.5,,0.0000,
0002,千房FC,500004,FC第4エリア,531   ,高松レインボー店,2026/07/14,火,平日,,晴,35.0,28.0,計,56988,100000,0.5699,0.7054,82289,0.6925,30,17,1899.6,0.47,51,0.5882,60,0.5000,0,48532,0.8516,0.3440,0,31449,0.5519,0.4105,1.4035,0.7545,1641,2083.7,,0.0000,
0002,千房FC,500004,FC第4エリア,531   ,高松レインボー店,2026/07/15,水,平日,,晴,35.0,27.0,計,179653,100000,1.7965,1.0691,,,106,27,1694.8,1.66,51,2.0784,,,0,,0.0000,0.1513,0,36348,0.2023,0.2939,0.2023,0.4452,1895,5688.2,,0.0000,
0002,千房FC,500004,FC第4エリア,531   ,高松レインボー店,2026/07/16,木,平日,,晴,35.0,28.0,計,75833,100000,0.7583,0.9914,92967,0.8157,41,23,1849.6,0.64,51,0.8039,65,0.6308,0,31180,0.4112,0.2010,0,33081,0.4362,0.3211,0.8474,0.5221,1767,2575.0,,0.0000,
0002,千房FC,500004,FC第4エリア,531   ,高松レインボー店,2026/07/17,金,平日,,曇,35.0,26.0,計,109831,100000,1.0983,1.0128,94398,1.1635,69,30,1591.8,1.08,51,1.3529,61,1.1311,0,17579,0.1601,0.1921,0,37297,0.3396,0.3251,0.4996,0.5172,2026,3252.6,,0.0000,
0002,千房FC,500004,FC第4エリア,531   ,高松レインボー店,2026/07/18,土,土曜,,曇,34.0,27.0,計,158085,230000,0.6873,0.9102,192342,0.8219,104,49,1520.0,1.63,115,0.9043,136,0.7647,0,82077,0.5192,0.2699,0,57345,0.3627,0.3341,0.8819,0.6040,3163,2998.8,,0.0000,
0002,千房FC,500004,FC第4エリア,531   ,高松レインボー店,2026/07/19,日,日祝,,曇,33.0,27.0,計,358383,230000,1.5582,1.0655,271205,1.3214,191,79,1876.4,2.98,116,1.6466,196,0.9745,0,,0.0000,0.1754,0,54536,0.1522,0.2703,0.1522,0.4457,3002,7162.9,,0.0000,
0002,千房FC,500004,FC第4エリア,531   ,高松レインボー店,2026/07/20,月,日祝,,晴,35.0,27.0,計,243446,220000,1.1066,1.0731,139595,1.7439,156,67,1560.6,2.44,111,1.4054,91,1.7143,0,6718,0.0276,0.1470,0,52001,0.2136,0.2594,0.2412,0.4064,2875,5080.6,,0.0000,
0002,千房FC,500004,FC第4エリア,531   ,高松レインボー店,2026/07/21,火,平日,,晴,36.0,28.0,計,97800,100000,0.9780,1.0657,113389,0.8625,70,20,1397.1,1.09,51,1.3725,74,0.9459,0,43234,0.4421,0.1681,0,33518,0.3427,0.2654,0.7848,0.4335,1713,3425.6,,0.0000,
0002,千房FC,500004,FC第4エリア,531   ,高松レインボー店,2026/07/22,水,平日,,晴,36.0,29.0,計,107576,100000,1.0758,1.0664,,,71,32,1515.2,1.11,51,1.3922,,,0,988,0.0092,0.1565,0,28089,0.2611,0.2651,0.2703,0.4216,1623,3976.9,,0.0000,
0002,千房FC,500004,FC第4エリア,531   ,高松レインボー店,2026/07/23,木,平日,,晴,36.0,28.0,計,86868,100000,0.8687,1.0531,49127,1.7682,63,30,1378.9,0.98,51,1.2353,32,1.9688,0,22093,0.2543,0.1619,0,22117,0.2546,0.2645,0.5089,0.4265,1154,4516.5,,0.0000,
0002,千房FC,500004,FC第4エリア,531   ,高松レインボー店,2026/07/24,金,平日,,晴,37.0,28.0,計,72178,100000,0.7218,1.0321,81519,0.8854,53,25,1361.8,0.83,51,1.0392,56,0.9464,0,16322,0.2261,0.1648,0,28225,0.3910,0.2701,0.6172,0.4349,1469,2948.0,,0.0000,
0002,千房FC,500004,FC第4エリア,531   ,高松レインボー店,2026/07/25,土,土曜,,晴,37.0,28.0,計,130574,230000,0.5677,0.9731,178304,0.7323,84,40,1554.5,1.31,115,0.7304,121,0.6942,0,69975,0.5359,0.1923,0,62508,0.4787,0.2856,1.0146,0.4779,3236,2421.0,,0.0000,
0002,千房FC,500004,FC第4エリア,531   ,高松レインボー店,2026/07/26,日,日祝,,晴,37.0,28.0,計,170211,220000,0.7737,0.9515,169489,1.0043,116,48,1467.3,1.81,111,1.0450,122,0.9508,0,,0.0000,0.1754,0,46039,0.2705,0.2842,0.2705,0.4596,2377,4296.4,,0.0000,
0002,千房FC,500004,FC第4エリア,531   ,高松レインボー店,2026/07/27,月,平日,,晴,37.0,28.0,計,69138,100000,0.6914,0.9393,85376,0.8098,42,22,1646.1,0.66,51,0.8235,58,0.7241,0,,0.0000,0.1693,0,30255,0.4376,0.2895,0.4376,0.4588,1576,2632.2,,0.0000,
0002,千房FC,500004,FC第4エリア,531   ,高松レインボー店,2026/07/28,火,平日,,晴,38.0,28.0,計,179047,100000,1.7905,0.9774,95047,1.8838,99,26,1808.6,1.55,51,1.9412,60,1.6500,0,33870,0.1892,0.1709,0,21434,0.1197,0.2756,0.3089,0.4465,1085,9901.2,,0.0000,
0002,千房FC,500004,FC第4エリア,531   ,高松レインボー店,2026/07/29,水,平日,,晴,33.0,28.0,計,96279,100000,0.9628,0.9768,,,59,31,1631.8,0.92,51,1.1569,,,0,7300,0.0758,0.1669,0,30428,0.3160,0.2773,0.3919,0.4442,1587,3640.0,,0.0000,
0002,千房FC,500004,FC第4エリア,531   ,高松レインボー店,2026/07/30,木,平日,,晴,36.0,28.0,計,66805,100000,0.6681,0.9641,62327,1.0718,37,22,1805.5,0.58,51,0.7255,44,0.8409,0,8790,0.1316,0.1659,0,34123,0.5108,0.2840,0.6424,0.4499,1738,2306.3,,0.0000,
0002,千房FC,500004,FC第4エリア,531   ,高松レインボー店,2026/07/31,金,平日,,晴,36.0,27.0,計,138001,103416,1.3344,0.9792,95383,1.4468,83,38,1662.7,1.30,52,1.5962,61,1.3607,0,2985,0.0216,0.1579,0,45759,0.3316,0.2866,0.3532,0.4445,2287,3620.5,,0.0000,
0002,千房FC,500002,FC第2エリア,534   ,札幌アスティ４５店,2026/07/13,月,平日,,曇,26.0,22.0,計,139649,110000,1.2695,1.2695,66055,2.1141,92,43,1517.9,1.92,67,1.3731,47,1.9574,27830,16615,0.1190,0.1190,,0,0.0000,0.0000,0.1190,0.1190,0,,,0.0000,
0002,千房FC,500002,FC第2エリア,534   ,札幌アスティ４５店,2026/07/14,火,平日,,雨,26.0,22.0,計,138730,110000,1.2612,1.2654,77174,1.7976,95,52,1460.3,1.98,67,1.4179,55,1.7273,27830,95291,0.6869,0.4020,,0,0.0000,0.0000,0.6869,0.4020,0,,,0.0000,
0002,千房FC,500002,FC第2エリア,534   ,札幌アスティ４５店,2026/07/15,水,平日,,晴,29.0,23.0,計,230124,110000,2.0920,1.5409,125731,1.8303,111,40,2073.2,2.31,67,1.6567,82,1.3537,27830,,0.0000,0.2201,,0,0.0000,0.0000,0.0000,0.2201,0,,,0.0000,
0002,千房FC,500002,FC第2エリア,534   ,札幌アスティ４５店,2026/07/16,木,平日,,晴,30.0,23.0,計,151826,110000,1.3802,1.5007,121155,1.2532,102,47,1488.5,2.13,67,1.5224,80,1.2750,27830,4077,0.0269,0.1756,,0,0.0000,0.0000,0.0269,0.1756,0,,,0.0000,
0002,千房FC,500002,FC第2エリア,534   ,札幌アスティ４５店,2026/07/17,金,平日,,晴,30.0,22.0,計,211064,110000,1.9188,1.5844,134770,1.5661,78,43,2705.9,1.63,67,1.1642,77,1.0130,27830,78561,0.3722,0.2233,,0,0.0000,0.0000,0.3722,0.2233,0,,,0.0000,
0002,千房FC,500002,FC第2エリア,534   ,札幌アスティ４５店,2026/07/18,土,土曜,,曇,25.0,22.0,計,180962,200000,0.9048,1.4031,108570,1.6668,100,48,1809.6,2.08,120,0.8333,68,1.4706,46563,73244,0.4047,0.2545,,0,0.0000,0.0000,0.4047,0.2545,0,,,0.0000,
0002,千房FC,500002,FC第2エリア,534   ,札幌アスティ４５店,2026/07/19,日,日祝,,曇,24.0,21.0,計,186026,190000,0.9791,1.3174,166221,1.1191,109,49,1706.7,2.27,114,0.9561,107,1.0187,44234,,0.0000,0.2162,,0,0.0000,0.0000,0.0000,0.2162,0,,,0.0000,
0002,千房FC,500002,FC第2エリア,534   ,札幌アスティ４５店,2026/07/20,月,日祝,,晴,24.0,21.0,計,142866,190000,0.7519,1.2223,92228,1.5491,85,43,1680.8,1.77,114,0.7456,65,1.3077,44234,3164,0.0221,0.1962,,0,0.0000,0.0000,0.0221,0.1962,0,,,0.0000,
0002,千房FC,500002,FC第2エリア,534   ,札幌アスティ４５店,2026/07/21,火,平日,,晴,30.0,22.0,計,86252,110000,0.7841,1.1835,121993,0.7070,65,36,1327.0,1.35,67,0.9701,78,0.8333,27830,94325,1.0936,0.2489,,0,0.0000,0.0000,1.0936,0.2489,0,,,0.0000,
0002,千房FC,500002,FC第2エリア,534   ,札幌アスティ４５店,2026/07/22,水,平日,,雨,24.0,22.0,計,147202,110000,1.3382,1.1961,112455,1.3090,98,49,1502.1,2.04,67,1.4627,76,1.2895,27830,,0.0000,0.2262,,0,0.0000,0.0000,0.0000,0.2262,0,,,0.0000,
0002,千房FC,500002,FC第2エリア,534   ,札幌アスティ４５店,2026/07/23,木,平日,,晴,28.0,19.0,計,144392,110000,1.3127,1.2049,145122,0.9950,88,45,1640.8,1.83,67,1.3134,87,1.0115,27830,1256,0.0087,0.2084,,0,0.0000,0.0000,0.0087,0.2084,0,,,0.0000,
0002,千房FC,500002,FC第2エリア,534   ,札幌アスティ４５店,2026/07/24,金,平日,,曇,27.0,22.0,計,214894,110000,1.9536,1.2573,133103,1.6145,90,51,2387.7,1.88,67,1.3433,75,1.2000,27830,70602,0.3285,0.2214,,0,0.0000,0.0000,0.3285,0.2214,0,,,0.0000,
0002,千房FC,500002,FC第2エリア,534   ,札幌アスティ４５店,2026/07/25,土,土曜,,曇,24.0,19.0,計,181477,200000,0.9074,1.2178,123634,1.4679,83,39,2186.5,1.73,120,0.6917,70,1.1857,46563,48407,0.2667,0.2253,,0,0.0000,0.0000,0.2667,0.2253,0,,,0.0000,
0002,千房FC,500002,FC第2エリア,534   ,札幌アスティ４５店,2026/07/26,日,日祝,,曇,24.0,19.0,計,109548,190000,0.5766,1.1556,164061,0.6677,65,33,1685.4,1.35,114,0.5702,92,0.7065,44234,,0.0000,0.2144,,0,0.0000,0.0000,0.0000,0.2144,0,,,0.0000,
0002,千房FC,500002,FC第2エリア,534   ,札幌アスティ４５店,2026/07/27,月,平日,,曇,26.0,18.0,計,98312,110000,0.8937,1.1417,104338,0.9422,64,39,1536.1,1.33,67,0.9552,79,0.8101,27830,2992,0.0304,0.2067,,0,0.0000,0.0000,0.0304,0.2067,0,,,0.0000,
0002,千房FC,500002,FC第2エリア,534   ,札幌アスティ４５店,2026/07/28,火,平日,,曇,24.0,18.0,計,95119,110000,0.8647,1.1277,137012,0.6942,65,38,1463.4,1.35,67,0.9701,94,0.6915,27830,75526,0.7940,0.2294,,0,0.0000,0.0000,0.7940,0.2294,0,,,0.0000,
0002,千房FC,500002,FC第2エリア,534   ,札幌アスティ４５店,2026/07/29,水,平日,,曇,23.0,20.0,計,122431,110000,1.1130,1.1270,57373,2.1339,65,41,1883.6,1.35,67,0.9701,44,1.4773,27830,,0.0000,0.2186,,0,0.0000,0.0000,0.0000,0.2186,0,,,0.0000,
0002,千房FC,500002,FC第2エリア,534   ,札幌アスティ４５店,2026/07/30,木,平日,,曇,23.0,19.0,計,149198,110000,1.3563,1.1375,92658,1.6102,94,57,1587.2,1.96,67,1.4030,60,1.5667,27830,26416,0.1771,0.2163,,0,0.0000,0.0000,0.1771,0.2163,0,,,0.0000,
0002,千房FC,500002,FC第2エリア,534   ,札幌アスティ４５店,2026/07/31,金,平日,,曇,24.0,19.0,計,286514,111526,2.5690,1.2011,150793,1.9000,140,68,2046.5,2.92,67,2.0896,107,1.3084,27830,5335,0.0186,0.1975,,0,0.0000,0.0000,0.0186,0.1975,0,,,0.0000,
0002,千房FC,500001,FC第1エリア,535   ,丸太町七本松店,2026/07/13,月,平日,,晴,34.0,27.0,計,10777,25000,0.4311,0.4311,36126,0.2983,8,5,1347.1,0.31,8,1.0000,13,0.6154,14725,,0.0000,0.0000,,0,0.0000,0.0000,0.0000,0.0000,0,,,0.0000,
0002,千房FC,500001,FC第1エリア,535   ,丸太町七本松店,2026/07/14,火,平日,,曇,35.0,26.0,計,35486,25000,1.4194,0.9253,39960,0.8880,19,10,1867.7,0.73,8,2.3750,19,1.0000,14725,18940,0.5337,0.4094,,0,0.0000,0.0000,0.5337,0.4094,0,,,0.0000,
0002,千房FC,500001,FC第1エリア,535   ,丸太町七本松店,2026/07/15,水,平日,休,晴,34.0,26.0,計,,0,,0.9253,,,,,,0,0,,,,0,800,,0.4267,,0,,0.0000,,0.4267,0,,,,
0002,千房FC,500001,FC第1エリア,535   ,丸太町七本松店,2026/07/16,木,平日,,曇,35.0,28.0,計,15250,25000,0.6100,0.8202,30207,0.5049,13,8,1173.1,0.50,8,1.6250,14,0.9286,14725,,0.0000,0.3209,,0,0.0000,0.0000,0.0000,0.3209,0,,,0.0000,
0002,千房FC,500001,FC第1エリア,535   ,丸太町七本松店,2026/07/17,金,平日,,晴,36.0,26.0,計,29881,25000,1.1952,0.9139,41659,0.7173,21,9,1422.9,0.81,8,2.6250,22,0.9545,14725,4600,0.1539,0.2663,,0,0.0000,0.0000,0.1539,0.2663,0,,,0.0000,
0002,千房FC,500001,FC第1エリア,535   ,丸太町七本松店,2026/07/18,土,土曜,,雨,34.0,28.0,計,43110,35000,1.2317,0.9963,27757,1.5531,22,13,1959.5,0.85,19,1.1579,15,1.4667,14720,1530,0.0355,0.1923,,0,0.0000,0.0000,0.0355,0.1923,0,,,0.0000,
0002,千房FC,500001,FC第1エリア,535   ,丸太町七本松店,2026/07/19,日,日祝,,曇,34.0,27.0,計,44050,36000,1.2236,1.0442,61970,0.7108,22,11,2002.3,0.85,20,1.1000,30,0.7333,17204,,0.0000,0.1449,,0,0.0000,0.0000,0.0000,0.1449,0,,,0.0000,
0002,千房FC,500001,FC第1エリア,535   ,丸太町七本松店,2026/07/20,月,日祝,,晴,37.0,28.0,計,48672,35000,1.3906,1.1030,29431,1.6538,25,10,1946.9,0.96,21,1.1905,17,1.4706,17204,,0.0000,0.1139,,0,0.0000,0.0000,0.0000,0.1139,0,,,0.0000,
0002,千房FC,500001,FC第1エリア,535   ,丸太町七本松店,2026/07/21,火,平日,,曇,37.0,28.0,計,15320,25000,0.6128,1.0500,8976,1.7068,7,5,2188.6,0.27,8,0.8750,8,0.8750,14725,17756,1.1590,0.1799,,0,0.0000,0.0000,1.1590,0.1799,0,,,0.0000,
0002,千房FC,500001,FC第1エリア,535   ,丸太町七本松店,2026/07/22,水,平日,休,曇,38.0,28.0,計,,0,,1.0500,,,,,,0,0,,,,0,,,0.1799,,0,,0.0000,,0.1799,0,,,,
0002,千房FC,500001,FC第1エリア,535   ,丸太町七本松店,2026/07/23,木,平日,,晴,38.0,28.0,計,27906,25000,1.1162,1.0565,22116,1.2618,12,10,2325.5,0.46,8,1.5000,15,0.8000,14725,1860,0.0667,0.1682,,0,0.0000,0.0000,0.0667,0.1682,0,,,0.0000,
0002,千房FC,500001,FC第1エリア,535   ,丸太町七本松店,2026/07/24,金,平日,,曇,37.0,27.0,計,21031,25000,0.8412,1.0373,46713,0.4502,10,6,2103.1,0.38,8,1.2500,22,0.4545,14725,25328,1.2043,0.2429,,0,0.0000,0.0000,1.2043,0.2429,0,,,0.0000,
0002,千房FC,500001,FC第1エリア,535   ,丸太町七本松店,2026/07/25,土,土曜,,晴,37.0,27.0,計,29917,32000,0.9349,1.0268,39571,0.7560,20,13,1495.9,0.77,18,1.1111,20,1.0000,14720,,0.0000,0.2203,,0,0.0000,0.0000,0.0000,0.2203,0,,,0.0000,
0002,千房FC,500001,FC第1エリア,535   ,丸太町七本松店,2026/07/26,日,日祝,,雨,37.0,27.0,計,2319,35000,0.0663,0.9302,56765,0.0409,2,1,1159.5,0.08,21,0.0952,34,0.0588,17204,,0.0000,0.2188,,0,0.0000,0.0000,0.0000,0.2188,0,,,0.0000,
0002,千房FC,500001,FC第1エリア,535   ,丸太町七本松店,2026/07/27,月,平日,,曇,34.0,26.0,計,22279,25000,0.8912,0.9276,37917,0.5876,9,7,2475.4,0.35,8,1.1250,12,0.7500,14725,16490,0.7402,0.2523,,0,0.0000,0.0000,0.7402,0.2523,0,,,0.0000,
0002,千房FC,500001,FC第1エリア,535   ,丸太町七本松店,2026/07/28,火,平日,,雨,35.0,25.0,計,31069,25000,1.2428,0.9474,14279,2.1759,10,7,3106.9,0.38,8,1.2500,8,1.2500,14725,10798,0.3475,0.2602,,0,0.0000,0.0000,0.3475,0.2602,0,,,0.0000,
0002,千房FC,500001,FC第1エリア,535   ,丸太町七本松店,2026/07/29,水,平日,休,曇,33.0,25.0,計,,0,,0.9474,,,,,,0,0,,,,0,,,0.2602,,0,,0.0000,,0.2602,0,,,,
0002,千房FC,500001,FC第1エリア,535   ,丸太町七本松店,2026/07/30,木,平日,,晴,37.0,27.0,計,33657,25000,1.3463,0.9710,27980,1.2029,16,11,2103.6,0.62,8,2.0000,8,2.0000,14725,,0.0000,0.2389,,0,0.0000,0.0000,0.0000,0.2389,0,,,0.0000,
0002,千房FC,500001,FC第1エリア,535   ,丸太町七本松店,2026/07/31,金,平日,,晴,36.0,27.0,計,38260,25000,1.5304,1.0022,26228,1.4587,16,9,2391.3,0.62,8,2.0000,22,0.7273,14725,,0.0000,0.2185,,0,0.0000,0.0000,0.0000,0.2185,0,,,0.0000,
0002,千房FC,500002,FC第2エリア,541   ,仙台一番町店,2026/07/13,月,平日,,曇,29.0,23.0,計,,80000,0.0000,0.0000,,,,,,0,32,0.0000,,,25813,,,,,0,,,,,0,,,,
0002,千房FC,500002,FC第2エリア,541   ,仙台一番町店,2026/07/14,火,平日,,曇,30.0,23.0,計,78706,80000,0.9838,0.4919,48086,1.6368,29,13,2714.0,0.54,32,0.9063,15,1.9333,25813,3406,0.0433,0.0433,,0,0.0000,0.0000,0.0433,0.0433,0,,,0.0000,
0002,千房FC,500002,FC第2エリア,541   ,仙台一番町店,2026/07/15,水,平日,,晴,32.0,24.0,計,46042,80000,0.5755,0.5198,69658,0.6610,24,12,1918.4,0.44,32,0.7500,22,1.0909,25813,41598,0.9035,0.3608,,0,0.0000,0.0000,0.9035,0.3608,0,,,0.0000,
0002,千房FC,500002,FC第2エリア,541   ,仙台一番町店,2026/07/16,木,平日,,曇,30.0,25.0,計,60951,80000,0.7619,0.5803,51347,1.1870,19,10,3207.9,0.35,32,0.5938,21,0.9048,25813,42121,0.6911,0.4692,,0,0.0000,0.0000,0.6911,0.4692,0,,,0.0000,
0002,千房FC,500002,FC第2エリア,541   ,仙台一番町店,2026/07/17,金,平日,,曇,24.0,24.0,計,108517,80000,1.3565,0.7355,70654,1.5359,37,18,2932.9,0.69,32,1.1563,38,0.9737,25813,23943,0.2206,0.3775,,0,0.0000,0.0000,0.2206,0.3775,0,,,0.0000,
0002,千房FC,500002,FC第2エリア,541   ,仙台一番町店,2026/07/18,土,土曜,,曇,25.0,23.0,計,127484,160000,0.7968,0.7530,209143,0.6096,49,25,2601.7,0.91,64,0.7656,106,0.4623,51626,70167,0.5504,0.4298,,0,0.0000,0.0000,0.5504,0.4298,0,,,0.0000,
0002,千房FC,500002,FC第2エリア,541   ,仙台一番町店,2026/07/19,日,日祝,,晴,30.0,22.0,計,156894,150000,1.0460,0.8149,137932,1.1375,64,25,2451.5,1.19,74,0.8649,62,1.0323,48400,4100,0.0261,0.3203,,0,0.0000,0.0000,0.0261,0.3203,0,,,0.0000,
0002,千房FC,500002,FC第2エリア,541   ,仙台一番町店,2026/07/20,月,日祝,,雨,33.0,25.0,計,74007,150000,0.4934,0.7588,431567,0.1715,33,15,2242.6,0.61,74,0.4459,264,0.1250,48400,,0.0000,0.2840,,0,0.0000,0.0000,0.0000,0.2840,0,,,0.0000,
0002,千房FC,500002,FC第2エリア,541   ,仙台一番町店,2026/07/21,火,平日,,曇,33.0,26.0,計,33593,80000,0.4199,0.7300,63860,0.5260,13,8,2584.1,0.24,32,0.4063,28,0.4643,25813,4300,0.1280,0.2764,,0,0.0000,0.0000,0.1280,0.2764,0,,,0.0000,
0002,千房FC,500002,FC第2エリア,541   ,仙台一番町店,2026/07/22,水,平日,,曇,33.0,26.0,計,30256,80000,0.3782,0.7024,59669,0.5071,14,7,2161.1,0.26,32,0.4375,27,0.5185,25813,13810,0.4564,0.2840,,0,0.0000,0.0000,0.4564,0.2840,0,,,0.0000,
0002,千房FC,500002,FC第2エリア,541   ,仙台一番町店,2026/07/23,木,平日,,曇,31.0,24.0,計,92453,80000,1.1557,0.7354,87740,1.0537,31,14,2982.4,0.57,32,0.9688,27,1.1481,25813,6008,0.0650,0.2589,,0,0.0000,0.0000,0.0650,0.2589,0,,,0.0000,
0002,千房FC,500002,FC第2エリア,541   ,仙台一番町店,2026/07/24,金,平日,,雨,24.0,23.0,計,123045,80000,1.5381,0.7898,99227,1.2400,43,18,2861.5,0.80,32,1.3438,37,1.1622,25813,28356,0.2305,0.2552,,0,0.0000,0.0000,0.2305,0.2552,0,,,0.0000,
0002,千房FC,500002,FC第2エリア,541   ,仙台一番町店,2026/07/25,土,土曜,,雨,23.0,22.0,計,204294,160000,1.2768,0.8479,146024,1.3990,66,31,3095.4,1.22,64,1.0313,60,1.1000,51626,34118,0.1670,0.2393,,0,0.0000,0.0000,0.1670,0.2393,0,,,0.0000,
0002,千房FC,500002,FC第2エリア,541   ,仙台一番町店,2026/07/26,日,日祝,,雨,22.0,20.0,計,123628,150000,0.8242,0.8456,74514,1.6591,59,22,2095.4,1.09,74,0.7973,36,1.6389,48400,,0.0000,0.2158,,0,0.0000,0.0000,0.0000,0.2158,0,,,0.0000,
0002,千房FC,500002,FC第2エリア,541   ,仙台一番町店,2026/07/27,月,平日,,曇,23.0,19.0,計,46912,80000,0.5864,0.8323,42388,1.1067,18,8,2606.2,0.33,32,0.5625,20,0.9000,25813,,0.0000,0.2081,,0,0.0000,0.0000,0.0000,0.2081,0,,,0.0000,
0002,千房FC,500002,FC第2エリア,541   ,仙台一番町店,2026/07/28,火,平日,,雨,23.0,21.0,計,457798,80000,5.7225,1.0694,106527,4.2975,265,12,1727.5,4.91,32,8.2813,43,6.1628,25813,27998,0.0612,0.1700,,0,0.0000,0.0000,0.0612,0.1700,0,,,0.0000,
0002,千房FC,500002,FC第2エリア,541   ,仙台一番町店,2026/07/29,水,平日,,曇,30.0,22.0,計,25601,80000,0.3200,1.0348,67972,0.3766,13,5,1969.3,0.24,32,0.4063,33,0.3939,25813,24219,0.9460,0.1811,,0,0.0000,0.0000,0.9460,0.1811,0,,,0.0000,
0002,千房FC,500002,FC第2エリア,541   ,仙台一番町店,2026/07/30,木,平日,,雨,31.0,22.0,計,95423,80000,1.1928,1.0418,67170,1.4206,30,14,3180.8,0.56,32,0.9375,29,1.0345,25813,2938,0.0308,0.1735,,0,0.0000,0.0000,0.0308,0.1735,0,,,0.0000,
0002,千房FC,500002,FC第2エリア,541   ,仙台一番町店,2026/07/31,金,平日,,雨,29.0,23.0,計,111744,88275,1.2659,1.0522,128274,0.8711,37,16,3020.1,0.69,35,1.0571,48,0.7708,25813,32898,0.2944,0.1802,,0,0.0000,0.0000,0.2944,0.1802,0,,,0.0000,
0002,千房FC,500004,FC第4エリア,542   ,広島パセーラ店,2026/07/13,月,平日,,晴,34.0,27.0,計,43889,85000,0.5163,0.5163,41403,1.0600,35,22,1254.0,0.63,51,0.6863,31,1.1290,55035,,0.0000,0.0000,,0,0.0000,0.0000,0.0000,0.0000,0,,,0.0000,
0002,千房FC,500004,FC第4エリア,542   ,広島パセーラ店,2026/07/14,火,平日,,晴,34.0,27.0,計,51192,85000,0.6023,0.5593,44546,1.1492,33,22,1551.3,0.59,51,0.6471,31,1.0645,55035,,0.0000,0.0000,,0,0.0000,0.0000,0.0000,0.0000,0,,,0.0000,
0002,千房FC,500004,FC第4エリア,542   ,広島パセーラ店,2026/07/15,水,平日,休,曇,32.0,28.0,計,,0,,0.5593,,,,,,0,0,,,,0,,,0.0000,,0,,0.0000,,0.0000,0,,,,
0002,千房FC,500004,FC第4エリア,542   ,広島パセーラ店,2026/07/16,木,平日,,晴,34.0,27.0,計,73201,85000,0.8612,0.6599,64601,1.1331,43,27,1702.3,0.77,51,0.8431,39,1.1026,55035,79302,1.0833,0.4712,,0,0.0000,0.0000,1.0833,0.4712,0,,,0.0000,
0002,千房FC,500004,FC第4エリア,542   ,広島パセーラ店,2026/07/17,金,平日,,曇,33.0,27.0,計,79895,85000,0.9399,0.7299,68828,1.1608,58,30,1377.5,1.04,51,1.1373,47,1.2340,55035,89405,1.1190,0.6798,,0,0.0000,0.0000,1.1190,0.6798,0,,,0.0000,
0002,千房FC,500004,FC第4エリア,542   ,広島パセーラ店,2026/07/18,土,土曜,,曇,34.0,28.0,計,199552,140000,1.4254,0.9328,123446,1.6165,136,62,1467.3,2.43,91,1.4945,73,1.8630,84140,3850,0.0193,0.3854,,0,0.0000,0.0000,0.0193,0.3854,0,,,0.0000,
0002,千房FC,500004,FC第4エリア,542   ,広島パセーラ店,2026/07/19,日,日祝,,晴,35.0,27.0,計,173600,140000,1.2400,1.0021,124713,1.3920,119,57,1458.8,2.13,92,1.2935,81,1.4691,84140,13907,0.0801,0.3001,,0,0.0000,0.0000,0.0801,0.3001,0,,,0.0000,
0002,千房FC,500004,FC第4エリア,542   ,広島パセーラ店,2026/07/20,月,日祝,,晴,33.0,29.0,計,143437,155000,0.9254,0.9868,119528,1.2000,94,42,1525.9,1.68,102,0.9216,77,1.2208,84140,,0.0000,0.2438,,0,0.0000,0.0000,0.0000,0.2438,0,,,0.0000,
0002,千房FC,500004,FC第4エリア,542   ,広島パセーラ店,2026/07/21,火,平日,,晴,34.0,28.0,計,139430,85000,1.6404,1.0514,64933,2.1473,84,49,1659.9,1.50,51,1.6471,43,1.9535,55035,,0.0000,0.2062,,0,0.0000,0.0000,0.0000,0.2062,0,,,0.0000,
0002,千房FC,500004,FC第4エリア,542   ,広島パセーラ店,2026/07/22,水,平日,休,晴,35.0,28.0,計,,0,,1.0514,,,,,,0,0,,,,0,,,0.2062,,0,,0.0000,,0.2062,0,,,,
0002,千房FC,500004,FC第4エリア,542   ,広島パセーラ店,2026/07/23,木,平日,,晴,36.0,27.0,計,114096,85000,1.3423,1.0776,97754,1.1672,71,41,1607.0,1.27,51,1.3922,61,1.1639,55035,84612,0.7416,0.2662,,0,0.0000,0.0000,0.7416,0.2662,0,,,0.0000,
0002,千房FC,500004,FC第4エリア,542   ,広島パセーラ店,2026/07/24,金,平日,,晴,35.0,27.0,計,82585,85000,0.9716,1.0688,77361,1.0675,59,28,1399.7,1.05,51,1.1569,62,0.9516,55035,,0.0000,0.2462,,0,0.0000,0.0000,0.0000,0.2462,0,,,0.0000,
0002,千房FC,500004,FC第4エリア,542   ,広島パセーラ店,2026/07/25,土,土曜,,晴,36.0,27.0,計,243078,140000,1.7363,1.1487,117115,2.0756,149,73,1631.4,2.66,91,1.6374,74,2.0135,84140,21880,0.0900,0.2180,,0,0.0000,0.0000,0.0900,0.2180,0,,,0.0000,
0002,千房FC,500004,FC第4エリア,542   ,広島パセーラ店,2026/07/26,日,日祝,,晴,35.0,27.0,計,202665,140000,1.4476,1.1806,147125,1.3775,139,64,1458.0,2.48,92,1.5109,101,1.3762,84140,3850,0.0190,0.1919,,0,0.0000,0.0000,0.0190,0.1919,0,,,0.0000,
0002,千房FC,500004,FC第4エリア,542   ,広島パセーラ店,2026/07/27,月,平日,,晴,36.0,28.0,計,79993,85000,0.9411,1.1660,66913,1.1955,59,34,1355.8,1.05,51,1.1569,46,1.2826,55035,,0.0000,0.1825,,0,0.0000,0.0000,0.0000,0.1825,0,,,0.0000,
0002,千房FC,500004,FC第4エリア,542   ,広島パセーラ店,2026/07/28,火,平日,,晴,35.0,27.0,計,124940,85000,1.4699,1.1835,64081,1.9497,74,33,1688.4,1.32,51,1.4510,46,1.6087,55035,,0.0000,0.1695,,0,0.0000,0.0000,0.0000,0.1695,0,,,0.0000,
0002,千房FC,500004,FC第4エリア,542   ,広島パセーラ店,2026/07/29,水,平日,休,雨,32.0,28.0,計,98145,0,,1.2498,62979,1.5584,69,40,1422.4,1.23,0,,52,1.3269,0,64806,0.6603,0.1955,,0,0.0000,0.0000,0.6603,0.1955,0,,,0.0000,
0002,千房FC,500004,FC第4エリア,542   ,広島パセーラ店,2026/07/30,木,平日,,晴,35.0,27.0,計,71582,85000,0.8421,1.2277,95843,0.7469,57,31,1255.8,1.02,51,1.1176,71,0.8028,55035,,0.0000,0.1882,,0,0.0000,0.0000,0.0000,0.1882,0,,,0.0000,
0002,千房FC,500004,FC第4エリア,542   ,広島パセーラ店,2026/07/31,金,平日,,晴,34.0,26.0,計,73946,85601,0.8638,1.2088,80750,0.9157,55,31,1344.5,0.98,51,1.0784,56,0.9821,55035,,0.0000,0.1812,,0,0.0000,0.0000,0.0000,0.1812,0,,,0.0000,
0002,千房FC,500002,FC第2エリア,544   ,静岡パルシェ店,2026/07/13,月,平日,,曇,28.0,25.0,計,113404,119052,0.9526,0.9526,73689,1.5390,56,32,2025.1,1.40,71,0.7887,40,1.4000,22028,39263,0.3462,0.3462,,0,0.0000,0.0000,0.3462,0.3462,0,,,0.0000,
0002,千房FC,500002,FC第2エリア,544   ,静岡パルシェ店,2026/07/14,火,平日,,晴,32.0,24.0,計,87387,115000,0.7599,0.8579,114221,0.7651,33,20,2648.1,0.83,69,0.4783,56,0.5893,22028,8320,0.0952,0.2370,,0,0.0000,0.0000,0.0952,0.2370,0,,,0.0000,
0002,千房FC,500002,FC第2エリア,544   ,静岡パルシェ店,2026/07/15,水,平日,,晴,31.0,25.0,計,105853,115000,0.9205,0.8785,120078,0.8815,47,32,2252.2,1.18,69,0.6812,60,0.7833,22028,,0.0000,0.1552,,0,0.0000,0.0000,0.0000,0.1552,0,,,0.0000,
0002,千房FC,500002,FC第2エリア,544   ,静岡パルシェ店,2026/07/16,木,平日,,曇,32.0,26.0,計,84700,115000,0.7365,0.8433,120375,0.7036,36,21,2352.8,0.90,69,0.5217,49,0.7347,22028,55098,0.6505,0.2624,,0,0.0000,0.0000,0.6505,0.2624,0,,,0.0000,
0002,千房FC,500002,FC第2エリア,544   ,静岡パルシェ店,2026/07/17,金,平日,,曇,32.0,27.0,計,110657,115000,0.9622,0.8669,116908,0.9465,46,29,2405.6,1.15,69,0.6667,66,0.6970,22028,18900,0.1708,0.2422,,0,0.0000,0.0000,0.1708,0.2422,0,,,0.0000,
0002,千房FC,500002,FC第2エリア,544   ,静岡パルシェ店,2026/07/18,土,土曜,,曇,30.0,27.0,計,245485,210000,1.1690,0.9473,252634,0.9717,113,58,2172.4,2.83,112,1.0089,139,0.8130,40226,,0.0000,0.1627,,0,0.0000,0.0000,0.0000,0.1627,0,,,0.0000,
0002,千房FC,500002,FC第2エリア,544   ,静岡パルシェ店,2026/07/19,日,日祝,,曇,30.0,25.0,計,305589,220000,1.3890,1.0436,207830,1.4704,145,73,2107.5,3.63,108,1.3426,122,1.1885,37353,7480,0.0245,0.1226,,0,0.0000,0.0000,0.0245,0.1226,0,,,0.0000,
0002,千房FC,500002,FC第2エリア,544   ,静岡パルシェ店,2026/07/20,月,日祝,,晴,32.0,27.0,計,230426,210000,1.0973,1.0529,236159,0.9757,123,60,1873.4,3.08,104,1.1827,126,0.9762,37353,,0.0000,0.1006,,0,0.0000,0.0000,0.0000,0.1006,0,,,0.0000,
0002,千房FC,500002,FC第2エリア,544   ,静岡パルシェ店,2026/07/21,火,平日,,晴,32.0,28.0,計,76502,116800,0.6550,1.0181,88131,0.8680,32,20,2390.7,0.80,69,0.4638,48,0.6667,22028,102860,1.3445,0.1705,,0,0.0000,0.0000,1.3445,0.1705,0,,,0.0000,
0002,千房FC,500002,FC第2エリア,544   ,静岡パルシェ店,2026/07/22,水,平日,,晴,33.0,28.0,計,123112,115000,1.0705,1.0222,55221,2.2294,50,28,2462.2,1.25,69,0.7246,32,1.5625,22028,18640,0.1514,0.1689,,0,0.0000,0.0000,0.1514,0.1689,0,,,0.0000,
0002,千房FC,500002,FC第2エリア,544   ,静岡パルシェ店,2026/07/23,木,平日,,晴,34.0,28.0,計,144764,115000,1.2588,1.0396,94973,1.5243,68,35,2128.9,1.70,69,0.9855,50,1.3600,22028,53151,0.3672,0.1866,,0,0.0000,0.0000,0.3672,0.1866,0,,,0.0000,
0002,千房FC,500002,FC第2エリア,544   ,静岡パルシェ店,2026/07/24,金,平日,,曇,32.0,28.0,計,179721,115000,1.5628,1.0754,173825,1.0339,83,40,2165.3,2.08,69,1.2029,95,0.8737,22028,14530,0.0808,0.1761,,0,0.0000,0.0000,0.0808,0.1761,0,,,0.0000,
0002,千房FC,500002,FC第2エリア,544   ,静岡パルシェ店,2026/07/25,土,土曜,,晴,34.0,28.0,計,229875,210000,1.0946,1.0775,237511,0.9679,111,58,2070.9,2.78,112,0.9911,132,0.8409,40226,0,0.0000,0.1562,,0,0.0000,0.0000,0.0000,0.1562,0,,,0.0000,
0002,千房FC,500002,FC第2エリア,544   ,静岡パルシェ店,2026/07/26,日,日祝,,曇,31.0,24.0,計,174243,210000,0.8297,1.0528,182943,0.9524,82,42,2124.9,2.05,104,0.7885,91,0.9011,37353,,0.0000,0.1439,,0,0.0000,0.0000,0.0000,0.1439,0,,,0.0000,
0002,千房FC,500002,FC第2エリア,544   ,静岡パルシェ店,2026/07/27,月,平日,,雨,31.0,24.0,計,117511,122000,0.9632,1.0479,104899,1.1202,54,34,2176.1,1.35,73,0.7397,55,0.9818,22028,157338,1.3389,0.2042,,0,0.0000,0.0000,1.3389,0.2042,0,,,0.0000,
0002,千房FC,500002,FC第2エリア,544   ,静岡パルシェ店,2026/07/28,火,平日,,雨,29.0,24.0,計,103586,120000,0.8632,1.0384,57084,1.8146,53,29,1954.5,1.33,72,0.7361,34,1.5588,22028,16850,0.1627,0.2024,,0,0.0000,0.0000,0.1627,0.2024,0,,,0.0000,
0002,千房FC,500002,FC第2エリア,544   ,静岡パルシェ店,2026/07/29,水,平日,,晴,33.0,23.0,計,126029,114900,1.0969,1.0411,101057,1.2471,56,27,2250.5,1.40,68,0.8235,60,0.9333,22028,,0.0000,0.1924,,0,0.0000,0.0000,0.0000,0.1924,0,,,0.0000,
0002,千房FC,500002,FC第2エリア,544   ,静岡パルシェ店,2026/07/30,木,平日,,晴,34.0,26.0,計,85684,117500,0.7292,1.0269,96697,0.8861,39,21,2197.0,0.98,70,0.5571,56,0.6964,22028,,0.0000,0.1862,,0,0.0000,0.0000,0.0000,0.1862,0,,,0.0000,
0002,千房FC,500002,FC第2エリア,544   ,静岡パルシェ店,2026/07/31,金,平日,,晴,32.0,27.0,計,135952,127220,1.0686,1.0289,158420,0.8582,68,36,1999.3,1.70,69,0.9855,80,0.8500,22028,,0.0000,0.1771,,0,0.0000,0.0000,0.0000,0.1771,0,,,0.0000,
0002,千房FC,500001,FC第1エリア,546   ,江坂店,2026/07/13,月,平日,,晴,33.0,27.0,計,60252,90000,0.6695,0.6695,73596,0.8187,40,21,1506.3,1.18,54,0.7407,24,1.6667,12480,15889,0.2637,0.2637,,0,0.0000,0.0000,0.2637,0.2637,0,,,0.0000,
0002,千房FC,500001,FC第1エリア,546   ,江坂店,2026/07/14,火,平日,,晴,35.0,27.0,計,42928,90000,0.4770,0.5732,,,26,19,1651.1,0.76,54,0.4815,,,12480,13570,0.3161,0.2855,,0,0.0000,0.0000,0.3161,0.2855,0,,,0.0000,
0002,千房FC,500001,FC第1エリア,546   ,江坂店,2026/07/15,水,平日,,晴,33.0,27.0,計,152223,90000,1.6914,0.9459,53167,2.8631,76,31,2002.9,2.24,54,1.4074,38,2.0000,12480,,0.0000,0.1153,,0,0.0000,0.0000,0.0000,0.1153,0,,,0.0000,
0002,千房FC,500001,FC第1エリア,546   ,江坂店,2026/07/16,木,平日,,晴,34.0,28.0,計,35788,90000,0.3976,0.8089,38612,0.9269,26,20,1376.5,0.76,54,0.4815,25,1.0400,12480,1530,0.0428,0.1064,,0,0.0000,0.0000,0.0428,0.1064,0,,,0.0000,
0002,千房FC,500001,FC第1エリア,546   ,江坂店,2026/07/17,金,平日,,晴,35.0,27.0,計,58867,90000,0.6541,0.7779,85692,0.6870,40,23,1471.7,1.18,54,0.7407,50,0.8000,12480,64407,1.0941,0.2725,,0,0.0000,0.0000,1.0941,0.2725,0,,,0.0000,
0002,千房FC,500001,FC第1エリア,546   ,江坂店,2026/07/18,土,土曜,,曇,34.0,29.0,計,82907,150000,0.5527,0.7216,131376,0.6311,40,15,2072.7,1.18,90,0.4444,51,0.7843,24900,26658,0.3215,0.2819,,0,0.0000,0.0000,0.3215,0.2819,0,,,0.0000,
0002,千房FC,500001,FC第1エリア,546   ,江坂店,2026/07/19,日,日祝,,晴,34.0,28.0,計,171030,150000,1.1402,0.8053,190387,0.8983,71,27,2408.9,2.09,75,0.9467,92,0.7717,25046,,0.0000,0.2021,,0,0.0000,0.0000,0.0000,0.2021,0,,,0.0000,
0002,千房FC,500001,FC第1エリア,546   ,江坂店,2026/07/20,月,日祝,,晴,35.0,29.0,計,119319,150000,0.7955,0.8037,71466,1.6696,52,28,2294.6,1.53,75,0.6933,40,1.3000,25046,,0.0000,0.1687,,0,0.0000,0.0000,0.0000,0.1687,0,,,0.0000,
0002,千房FC,500001,FC第1エリア,546   ,江坂店,2026/07/21,火,平日,休,晴,37.0,28.0,計,,0,,0.8037,42902,0.0000,,,,0,0,,30,0.0000,0,,,0.1687,,0,,0.0000,,0.1687,0,,,,
0002,千房FC,500001,FC第1エリア,546   ,江坂店,2026/07/22,水,平日,,晴,36.0,29.0,計,114472,80000,1.4309,0.8549,54915,2.0845,65,23,1761.1,1.91,48,1.3542,34,1.9118,12480,,0.0000,0.1457,,0,0.0000,0.0000,0.0000,0.1457,0,,,0.0000,
0002,千房FC,500001,FC第1エリア,546   ,江坂店,2026/07/23,木,平日,,晴,37.0,29.0,計,43763,80000,0.5470,0.8317,171314,0.2555,22,14,1989.2,0.65,48,0.4583,69,0.3188,12480,,0.0000,0.1385,,0,0.0000,0.0000,0.0000,0.1385,0,,,0.0000,
0002,千房FC,500001,FC第1エリア,546   ,江坂店,2026/07/24,金,平日,,晴,37.0,28.0,計,62134,80000,0.7767,0.8278,118640,0.5237,48,28,1294.5,1.41,48,1.0000,50,0.9600,12480,35311,0.5683,0.1668,,0,0.0000,0.0000,0.5683,0.1668,0,,,0.0000,
0002,千房FC,500001,FC第1エリア,546   ,江坂店,2026/07/25,土,土曜,,晴,36.0,28.0,計,46977,150000,0.3132,0.7680,126437,0.3715,19,8,2472.5,0.56,90,0.2111,59,0.3220,24900,12170,0.2591,0.1711,,0,0.0000,0.0000,0.2591,0.1711,0,,,0.0000,
0002,千房FC,500001,FC第1エリア,546   ,江坂店,2026/07/26,日,日祝,,晴,35.0,27.0,計,84793,140000,0.6057,0.7521,98313,0.8625,36,15,2355.4,1.06,70,0.5143,46,0.7826,25046,,0.0000,0.1576,,0,0.0000,0.0000,0.0000,0.1576,0,,,0.0000,
0002,千房FC,500001,FC第1エリア,546   ,江坂店,2026/07/27,月,平日,,晴,35.0,28.0,計,52739,80000,0.6592,0.7471,29834,1.7677,33,20,1598.2,0.97,48,0.6875,18,1.8333,12480,20579,0.3902,0.1685,,0,0.0000,0.0000,0.3902,0.1685,0,,,0.0000,
0002,千房FC,500001,FC第1エリア,546   ,江坂店,2026/07/28,火,平日,,晴,35.0,27.0,計,55092,80000,0.6887,0.7442,,,27,17,2040.4,0.79,48,0.5625,,,12480,2040,0.0370,0.1624,,0,0.0000,0.0000,0.0370,0.1624,0,,,0.0000,
0002,千房FC,500001,FC第1エリア,546   ,江坂店,2026/07/29,水,平日,,曇,33.0,27.0,計,111168,80000,1.3896,0.7751,83326,1.3341,73,24,1522.8,2.15,48,1.5208,46,1.5870,12480,,0.0000,0.1484,,0,0.0000,0.0000,0.0000,0.1484,0,,,0.0000,
0002,千房FC,500001,FC第1エリア,546   ,江坂店,2026/07/30,木,平日,,晴,35.0,28.0,計,46599,80000,0.5825,0.7663,120098,0.3880,30,22,1553.3,0.88,48,0.6250,61,0.4918,12480,,0.0000,0.1433,,0,0.0000,0.0000,0.0000,0.1433,0,,,0.0000,
0002,千房FC,500001,FC第1エリア,546   ,江坂店,2026/07/31,金,平日,,晴,35.0,27.0,計,160943,80000,2.0118,0.8208,61946,2.5981,42,26,3832.0,1.24,48,0.8750,44,0.9545,12480,4590,0.0285,0.1310,,0,0.0000,0.0000,0.0285,0.1310,0,,,0.0000,
0002,千房FC,500002,FC第2エリア,554   ,ザ・モール仙台長町店,2026/07/13,月,平日,,曇,29.0,24.0,計,114009,70000,1.6287,1.6287,46615,2.4458,49,22,2326.7,0.98,39,1.2564,25,1.9600,0,4821,0.0423,0.0423,,0,0.0000,0.0000,0.0423,0.0423,0,,,0.0000,
0002,千房FC,500002,FC第2エリア,554   ,ザ・モール仙台長町店,2026/07/14,火,平日,,曇,30.0,23.0,計,80249,70000,1.1464,1.3876,41132,1.9510,46,23,1744.5,0.92,39,1.1795,30,1.5333,0,30037,0.3743,0.1794,,0,0.0000,0.0000,0.3743,0.1794,0,,,0.0000,
0002,千房FC,500002,FC第2エリア,554   ,ザ・モール仙台長町店,2026/07/15,水,平日,,晴,32.0,24.0,計,54430,70000,0.7776,1.1842,82711,0.6581,34,19,1600.9,0.68,39,0.8718,47,0.7234,0,53636,0.9854,0.3558,,0,0.0000,0.0000,0.9854,0.3558,0,,,0.0000,
0002,千房FC,500002,FC第2エリア,554   ,ザ・モール仙台長町店,2026/07/16,木,平日,,曇,30.0,25.0,計,51190,70000,0.7313,1.0710,77294,0.6623,33,15,1551.2,0.66,39,0.8462,43,0.7674,0,34592,0.6758,0.4105,,0,0.0000,0.0000,0.6758,0.4105,0,,,0.0000,
0002,千房FC,500002,FC第2エリア,554   ,ザ・モール仙台長町店,2026/07/17,金,平日,,曇,24.0,24.0,計,70558,80000,0.8820,1.0290,121808,0.5793,46,27,1533.9,0.92,45,1.0222,81,0.5679,0,143479,2.0335,0.7196,,0,0.0000,0.0000,2.0335,0.7196,0,,,0.0000,
0002,千房FC,500002,FC第2エリア,554   ,ザ・モール仙台長町店,2026/07/18,土,土曜,,曇,25.0,23.0,計,169928,200000,0.8496,0.9649,175421,0.9687,107,47,1588.1,2.14,133,0.8045,133,0.8045,0,23907,0.1407,0.5375,,0,0.0000,0.0000,0.1407,0.5375,0,,,0.0000,
0002,千房FC,500002,FC第2エリア,554   ,ザ・モール仙台長町店,2026/07/19,日,日祝,,曇,29.0,22.0,計,211370,190000,1.1125,1.0023,223125,0.9473,130,59,1625.9,2.60,130,1.0000,158,0.8228,0,,0.0000,0.3864,,0,0.0000,0.0000,0.0000,0.3864,0,,,0.0000,
0002,千房FC,500002,FC第2エリア,554   ,ザ・モール仙台長町店,2026/07/20,月,日祝,,雨,33.0,25.0,計,209979,190000,1.1052,1.0231,173366,1.2112,150,70,1399.9,3.00,130,1.1538,134,1.1194,0,11924,0.0568,0.3144,,0,0.0000,0.0000,0.0568,0.3144,0,,,0.0000,
0002,千房FC,500002,FC第2エリア,554   ,ザ・モール仙台長町店,2026/07/21,火,平日,,曇,33.0,26.0,計,55999,70000,0.8000,1.0076,52261,1.0715,28,16,2000.0,0.56,39,0.7179,42,0.6667,0,6094,0.1088,0.3031,,0,0.0000,0.0000,0.1088,0.3031,0,,,0.0000,
0002,千房FC,500002,FC第2エリア,554   ,ザ・モール仙台長町店,2026/07/22,水,平日,,曇,33.0,26.0,計,43747,70000,0.6250,0.9828,50888,0.8597,31,19,1411.2,0.62,39,0.7949,33,0.9394,0,9029,0.2064,0.2991,,0,0.0000,0.0000,0.2064,0.2991,0,,,0.0000,
0002,千房FC,500002,FC第2エリア,554   ,ザ・モール仙台長町店,2026/07/23,木,平日,,曇,32.0,24.0,計,64893,70000,0.9270,0.9794,33515,1.9362,35,18,1854.1,0.70,39,0.8974,19,1.8421,0,17136,0.2641,0.2971,,0,0.0000,0.0000,0.2641,0.2971,0,,,0.0000,
0002,千房FC,500002,FC第2エリア,554   ,ザ・モール仙台長町店,2026/07/24,金,平日,,曇,24.0,23.0,計,113286,70000,1.6184,1.0161,85036,1.3322,61,36,1857.1,1.22,39,1.5641,50,1.2200,0,69234,0.6111,0.3258,,0,0.0000,0.0000,0.6111,0.3258,0,,,0.0000,
0002,千房FC,500002,FC第2エリア,554   ,ザ・モール仙台長町店,2026/07/25,土,土曜,,雨,24.0,22.0,計,224513,200000,1.1226,1.0311,187065,1.2002,142,61,1581.1,2.84,133,1.0677,117,1.2137,0,19850,0.0884,0.2894,,0,0.0000,0.0000,0.0884,0.2894,0,,,0.0000,
0002,千房FC,500002,FC第2エリア,554   ,ザ・モール仙台長町店,2026/07/26,日,日祝,,雨,22.0,20.0,計,244450,190000,1.2866,1.0612,158505,1.5422,131,59,1866.0,2.62,130,1.0077,103,1.2718,0,8390,0.0343,0.2529,,0,0.0000,0.0000,0.0343,0.2529,0,,,0.0000,
0002,千房FC,500002,FC第2エリア,554   ,ザ・モール仙台長町店,2026/07/27,月,平日,,曇,23.0,20.0,計,39481,70000,0.5640,1.0405,56850,0.6945,28,19,1410.0,0.56,39,0.7179,30,0.9333,0,22180,0.5618,0.2599,,0,0.0000,0.0000,0.5618,0.2599,0,,,0.0000,
0002,千房FC,500002,FC第2エリア,554   ,ザ・モール仙台長町店,2026/07/28,火,平日,,雨,23.0,21.0,計,88964,70000,1.2709,1.0497,66635,1.3351,40,21,2224.1,0.80,39,1.0256,41,0.9756,0,7750,0.0871,0.2515,,0,0.0000,0.0000,0.0871,0.2515,0,,,0.0000,
0002,千房FC,500002,FC第2エリア,554   ,ザ・モール仙台長町店,2026/07/29,水,平日,,曇,30.0,23.0,計,55241,70000,0.7892,1.0397,105179,0.5252,34,17,1624.7,0.68,39,0.8718,66,0.5152,0,28550,0.5168,0.2593,,0,0.0000,0.0000,0.5168,0.2593,0,,,0.0000,
0002,千房FC,500002,FC第2エリア,554   ,ザ・モール仙台長町店,2026/07/30,木,平日,,雨,31.0,22.0,計,56130,70000,0.8019,1.0309,153242,0.3663,39,19,1439.2,0.78,39,1.0000,37,1.0541,0,15237,0.2715,0.2596,,0,0.0000,0.0000,0.2715,0.2596,0,,,0.0000,
0002,千房FC,500002,FC第2エリア,554   ,ザ・モール仙台長町店,2026/07/31,金,平日,,雨,29.0,23.0,計,143957,67658,2.1277,1.0688,60358,2.3851,92,44,1564.8,1.84,37,2.4865,38,2.4211,0,78905,0.5481,0.2795,,0,0.0000,0.0000,0.5481,0.2795,0,,,0.0000,
0002,千房FC,500003,FC第3エリア,558   ,ADVANCE 広尾店,2026/07/13,月,平日,,雨,28.0,25.0,計,11470,194000,0.0591,0.0591,162533,0.0706,2,2,5735.0,0.10,18,0.1111,8,0.2500,0,40506,3.5315,3.5315,,19687,1.7164,1.7164,5.2479,5.2479,787,874.5,,0.0000,
0002,千房FC,500003,FC第3エリア,558   ,ADVANCE 広尾店,2026/07/14,火,平日,休,晴,33.0,25.0,計,,0,,0.0591,199220,0.0000,,,,0,0,,13,0.0000,0,3804,,3.8631,,0,,1.7164,,5.5795,0,,,,
0002,千房FC,500003,FC第3エリア,558   ,ADVANCE 広尾店,2026/07/15,水,平日,,晴,33.0,27.0,計,421700,204000,2.0672,1.0884,327750,1.2867,17,5,24805.9,0.81,18,0.9444,13,1.3077,0,14566,0.0345,0.1359,,25718,0.0610,0.1048,0.0955,0.2407,969,26111.5,,0.0000,
0002,千房FC,500003,FC第3エリア,558   ,ADVANCE 広尾店,2026/07/16,木,平日,,晴,33.0,27.0,計,221747,194000,1.1430,1.1063,245690,0.9025,14,7,15839.1,0.67,18,0.7778,12,1.1667,0,25701,0.1159,0.1291,,26942,0.1215,0.1105,0.2374,0.2396,1039,12805.4,,0.0000,
0002,千房FC,500003,FC第3エリア,558   ,ADVANCE 広尾店,2026/07/17,金,平日,,雨,30.0,27.0,計,174800,234000,0.7470,1.0045,71789,2.4349,12,6,14566.7,0.57,21,0.5714,6,2.0000,0,46470,0.2658,0.1579,,20037,0.1146,0.1113,0.3805,0.2693,765,13709.8,,0.0000,
0002,千房FC,500003,FC第3エリア,558   ,ADVANCE 広尾店,2026/07/18,土,土曜,,曇,29.0,26.0,計,442779,320000,1.3837,1.1104,403931,1.0962,32,11,13836.8,1.52,12,2.6667,26,1.2308,0,56626,0.1279,0.1475,,34512,0.0779,0.0997,0.2058,0.2472,1308,20311.0,,0.0000,
0002,千房FC,500003,FC第3エリア,558   ,ADVANCE 広尾店,2026/07/19,日,日祝,,晴,32.0,26.0,計,104433,330000,0.3165,0.9329,417595,0.2501,8,3,13054.1,0.38,11,0.7273,32,0.2500,0,10571,0.1012,0.1440,,25650,0.2456,0.1108,0.3468,0.2548,1027,6101.2,,0.0000,
0002,千房FC,500003,FC第3エリア,558   ,ADVANCE 広尾店,2026/07/20,月,日祝,,晴,35.0,26.0,計,293382,300000,0.9779,0.9405,193199,1.5185,14,7,20955.9,0.67,10,1.4000,18,0.7778,0,2573,0.0088,0.1202,,29891,0.1019,0.1092,0.1107,0.2295,1188,14817.3,,0.0000,
0002,千房FC,500003,FC第3エリア,558   ,ADVANCE 広尾店,2026/07/21,火,平日,,晴,34.0,27.0,計,203300,194000,1.0479,0.9511,103180,1.9703,8,2,25412.5,0.38,18,0.4444,6,1.3333,0,40536,0.1994,0.1288,,28405,0.1397,0.1125,0.3391,0.2413,1117,10920.3,,0.0000,
0002,千房FC,500003,FC第3エリア,558   ,ADVANCE 広尾店,2026/07/22,水,平日,,晴,35.0,28.0,計,61200,194000,0.3155,0.8941,28100,2.1779,4,1,15300.0,0.19,18,0.2222,2,2.0000,0,62389,1.0194,0.1570,,5325,0.0870,0.1117,1.1064,0.2687,226,16247.8,,0.0000,
0002,千房FC,500003,FC第3エリア,558   ,ADVANCE 広尾店,2026/07/23,木,平日,,晴,35.0,29.0,計,144650,194000,0.7456,0.8819,137145,1.0547,9,3,16072.2,0.43,18,0.5000,7,1.2857,0,20154,0.1393,0.1558,,28617,0.1978,0.1177,0.3372,0.2735,1097,7911.6,,0.0000,
0002,千房FC,500003,FC第3エリア,558   ,ADVANCE 広尾店,2026/07/24,金,平日,,曇,33.0,27.0,計,178448,224000,0.7966,0.8745,175600,1.0162,14,4,12746.3,0.67,20,0.7000,11,1.2727,0,18255,0.1023,0.1515,,0,0.0000,0.1084,0.1023,0.2599,0,,,0.0000,
0002,千房FC,500003,FC第3エリア,558   ,ADVANCE 広尾店,2026/07/25,土,土曜,,曇,35.0,25.0,計,494022,300000,1.6467,0.9549,202378,2.4411,26,11,19000.8,1.24,12,2.1667,18,1.4444,0,21017,0.0425,0.1320,,53266,0.1078,0.1083,0.1504,0.2403,1981,14962.8,,0.0000,
0002,千房FC,500003,FC第3エリア,558   ,ADVANCE 広尾店,2026/07/26,日,日祝,,雨,32.0,25.0,計,391603,300000,1.3053,0.9879,477163,0.8207,24,9,16316.8,1.14,10,2.4000,30,0.8000,0,3761,0.0096,0.1167,,20930,0.0534,0.1015,0.0631,0.2182,791,29704.4,,0.0000,
0002,千房FC,500003,FC第3エリア,558   ,ADVANCE 広尾店,2026/07/27,月,平日,,曇,29.0,25.0,計,102300,194000,0.5273,0.9614,128550,0.7958,7,4,14614.3,0.33,18,0.3889,7,1.0000,0,10583,0.1035,0.1163,,36724,0.3590,0.1096,0.4624,0.2259,1392,4409.5,,0.0000,
0002,千房FC,500003,FC第3エリア,558   ,ADVANCE 広尾店,2026/07/28,火,平日,,雨,28.0,22.0,計,289115,194000,1.4903,0.9902,226150,1.2784,9,3,32123.9,0.43,18,0.5000,9,1.0000,0,7191,0.0249,0.1088,,35645,0.1233,0.1107,0.1482,0.2195,1377,12597.6,,0.0000,
0002,千房FC,500003,FC第3エリア,558   ,ADVANCE 広尾店,2026/07/29,水,平日,,晴,34.0,24.0,計,31100,194000,0.1603,0.9474,24115,1.2897,4,2,7775.0,0.19,18,0.2222,1,4.0000,0,,0.0000,0.1079,,22136,0.7118,0.1160,0.7118,0.2238,866,2154.7,,0.0000,
0002,千房FC,500003,FC第3エリア,558   ,ADVANCE 広尾店,2026/07/30,木,平日,,曇,34.0,27.0,計,357450,194000,1.8425,0.9913,358405,0.9973,15,6,23830.0,0.71,18,0.8333,20,0.7500,0,,0.0000,0.0981,,36798,0.1029,0.1148,0.1029,0.2128,1394,15385.2,,0.0000,
0002,千房FC,500003,FC第3エリア,558   ,ADVANCE 広尾店,2026/07/31,金,平日,,曇,34.0,27.0,計,119700,213048,0.5618,0.9693,192156,0.6229,4,2,29925.0,0.19,19,0.2105,17,0.2353,0,1410,0.0118,0.0955,,27042,0.2259,0.1181,0.2377,0.2136,1030,6972.8,,0.0000,
0002,千房FC,500004,FC第4エリア,560   ,イオンモール白山店,2026/07/13,月,平日,,曇,28.0,27.0,計,64573,90000,0.7175,0.7175,99988,0.6458,50,25,1291.5,1.00,59,0.8475,70,0.7143,0,7670,0.1188,0.1188,,0,0.0000,0.0000,0.1188,0.1188,0,,,0.0000,
0002,千房FC,500004,FC第4エリア,560   ,イオンモール白山店,2026/07/14,火,平日,,晴,30.0,26.0,計,76079,90000,0.8453,0.7814,80581,0.9441,56,31,1358.6,1.12,59,0.9492,62,0.9032,0,,0.0000,0.0545,,0,0.0000,0.0000,0.0000,0.0545,0,,,0.0000,
0002,千房FC,500004,FC第4エリア,560   ,イオンモール白山店,2026/07/15,水,平日,,曇,34.0,26.0,計,85312,90000,0.9479,0.8369,77558,1.1000,57,26,1496.7,1.14,59,0.9661,55,1.0364,0,3780,0.0443,0.0507,,0,0.0000,0.0000,0.0443,0.0507,0,,,0.0000,
0002,千房FC,500004,FC第4エリア,560   ,イオンモール白山店,2026/07/16,木,平日,,晴,30.0,26.0,計,87907,90000,0.9767,0.8719,59231,1.4841,66,30,1331.9,1.32,59,1.1186,44,1.5000,0,60103,0.6837,0.2280,,0,0.0000,0.0000,0.6837,0.2280,0,,,0.0000,
0002,千房FC,500004,FC第4エリア,560   ,イオンモール白山店,2026/07/17,金,平日,,晴,31.0,25.0,計,95562,90000,1.0618,0.9099,95281,1.0029,63,34,1516.9,1.26,59,1.0678,58,1.0862,0,,0.0000,0.1748,,0,0.0000,0.0000,0.0000,0.1748,0,,,0.0000,
0002,千房FC,500004,FC第4エリア,560   ,イオンモール白山店,2026/07/18,土,土曜,,曇,34.0,26.0,計,260482,250000,1.0419,0.9570,225778,1.1537,178,69,1463.4,3.56,171,1.0409,158,1.1266,0,7400,0.0284,0.1179,,0,0.0000,0.0000,0.0284,0.1179,0,,,0.0000,
0002,千房FC,500004,FC第4エリア,560   ,イオンモール白山店,2026/07/19,日,日祝,,曇,34.0,28.0,計,322762,250000,1.2910,1.0449,325057,0.9929,229,92,1409.4,4.58,175,1.3086,223,1.0269,0,7400,0.0229,0.0870,,0,0.0000,0.0000,0.0229,0.0870,0,,,0.0000,
0002,千房FC,500004,FC第4エリア,560   ,イオンモール白山店,2026/07/20,月,日祝,,晴,33.0,28.0,計,232893,250000,0.9316,1.0213,216524,1.0756,169,65,1378.1,3.38,175,0.9657,163,1.0368,0,3780,0.0162,0.0735,,0,0.0000,0.0000,0.0162,0.0735,0,,,0.0000,
0002,千房FC,500004,FC第4エリア,560   ,イオンモール白山店,2026/07/21,火,平日,,晴,33.0,27.0,計,87291,90000,0.9699,1.0177,99674,0.8758,59,28,1479.5,1.18,59,1.0000,74,0.7973,0,13964,0.1600,0.0793,,0,0.0000,0.0000,0.1600,0.0793,0,,,0.0000,
0002,千房FC,500004,FC第4エリア,560   ,イオンモール白山店,2026/07/22,水,平日,,晴,33.0,27.0,計,85251,90000,0.9472,1.0131,84841,1.0048,57,27,1495.6,1.14,59,0.9661,61,0.9344,0,3780,0.0443,0.0772,,0,0.0000,0.0000,0.0443,0.0772,0,,,0.0000,
0002,千房FC,500004,FC第4エリア,560   ,イオンモール白山店,2026/07/23,木,平日,,晴,31.0,26.0,計,88825,90000,0.9869,1.0115,94036,0.9446,67,31,1325.7,1.34,59,1.1356,70,0.9571,0,,0.0000,0.0726,,0,0.0000,0.0000,0.0000,0.0726,0,,,0.0000,
0002,千房FC,500004,FC第4エリア,560   ,イオンモール白山店,2026/07/24,金,平日,,晴,32.0,25.0,計,73576,90000,0.8175,1.0003,94411,0.7793,50,24,1471.5,1.00,59,0.8475,76,0.6579,0,187554,2.5491,0.1893,,0,0.0000,0.0000,2.5491,0.1893,0,,,0.0000,
0002,千房FC,500004,FC第4エリア,560   ,イオンモール白山店,2026/07/25,土,土曜,,晴,32.0,27.0,計,177885,250000,0.7115,0.9604,165232,1.0766,118,51,1507.5,2.36,171,0.6901,124,0.9516,0,29400,0.1653,0.1869,,0,0.0000,0.0000,0.1653,0.1869,0,,,0.0000,
0002,千房FC,500004,FC第4エリア,560   ,イオンモール白山店,2026/07/26,日,日祝,,雨,28.0,26.0,計,211833,250000,0.8473,0.9467,208036,1.0183,152,62,1393.6,3.04,175,0.8686,149,1.0201,0,3780,0.0178,0.1685,,0,0.0000,0.0000,0.0178,0.1685,0,,,0.0000,
0002,千房FC,500004,FC第4エリア,560   ,イオンモール白山店,2026/07/27,月,平日,,曇,30.0,25.0,計,85043,90000,0.9449,0.9466,99852,0.8517,58,26,1466.3,1.16,59,0.9831,75,0.7733,0,3672,0.0432,0.1633,,0,0.0000,0.0000,0.0432,0.1633,0,,,0.0000,
0002,千房FC,500004,FC第4エリア,560   ,イオンモール白山店,2026/07/28,火,平日,,雨,27.0,25.0,計,111109,90000,1.2345,0.9582,79340,1.4004,72,36,1543.2,1.44,59,1.2203,53,1.3585,0,,0.0000,0.1548,,0,0.0000,0.0000,0.0000,0.1548,0,,,0.0000,
0002,千房FC,500004,FC第4エリア,560   ,イオンモール白山店,2026/07/29,水,平日,,曇,29.0,24.0,計,84485,90000,0.9387,0.9575,107481,0.7860,57,30,1482.2,1.14,59,0.9661,81,0.7037,0,,0.0000,0.1489,,0,0.0000,0.0000,0.0000,0.1489,0,,,0.0000,
0002,千房FC,500004,FC第4エリア,560   ,イオンモール白山店,2026/07/30,木,平日,,晴,32.0,27.0,計,75293,100000,0.7529,0.9490,93879,0.8020,54,26,1394.3,1.08,65,0.8308,57,0.9474,0,,0.0000,0.1441,,0,0.0000,0.0000,0.0000,0.1441,0,,,0.0000,
0002,千房FC,500004,FC第4エリア,560   ,イオンモール白山店,2026/07/31,金,平日,,曇,31.0,26.0,計,91169,93106,0.9792,0.9502,122919,0.7417,51,28,1787.6,1.02,61,0.8361,74,0.6892,0,,0.0000,0.1386,,0,0.0000,0.0000,0.0000,0.1386,0,,,0.0000,
0002,千房FC,500001,FC第1エリア,561   ,京都祇園店,2026/07/13,月,平日,,晴,33.0,27.0,計,52376,100000,0.5238,0.5238,81288,0.6443,27,10,1939.9,0.66,33,0.8182,39,0.6923,0,720,0.0137,0.0137,,0,0.0000,0.0000,0.0137,0.0137,0,,,0.0000,
0002,千房FC,500001,FC第1エリア,561   ,京都祇園店,2026/07/14,火,平日,,曇,35.0,26.0,計,69415,100000,0.6942,0.6090,130063,0.5337,23,8,3018.0,0.56,33,0.6970,62,0.3710,0,10233,0.1474,0.0899,,0,0.0000,0.0000,0.1474,0.0899,0,,,0.0000,
0002,千房FC,500001,FC第1エリア,561   ,京都祇園店,2026/07/15,水,平日,,晴,34.0,26.0,計,83082,100000,0.8308,0.6829,134854,0.6161,44,16,1888.2,1.07,33,1.3333,56,0.7857,0,3060,0.0368,0.0684,,0,0.0000,0.0000,0.0368,0.0684,0,,,0.0000,
0002,千房FC,500001,FC第1エリア,561   ,京都祇園店,2026/07/16,木,平日,,曇,34.0,28.0,計,100526,100000,1.0053,0.7635,188649,0.5329,45,18,2233.9,1.10,33,1.3636,74,0.6081,0,,0.0000,0.0459,,0,0.0000,0.0000,0.0000,0.0459,0,,,0.0000,
0002,千房FC,500001,FC第1エリア,561   ,京都祇園店,2026/07/17,金,平日,,晴,36.0,25.0,計,119674,100000,1.1967,0.8501,123371,0.9700,59,23,2028.4,1.44,33,1.7879,58,1.0172,0,42366,0.3540,0.1326,,0,0.0000,0.0000,0.3540,0.1326,0,,,0.0000,
0002,千房FC,500001,FC第1エリア,561   ,京都祇園店,2026/07/18,土,土曜,,雨,34.0,28.0,計,114689,150000,0.7646,0.8304,239900,0.4781,43,14,2667.2,1.05,60,0.7167,86,0.5000,0,1582,0.0138,0.1074,,0,0.0000,0.0000,0.0138,0.1074,0,,,0.0000,
0002,千房FC,500001,FC第1エリア,561   ,京都祇園店,2026/07/19,日,日祝,,曇,33.0,27.0,計,121164,150000,0.8078,0.8262,78570,1.5421,60,20,2019.4,1.46,60,1.0000,37,1.6216,0,2550,0.0210,0.0916,,0,0.0000,0.0000,0.0210,0.0916,0,,,0.0000,
0002,千房FC,500001,FC第1エリア,561   ,京都祇園店,2026/07/20,月,日祝,,晴,36.0,28.0,計,72327,150000,0.4822,0.7718,73980,0.9777,45,17,1607.3,1.10,60,0.7500,36,1.2500,0,2550,0.0353,0.0860,,0,0.0000,0.0000,0.0353,0.0860,0,,,0.0000,
0002,千房FC,500001,FC第1エリア,561   ,京都祇園店,2026/07/21,火,平日,,曇,37.0,28.0,計,87599,100000,0.8760,0.7818,129413,0.6769,46,15,1904.3,1.12,33,1.3939,61,0.7541,0,,0.0000,0.0768,,0,0.0000,0.0000,0.0000,0.0768,0,,,0.0000,
0002,千房FC,500001,FC第1エリア,561   ,京都祇園店,2026/07/22,水,平日,,曇,37.0,28.0,計,98206,100000,0.9821,0.7992,154247,0.6367,40,13,2455.2,0.98,33,1.2121,73,0.5479,0,,0.0000,0.0686,,0,0.0000,0.0000,0.0000,0.0686,0,,,0.0000,
0002,千房FC,500001,FC第1エリア,561   ,京都祇園店,2026/07/23,木,平日,,晴,37.0,28.0,計,47792,100000,0.4779,0.7735,161428,0.2961,20,7,2389.6,0.49,33,0.6061,76,0.2632,0,14705,0.3077,0.0804,,0,0.0000,0.0000,0.3077,0.0804,0,,,0.0000,
0002,千房FC,500001,FC第1エリア,561   ,京都祇園店,2026/07/24,金,平日,,曇,36.0,27.0,計,92675,100000,0.9268,0.7848,156681,0.5915,46,19,2014.7,1.12,33,1.3939,52,0.8846,0,14722,0.1589,0.0873,,0,0.0000,0.0000,0.1589,0.0873,0,,,0.0000,
0002,千房FC,500001,FC第1エリア,561   ,京都祇園店,2026/07/25,土,土曜,,曇,37.0,27.0,計,,150000,0.0000,0.7064,96780,0.0000,,,,0,60,0.0000,39,0.0000,0,,,0.0873,,0,,0.0000,,0.0873,0,,,,
0002,千房FC,500001,FC第1エリア,561   ,京都祇園店,2026/07/26,日,日祝,,晴,36.0,26.0,計,,150000,0.0000,0.6421,32383,0.0000,,,,0,60,0.0000,10,0.0000,0,,,0.0873,,0,,0.0000,,0.0873,0,,,,
0002,千房FC,500001,FC第1エリア,561   ,京都祇園店,2026/07/27,月,平日,,曇,33.0,26.0,計,,100000,0.0000,0.6054,86379,0.0000,,,,0,33,0.0000,43,0.0000,0,,,0.0873,,0,,0.0000,,0.0873,0,,,,
0002,千房FC,500001,FC第1エリア,561   ,京都祇園店,2026/07/28,火,平日,,雨,35.0,25.0,計,,100000,0.0000,0.5727,60171,0.0000,,,,0,33,0.0000,31,0.0000,0,,,0.0873,,0,,0.0000,,0.0873,0,,,,
0002,千房FC,500001,FC第1エリア,561   ,京都祇園店,2026/07/29,水,平日,,曇,32.0,25.0,計,,100000,0.0000,0.5433,124742,0.0000,,,,0,33,0.0000,48,0.0000,0,,,0.0873,,0,,0.0000,,0.0873,0,,,,
0002,千房FC,500001,FC第1エリア,561   ,京都祇園店,2026/07/30,木,平日,,晴,36.0,27.0,計,,100000,0.0000,0.5168,71005,0.0000,,,,0,33,0.0000,32,0.0000,0,,,0.0873,,0,,0.0000,,0.0873,0,,,,
0002,千房FC,500001,FC第1エリア,561   ,京都祇園店,2026/07/31,金,平日,,晴,35.0,27.0,計,,100000,0.0000,0.4928,123784,0.0000,,,,0,33,0.0000,61,0.0000,0,,,0.0873,,0,,0.0000,,0.0873,0,,,,
0002,千房FC,500002,FC第2エリア,562   ,せんちゅうパル店,2026/07/13,月,平日,,晴,33.0,28.0,計,111194,190000,0.5852,0.5852,134111,0.8291,66,37,1684.8,2.44,132,0.5000,78,0.8462,0,,0.0000,0.0000,0,59477,0.5349,0.5349,0.5349,0.5349,2826,2360.8,,0.0000,
0002,千房FC,500002,FC第2エリア,562   ,せんちゅうパル店,2026/07/14,火,平日,,晴,35.0,26.0,計,185165,190000,0.9746,0.7799,164714,1.1242,80,47,2314.6,2.96,132,0.6061,96,0.8333,0,,0.0000,0.0000,0,76419,0.4127,0.4586,0.4127,0.4586,3280,3387.2,,0.0000,
0002,千房FC,500002,FC第2エリア,562   ,せんちゅうパル店,2026/07/15,水,平日,休,晴,34.0,27.0,計,,0,,0.7799,,,,,,0,0,,,,0,,,0.0000,0,14831,,0.5086,,0.5086,500,0,,,
0002,千房FC,500002,FC第2エリア,562   ,せんちゅうパル店,2026/07/16,木,平日,,曇,34.0,28.0,計,136742,190000,0.7197,0.7598,226584,0.6035,82,50,1667.6,3.04,132,0.6212,127,0.6457,0,,0.0000,0.0000,0,69569,0.5088,0.5086,0.5088,0.5086,3109,2639.0,,0.0000,
0002,千房FC,500002,FC第2エリア,562   ,せんちゅうパル店,2026/07/17,金,平日,,晴,35.0,26.0,計,165969,200000,0.8298,0.7780,212762,0.7801,91,50,1823.8,3.37,138,0.6594,129,0.7054,0,,0.0000,0.0000,0,73369,0.4421,0.4902,0.4421,0.4902,3175,3136.4,,0.0000,
0002,千房FC,500002,FC第2エリア,562   ,せんちゅうパル店,2026/07/18,土,土曜,,曇,35.0,28.0,計,247526,250000,0.9901,0.8300,274843,0.9006,136,63,1820.0,5.04,161,0.8447,160,0.8500,0,,0.0000,0.0000,0,71647,0.2895,0.4315,0.2895,0.4315,3238,4586.6,,0.0000,
0002,千房FC,500002,FC第2エリア,562   ,せんちゅうパル店,2026/07/19,日,日祝,,晴,34.0,28.0,計,260954,260000,1.0037,0.8653,302441,0.8628,149,68,1751.4,5.52,169,0.8817,201,0.7413,0,,0.0000,0.0000,0,64130,0.2458,0.3877,0.2458,0.3877,2751,5691.5,,0.0000,
0002,千房FC,500002,FC第2エリア,562   ,せんちゅうパル店,2026/07/20,月,日祝,,晴,35.0,29.0,計,256710,260000,0.9873,0.8859,195240,1.3148,158,75,1624.7,5.85,169,0.9349,130,1.2154,0,,0.0000,0.0000,0,81413,0.3171,0.3745,0.3171,0.3745,3717,4143.8,,0.0000,
0002,千房FC,500002,FC第2エリア,562   ,せんちゅうパル店,2026/07/21,火,平日,,曇,36.0,28.0,計,333826,190000,1.7570,0.9816,166789,2.0015,90,50,3709.2,3.33,132,0.6818,109,0.8257,0,,0.0000,0.0000,0,76574,0.2294,0.3459,0.2294,0.3459,3460,5788.9,,0.0000,
0002,千房FC,500002,FC第2エリア,562   ,せんちゅうパル店,2026/07/22,水,平日,休,晴,36.0,29.0,計,,0,,0.9816,,,,,,0,0,,,,0,,,0.0000,0,0,,0.3459,,0.3459,0,,,,
0002,千房FC,500002,FC第2エリア,562   ,せんちゅうパル店,2026/07/23,木,平日,,晴,37.0,29.0,計,167595,190000,0.8821,0.9717,150854,1.1110,102,51,1643.1,3.78,132,0.7727,94,1.0851,0,,0.0000,0.0000,0,81822,0.4882,0.3587,0.4882,0.3587,3635,2766.4,,0.0000,
0002,千房FC,500002,FC第2エリア,562   ,せんちゅうパル店,2026/07/24,金,平日,,晴,37.0,28.0,計,332501,190000,1.7500,1.0418,175312,1.8966,94,56,3537.2,3.48,132,0.7121,109,0.8624,0,,0.0000,0.0000,0,91504,0.2752,0.3461,0.2752,0.3461,4070,4901.7,,0.0000,
0002,千房FC,500002,FC第2エリア,562   ,せんちゅうパル店,2026/07/25,土,土曜,,晴,37.0,28.0,計,242863,250000,0.9715,1.0343,228678,1.0620,130,58,1868.2,4.81,161,0.8075,155,0.8387,0,,0.0000,0.0000,0,88727,0.3653,0.3480,0.3653,0.3480,3831,3803.6,,0.0000,
0002,千房FC,500002,FC第2エリア,562   ,せんちゅうパル店,2026/07/26,日,日祝,,晴,35.0,27.0,計,398095,260000,1.5311,1.0836,211766,1.8799,107,46,3720.5,3.96,169,0.6331,150,0.7133,0,,0.0000,0.0000,0,67495,0.1695,0.3230,0.1695,0.3230,2846,8392.7,,0.0000,
0002,千房FC,500002,FC第2エリア,562   ,せんちゅうパル店,2026/07/27,月,平日,,晴,36.0,28.0,計,173895,200000,0.8695,1.0685,520408,0.3342,91,45,1910.9,3.37,138,0.6594,118,0.7712,0,,0.0000,0.0000,0,68385,0.3933,0.3270,0.3933,0.3270,3015,3460.6,,0.0000,
0002,千房FC,500002,FC第2エリア,562   ,せんちゅうパル店,2026/07/28,火,平日,,晴,35.0,27.0,計,211315,200000,1.0566,1.0677,151990,1.3903,95,43,2224.4,3.52,138,0.6884,103,0.9223,0,,0.0000,0.0000,0,84819,0.4014,0.3319,0.4014,0.3319,3390,3740.1,,0.0000,
0002,千房FC,500002,FC第2エリア,562   ,せんちゅうパル店,2026/07/29,水,平日,休,曇,33.0,26.0,計,,0,,1.0677,,,,,,0,0,,,,0,,,0.0000,0,0,,0.3319,,0.3319,0,,,,
0002,千房FC,500002,FC第2エリア,562   ,せんちゅうパル店,2026/07/30,木,平日,,晴,35.0,27.0,計,151339,190000,0.7965,1.0516,205218,0.7375,75,42,2017.9,2.78,132,0.5682,127,0.5906,0,,0.0000,0.0000,0,88865,0.5872,0.3434,0.5872,0.3434,3798,2390.8,,0.0000,
0002,千房FC,500002,FC第2エリア,562   ,せんちゅうパル店,2026/07/31,金,平日,,晴,35.0,27.0,計,157858,192587,0.8197,1.0385,220821,0.7149,92,48,1715.8,3.41,133,0.6917,134,0.6866,0,1125061,7.1270,0.3184,0,93062,0.5895,0.3543,7.7166,0.6727,3805,2489.2,,0.0000,
0002,千房FC,500003,FC第3エリア,563   ,北新地,2026/07/13,月,平日,,晴,33.0,27.0,計,79564,170000,0.4680,0.4680,88060,0.9035,16,6,4972.8,,17,0.9412,7,2.2857,6650,23872,0.3000,0.3000,,0,0.0000,0.0000,0.3000,0.3000,0,,,0.0000,
0002,千房FC,500003,FC第3エリア,563   ,北新地,2026/07/14,火,平日,,晴,34.0,28.0,計,223390,170000,1.3141,0.8910,53730,4.1576,34,12,6570.3,,17,2.0000,6,5.6667,6650,,0.0000,0.0788,,0,0.0000,0.0000,0.0000,0.0788,0,,,0.0000,
0002,千房FC,500003,FC第3エリア,563   ,北新地,2026/07/15,水,平日,,晴,34.0,28.0,計,228120,220000,1.0369,0.9483,146730,1.5547,29,11,7866.2,,22,1.3182,15,1.9333,6650,9055,0.0397,0.0620,,0,0.0000,0.0000,0.0397,0.0620,0,,,0.0000,
0002,千房FC,500003,FC第3エリア,563   ,北新地,2026/07/16,木,平日,,晴,34.0,29.0,計,35400,220000,0.1609,0.7262,286140,0.1237,17,7,2082.4,,22,0.7727,34,0.5000,6650,10739,0.3034,0.0771,,0,0.0000,0.0000,0.3034,0.0771,0,,,0.0000,
0002,千房FC,500003,FC第3エリア,563   ,北新地,2026/07/17,金,平日,,晴,35.0,27.0,計,454899,250000,1.8196,0.9916,380525,1.1955,42,12,10830.9,,25,1.6800,29,1.4483,6650,19824,0.0436,0.0622,,0,0.0000,0.0000,0.0436,0.0622,0,,,0.0000,
0002,千房FC,500003,FC第3エリア,563   ,北新地,2026/07/18,土,土曜,,曇,34.0,29.0,計,113030,220000,0.5138,0.9075,,,6,3,18838.3,,22,0.2727,,,9280,,0.0000,0.0560,,0,0.0000,0.0000,0.0000,0.0560,0,,,0.0000,
0002,千房FC,500003,FC第3エリア,563   ,北新地,2026/07/19,日,日祝,休,曇,34.0,28.0,計,,0,,0.9075,,,,,,,0,,,,0,,,0.0560,,0,,0.0000,,0.0560,0,,,,
0002,千房FC,500003,FC第3エリア,563   ,北新地,2026/07/20,月,日祝,,晴,35.0,29.0,計,156810,200000,0.7841,0.8905,,,17,7,9224.1,,20,0.8500,,,7733,320,0.0020,0.0494,,0,0.0000,0.0000,0.0020,0.0494,0,,,0.0000,
0002,千房FC,500003,FC第3エリア,563   ,北新地,2026/07/21,火,平日,,晴,37.0,29.0,計,111770,200000,0.5589,0.8503,113640,0.9835,10,2,11177.0,,20,0.5000,12,0.8333,6650,4325,0.0387,0.0486,,0,0.0000,0.0000,0.0387,0.0486,0,,,0.0000,
0002,千房FC,500003,FC第3エリア,563   ,北新地,2026/07/22,水,平日,,晴,36.0,29.0,計,12691,220000,0.0577,0.7570,104100,0.1219,10,5,1269.1,,22,0.4545,10,1.0000,6650,10290,0.8108,0.0554,,0,0.0000,0.0000,0.8108,0.0554,0,,,0.0000,
0002,千房FC,500003,FC第3エリア,563   ,北新地,2026/07/23,木,平日,,晴,37.0,30.0,計,128248,220000,0.5829,0.7387,216610,0.5921,35,8,3664.2,,22,1.5909,24,1.4583,6650,-1030,-0.0080,0.0501,,0,0.0000,0.0000,-0.0080,0.0501,0,,,0.0000,
0002,千房FC,500003,FC第3エリア,563   ,北新地,2026/07/24,金,平日,,晴,37.0,29.0,計,269912,230000,1.1735,0.7818,114020,2.3672,31,10,8706.8,,23,1.3478,14,2.2143,6650,15813,0.0586,0.0514,,0,0.0000,0.0000,0.0586,0.0514,0,,,0.0000,
0002,千房FC,500003,FC第3エリア,563   ,北新地,2026/07/25,土,土曜,,晴,36.0,28.0,計,228140,250000,0.9126,0.7945,93900,2.4296,18,5,12674.4,,25,0.7200,11,1.6364,9280,,0.0000,0.0456,,0,0.0000,0.0000,0.0000,0.0456,0,,,0.0000,
0002,千房FC,500003,FC第3エリア,563   ,北新地,2026/07/26,日,日祝,休,晴,35.0,28.0,計,,0,,0.7945,,,,,,,0,,,,0,,,0.0456,,0,,0.0000,,0.0456,0,,,,
0002,千房FC,500003,FC第3エリア,563   ,北新地,2026/07/27,月,平日,,晴,35.0,28.0,計,64740,200000,0.3237,0.7605,36020,1.7973,9,5,7193.3,,20,0.4500,5,1.8000,6650,10015,0.1547,0.0490,,0,0.0000,0.0000,0.1547,0.0490,0,,,0.0000,
0002,千房FC,500003,FC第3エリア,563   ,北新地,2026/07/28,火,平日,,晴,35.0,28.0,計,150301,200000,0.7515,0.7599,262950,0.5716,24,10,6262.5,,20,1.2000,17,1.4118,6650,39560,0.2632,0.0633,,0,0.0000,0.0000,0.2632,0.0633,0,,,0.0000,
0002,千房FC,500003,FC第3エリア,563   ,北新地,2026/07/29,水,平日,,曇,32.0,28.0,計,209370,200000,1.0469,0.7780,37400,5.5981,14,5,14955.0,,20,0.7000,4,3.5000,6650,3895,0.0186,0.0595,,0,0.0000,0.0000,0.0186,0.0595,0,,,0.0000,
0002,千房FC,500003,FC第3エリア,563   ,北新地,2026/07/30,木,平日,休,晴,35.0,28.0,計,,0,,0.7780,56850,0.0000,,,,,0,,7,0.0000,6650,,,0.0595,,0,,0.0000,,0.0595,0,,,,
0002,千房FC,500003,FC第3エリア,563   ,北新地,2026/07/31,金,平日,,晴,36.0,28.0,計,217402,220000,0.9882,0.7917,150590,1.4437,31,10,7013.0,,22,1.4091,10,3.1000,6650,,0.0000,0.0547,,0,0.0000,0.0000,0.0000,0.0547,0,,,0.0000,
1004,千房フロンティア,300000,IZAKAYA事業部,703   ,いやさか 福島本店,2026/07/13,月,平日,,晴,33.0,28.0,計,340980,350000,0.9742,0.9742,394717,0.8639,93,13,3666.5,1.29,92,1.0109,95,0.9789,0,86383,0.2533,0.2533,0,82103,0.2408,0.2408,0.4941,0.4941,3579,5716.3,,0.0000,
1004,千房フロンティア,300000,IZAKAYA事業部,703   ,いやさか 福島本店,2026/07/14,火,平日,,晴,34.0,28.0,計,334575,350000,0.9559,0.9651,393947,0.8493,89,15,3759.3,1.24,92,0.9674,98,0.9082,0,55455,0.1657,0.2100,0,73497,0.2197,0.2303,0.3854,0.4403,3207,6259.6,,0.0000,
1004,千房フロンティア,300000,IZAKAYA事業部,703   ,いやさか 福島本店,2026/07/15,水,平日,,晴,34.0,28.0,計,359497,350000,1.0271,0.9858,373200,0.9633,94,21,3824.4,1.31,92,1.0217,99,0.9495,0,57626,0.1603,0.1927,0,87005,0.2420,0.2344,0.4023,0.4271,3695,5837.6,,0.0000,
1004,千房フロンティア,300000,IZAKAYA事業部,703   ,いやさか 福島本店,2026/07/16,木,平日,,晴,34.0,29.0,計,358879,350000,1.0254,0.9957,442508,0.8110,91,16,3943.7,1.26,92,0.9891,103,0.8835,0,89739,0.2501,0.2075,0,83406,0.2324,0.2339,0.4825,0.4414,3564,6041.7,,0.0000,
1004,千房フロンティア,300000,IZAKAYA事業部,703   ,いやさか 福島本店,2026/07/17,金,平日,,晴,35.0,27.0,計,469298,360000,1.3036,1.0587,340120,1.3798,115,18,4080.9,1.60,94,1.2234,93,1.2366,0,69659,0.1484,0.1926,0,85881,0.1830,0.2211,0.3314,0.4137,3722,7565.3,,0.0000,
1004,千房フロンティア,300000,IZAKAYA事業部,703   ,いやさか 福島本店,2026/07/18,土,土曜,,曇,34.0,29.0,計,341984,350000,0.9771,1.0451,217621,1.5715,99,25,3454.4,1.38,92,1.0761,74,1.3378,0,86031,0.2516,0.2017,0,77003,0.2252,0.2217,0.4767,0.4234,3274,6267.3,,0.0000,
1004,千房フロンティア,300000,IZAKAYA事業部,703   ,いやさか 福島本店,2026/07/19,日,日祝,,曇,34.0,28.0,計,216871,350000,0.6196,0.9846,224154,0.9675,61,20,3555.3,0.85,92,0.6630,65,0.9385,0,,0.0000,0.1837,0,61664,0.2843,0.2273,0.2843,0.4110,2703,4814.0,,0.0000,
1004,千房フロンティア,300000,IZAKAYA事業部,703   ,いやさか 福島本店,2026/07/20,月,日祝,,晴,35.0,29.0,計,,0,,0.9846,,,,,,0,0,,,,0,0,,0.1837,0,0,,0.2273,,0.4110,0,,,,
1004,千房フロンティア,300000,IZAKAYA事業部,703   ,いやさか 福島本店,2026/07/21,火,平日,,晴,37.0,29.0,計,332340,350000,0.9495,0.9802,314412,1.0570,92,17,3612.4,1.28,92,1.0000,85,1.0824,0,118951,0.3579,0.2047,0,85029,0.2558,0.2308,0.6138,0.4355,3709,5376.2,,0.0000,
1004,千房フロンティア,300000,IZAKAYA事業部,703   ,いやさか 福島本店,2026/07/22,水,平日,,晴,36.0,29.0,計,386737,350000,1.1050,0.9940,358128,1.0799,102,17,3791.5,1.42,92,1.1087,99,1.0303,0,69208,0.1790,0.2015,0,85455,0.2210,0.2295,0.3999,0.4311,3771,6153.3,,0.0000,
1004,千房フロンティア,300000,IZAKAYA事業部,703   ,いやさか 福島本店,2026/07/23,木,平日,,晴,37.0,30.0,計,309053,350000,0.8830,0.9830,317653,0.9729,81,18,3815.5,1.13,92,0.8804,84,0.9643,0,85237,0.2758,0.2082,0,82471,0.2669,0.2329,0.5427,0.4411,3554,5217.6,,0.0000,
1004,千房フロンティア,300000,IZAKAYA事業部,703   ,いやさか 福島本店,2026/07/24,金,平日,,晴,37.0,29.0,計,452993,360000,1.2583,1.0086,358481,1.2636,126,23,3595.2,1.75,94,1.3404,94,1.3404,0,99325,0.2193,0.2095,0,95670,0.2112,0.2304,0.4305,0.4398,4096,6635.6,,0.0000,
1004,千房フロンティア,300000,IZAKAYA事業部,703   ,いやさか 福島本店,2026/07/25,土,土曜,,晴,36.0,29.0,計,364993,350000,1.0428,1.0114,370376,0.9855,97,23,3762.8,1.35,92,1.0543,98,0.9898,0,33001,0.0904,0.1993,0,103768,0.2843,0.2350,0.3747,0.4343,4422,4952.4,,0.0000,
1004,千房フロンティア,300000,IZAKAYA事業部,703   ,いやさか 福島本店,2026/07/26,日,日祝,,晴,36.0,28.0,計,,0,,1.0114,,,,,,0,0,,,,0,,,0.1993,0,0,,0.2350,,0.4343,0,,,,
1004,千房フロンティア,300000,IZAKAYA事業部,703   ,いやさか 福島本店,2026/07/27,月,平日,,晴,35.0,29.0,計,321521,350000,0.9186,1.0043,298561,1.0769,77,16,4175.6,1.07,92,0.8370,80,0.9625,0,80958,0.2518,0.2030,0,75495,0.2348,0.2350,0.4866,0.4379,3296,5852.9,,0.0000,
1004,千房フロンティア,300000,IZAKAYA事業部,703   ,いやさか 福島本店,2026/07/28,火,平日,,晴,35.0,28.0,計,416453,350000,1.1899,1.0175,356072,1.1696,109,18,3820.7,1.51,92,1.1848,97,1.1237,0,94168,0.2261,0.2049,0,92419,0.2219,0.2339,0.4480,0.4388,3968,6297.2,,0.0000,
1004,千房フロンティア,300000,IZAKAYA事業部,703   ,いやさか 福島本店,2026/07/29,水,平日,,雨,33.0,28.0,計,409897,350000,1.1711,1.0277,367338,1.1159,106,15,3867.0,1.47,92,1.1522,94,1.1277,0,42298,0.1032,0.1972,0,93395,0.2279,0.2334,0.3310,0.4306,4027,6107.2,,0.0000,
1004,千房フロンティア,300000,IZAKAYA事業部,703   ,いやさか 福島本店,2026/07/30,木,平日,,晴,35.0,28.0,計,373747,350000,1.0678,1.0302,452038,0.8268,100,19,3737.5,1.39,92,1.0870,112,0.8929,0,65055,0.1741,0.1957,0,85864,0.2297,0.2332,0.4038,0.4289,3444,6511.3,,0.0000,
1004,千房フロンティア,300000,IZAKAYA事業部,703   ,いやさか 福島本店,2026/07/31,金,平日,,晴,35.0,28.0,計,422855,360000,1.1746,1.0389,423618,0.9982,113,21,3742.1,1.57,94,1.2021,101,1.1188,0,55110,0.1303,0.1913,0,121309,0.2869,0.2368,0.4172,0.4281,4417,5744.0,,0.0000,
1004,千房フロンティア,300000,IZAKAYA事業部,705   ,ときわ福島,2026/07/13,月,平日,,晴,33.0,28.0,計,107020,110000,0.9729,0.9729,55220,1.9381,25,3,4280.8,0.63,30,0.8333,15,1.6667,0,37008,0.3458,0.3458,0,12895,0.1205,0.1205,0.4663,0.4663,619,10373.5,,0.0000,
1004,千房フロンティア,300000,IZAKAYA事業部,705   ,ときわ福島,2026/07/14,火,平日,,晴,34.0,28.0,計,141338,110000,1.2849,1.1289,96493,1.4647,36,5,3926.1,0.90,30,1.2000,24,1.5000,0,6800,0.0481,0.1764,0,17702,0.1252,0.1232,0.1734,0.2996,726,11680.8,,0.0000,
1004,千房フロンティア,300000,IZAKAYA事業部,705   ,ときわ福島,2026/07/15,水,平日,,晴,34.0,28.0,計,125910,110000,1.1446,1.1341,115193,1.0930,29,3,4341.7,0.73,30,0.9667,30,0.9667,0,22342,0.1774,0.1767,0,27486,0.2183,0.1552,0.3957,0.3319,1187,6364.4,,0.0000,
1004,千房フロンティア,300000,IZAKAYA事業部,705   ,ときわ福島,2026/07/16,木,平日,,晴,34.0,29.0,計,141266,110000,1.2842,1.1717,103438,1.3657,31,7,4557.0,0.78,30,1.0333,29,1.0690,0,47424,0.3357,0.2203,0,26235,0.1857,0.1636,0.5214,0.3839,1140,7435.1,,0.0000,
1004,千房フロンティア,300000,IZAKAYA事業部,705   ,ときわ福島,2026/07/17,金,平日,,晴,35.0,27.0,計,170085,130000,1.3083,1.2028,129712,1.3113,39,9,4361.2,0.98,35,1.1143,32,1.2188,0,31929,0.1877,0.2122,0,28677,0.1686,0.1648,0.3563,0.3770,1189,8582.9,,0.0000,
1004,千房フロンティア,300000,IZAKAYA事業部,705   ,ときわ福島,2026/07/18,土,土曜,,曇,34.0,29.0,計,65477,100000,0.6548,1.1210,82585,0.7928,22,9,2976.2,0.55,27,0.8148,23,0.9565,0,14437,0.2205,0.2129,0,17772,0.2714,0.1741,0.4919,0.3870,736,5337.8,,0.0000,
1004,千房フロンティア,300000,IZAKAYA事業部,705   ,ときわ福島,2026/07/19,日,日祝,,曇,34.0,28.0,計,92702,100000,0.9270,1.0958,99796,0.9289,23,5,4030.5,0.58,27,0.8519,39,0.5897,0,,0.0000,0.1895,0,10253,0.1106,0.1671,0.1106,0.3567,402,13836.1,,0.0000,
1004,千房フロンティア,300000,IZAKAYA事業部,705   ,ときわ福島,2026/07/20,月,日祝,,晴,35.0,29.0,計,,0,,1.0958,,,,,,0,0,,,,0,,,0.1895,0,0,,0.1671,,0.3567,0,,,,
1004,千房フロンティア,300000,IZAKAYA事業部,705   ,ときわ福島,2026/07/21,火,平日,,晴,37.0,29.0,計,65401,110000,0.5946,1.0332,96785,0.6757,15,4,4360.1,0.38,30,0.5000,28,0.5357,0,64058,0.9795,0.2464,0,10541,0.1612,0.1667,1.1406,0.4131,506,7755.1,,0.0000,
1004,千房フロンティア,300000,IZAKAYA事業部,705   ,ときわ福島,2026/07/22,水,平日,,晴,36.0,29.0,計,134604,110000,1.2237,1.0543,132422,1.0165,39,9,3451.4,0.98,30,1.3000,39,1.0000,0,11769,0.0874,0.2259,0,20630,0.1533,0.1650,0.2407,0.3908,853,9468.0,,0.0000,
1004,千房フロンティア,300000,IZAKAYA事業部,705   ,ときわ福島,2026/07/23,木,平日,,晴,37.0,30.0,計,106966,110000,0.9724,1.0462,138097,0.7746,27,5,3961.7,0.68,30,0.9000,78,0.3462,0,31923,0.2984,0.2326,0,19769,0.1848,0.1668,0.4833,0.3994,833,7704.6,,0.0000,
1004,千房フロンティア,300000,IZAKAYA事業部,705   ,ときわ福島,2026/07/24,金,平日,,晴,37.0,29.0,計,145978,130000,1.1229,1.0543,132232,1.1040,55,12,2654.1,1.38,35,1.5714,39,1.4103,0,37674,0.2581,0.2355,0,30708,0.2104,0.1717,0.4684,0.4072,1294,6768.7,,0.0000,
1004,千房フロンティア,300000,IZAKAYA事業部,705   ,ときわ福島,2026/07/25,土,土曜,,晴,36.0,29.0,計,135703,100000,1.3570,1.0770,128358,1.0572,34,6,3991.3,0.85,27,1.2593,37,0.9189,0,5265,0.0388,0.2169,0,6804,0.0501,0.1602,0.0889,0.3770,305,26695.7,,0.0000,
1004,千房フロンティア,300000,IZAKAYA事業部,705   ,ときわ福島,2026/07/26,日,日祝,,晴,36.0,28.0,計,,0,,1.0770,,,,,,0,0,,,,0,,,0.2169,0,0,,0.1602,,0.3770,0,,,,
1004,千房フロンティア,300000,IZAKAYA事業部,705   ,ときわ福島,2026/07/27,月,平日,,晴,35.0,29.0,計,90384,110000,0.8217,1.0575,73930,1.2226,23,3,3929.7,0.58,30,0.7667,28,0.8214,0,18890,0.2090,0.2164,0,26080,0.2885,0.1678,0.4975,0.3842,1140,4757.1,,0.0000,
1004,千房フロンティア,300000,IZAKAYA事業部,705   ,ときわ福島,2026/07/28,火,平日,,晴,35.0,28.0,計,108658,110000,0.9878,1.0526,115538,0.9405,29,6,3746.8,0.73,30,0.9667,32,0.9063,0,24395,0.2245,0.2169,0,8226,0.0757,0.1617,0.3002,0.3786,313,20829.0,,0.0000,
1004,千房フロンティア,300000,IZAKAYA事業部,705   ,ときわ福島,2026/07/29,水,平日,,雨,33.0,28.0,計,139768,110000,1.2706,1.0670,110430,1.2657,38,9,3678.1,0.95,30,1.2667,29,1.3103,0,24288,0.1738,0.2135,0,26959,0.1929,0.1641,0.3667,0.3777,1155,7260.7,,0.0000,
1004,千房フロンティア,300000,IZAKAYA事業部,705   ,ときわ福島,2026/07/30,木,平日,,晴,35.0,28.0,計,113858,110000,1.0351,1.0650,111714,1.0192,29,9,3926.1,0.73,30,0.9667,30,0.9667,0,28323,0.2488,0.2157,0,19505,0.1713,0.1646,0.4201,0.3802,770,8872.1,,0.0000,
1004,千房フロンティア,300000,IZAKAYA事業部,705   ,ときわ福島,2026/07/31,金,平日,,晴,35.0,28.0,計,137694,110000,1.2518,1.0760,144877,0.9504,33,8,4172.5,0.83,30,1.1000,35,0.9429,0,16658,0.1210,0.2092,0,32950,0.2393,0.1697,0.3603,0.3789,1234,6695.0,,0.0000,
1004,千房フロンティア,300000,IZAKAYA事業部,706   ,いやさか別邸(旧 大阪吉野工房),2026/07/13,月,平日,,晴,33.0,28.0,計,0,1000,0.0000,0.0000,0,,0,0,,,1,0.0000,0,,0,41761,,,0,0,,,,,0,,,,
1004,千房フロンティア,300000,IZAKAYA事業部,706   ,いやさか別邸(旧 大阪吉野工房),2026/07/14,火,平日,,晴,34.0,28.0,計,0,2000,0.0000,0.0000,0,,0,0,,,2,0.0000,0,,0,,,,0,0,,,,,0,,,,
1004,千房フロンティア,300000,IZAKAYA事業部,706   ,いやさか別邸(旧 大阪吉野工房),2026/07/15,水,平日,,晴,34.0,28.0,計,0,2000,0.0000,0.0000,0,,0,0,,,2,0.0000,0,,0,10752,,,0,0,,,,,0,,,,
1004,千房フロンティア,300000,IZAKAYA事業部,706   ,いやさか別邸(旧 大阪吉野工房),2026/07/16,木,平日,,晴,34.0,29.0,計,0,2000,0.0000,0.0000,0,,0,0,,,2,0.0000,0,,0,18591,,,0,0,,,,,0,,,,
1004,千房フロンティア,300000,IZAKAYA事業部,706   ,いやさか別邸(旧 大阪吉野工房),2026/07/17,金,平日,,晴,35.0,27.0,計,1139,2000,0.5695,0.1266,0,,1,1,1139.0,,2,0.5000,0,,0,17380,15.2590,77.6857,0,0,0.0000,0.0000,15.2590,77.6857,0,,,0.0000,
1004,千房フロンティア,300000,IZAKAYA事業部,706   ,いやさか別邸(旧 大阪吉野工房),2026/07/18,土,土曜,,曇,34.0,29.0,計,1139,2000,0.5695,0.2071,2186,0.5210,1,1,1139.0,,2,0.5000,2,0.5000,0,10360,9.0957,43.3907,0,0,0.0000,0.0000,9.0957,43.3907,0,,,0.0000,
1004,千房フロンティア,300000,IZAKAYA事業部,706   ,いやさか別邸(旧 大阪吉野工房),2026/07/19,日,日祝,,曇,34.0,28.0,計,0,2000,0.0000,0.1752,0,,0,0,,,2,0.0000,0,,0,,,43.3907,0,0,,0.0000,,43.3907,0,,,,
1004,千房フロンティア,300000,IZAKAYA事業部,706   ,いやさか別邸(旧 大阪吉野工房),2026/07/20,月,日祝,,晴,35.0,29.0,計,,0,,0.1752,,,,,,,0,,,,0,,,43.3907,0,0,,0.0000,,43.3907,0,,,,
1004,千房フロンティア,300000,IZAKAYA事業部,706   ,いやさか別邸(旧 大阪吉野工房),2026/07/21,火,平日,,晴,37.0,29.0,計,2278,1000,2.2780,0.3254,0,,1,1,2278.0,,1,1.0000,0,,0,16870,7.4056,25.3982,0,0,0.0000,0.0000,7.4056,25.3982,0,,,0.0000,
1004,千房フロンティア,300000,IZAKAYA事業部,706   ,いやさか別邸(旧 大阪吉野工房),2026/07/22,水,平日,,晴,36.0,29.0,計,0,2000,0.0000,0.2848,0,,0,0,,,2,0.0000,0,,0,13259,,28.3084,0,0,,0.0000,,28.3084,0,,,,
1004,千房フロンティア,300000,IZAKAYA事業部,706   ,いやさか別邸(旧 大阪吉野工房),2026/07/23,木,平日,,晴,37.0,30.0,計,0,2000,0.0000,0.2531,11112,0.0000,0,0,,,2,0.0000,1,0.0000,0,9767,,30.4522,0,0,,0.0000,,30.4522,0,,,,
1004,千房フロンティア,300000,IZAKAYA事業部,706   ,いやさか別邸(旧 大阪吉野工房),2026/07/24,金,平日,,晴,37.0,29.0,計,0,2000,0.0000,0.2278,0,,0,0,,,2,0.0000,0,,0,36807,,38.5309,0,0,,0.0000,,38.5309,0,,,,
1004,千房フロンティア,300000,IZAKAYA事業部,706   ,いやさか別邸(旧 大阪吉野工房),2026/07/25,土,土曜,,晴,36.0,29.0,計,0,2000,0.0000,0.2071,5047,0.0000,0,0,,,2,0.0000,2,0.0000,0,15103,,41.8459,0,0,,0.0000,,41.8459,0,,,,
1004,千房フロンティア,300000,IZAKAYA事業部,706   ,いやさか別邸(旧 大阪吉野工房),2026/07/26,日,日祝,,晴,36.0,28.0,計,,0,,0.2071,,,,,,,0,,,,0,,,41.8459,0,0,,0.0000,,41.8459,0,,,,
1004,千房フロンティア,300000,IZAKAYA事業部,706   ,いやさか別邸(旧 大阪吉野工房),2026/07/27,月,平日,,晴,35.0,29.0,計,0,2000,0.0000,0.1898,1139,0.0000,0,0,,,2,0.0000,1,0.0000,0,15230,,45.1888,0,0,,0.0000,,45.1888,0,,,,
1004,千房フロンティア,300000,IZAKAYA事業部,706   ,いやさか別邸(旧 大阪吉野工房),2026/07/28,火,平日,,晴,35.0,28.0,計,0,2000,0.0000,0.1752,0,,0,0,,,2,0.0000,0,,0,1228,,45.4583,0,0,,0.0000,,45.4583,0,,,,
1004,千房フロンティア,300000,IZAKAYA事業部,706   ,いやさか別邸(旧 大阪吉野工房),2026/07/29,水,平日,,雨,33.0,28.0,計,0,2000,0.0000,0.1627,2278,0.0000,0,0,,,2,0.0000,1,0.0000,0,10920,,47.8551,0,0,,0.0000,,47.8551,0,,,,
1004,千房フロンティア,300000,IZAKAYA事業部,706   ,いやさか別邸(旧 大阪吉野工房),2026/07/30,木,平日,,晴,35.0,28.0,計,0,2000,0.0000,0.1519,0,,0,0,,,2,0.0000,0,,0,2139,,48.3246,0,0,,0.0000,,48.3246,0,,,,
1004,千房フロンティア,300000,IZAKAYA事業部,706   ,いやさか別邸(旧 大阪吉野工房),2026/07/31,金,平日,,晴,35.0,28.0,計,1139,2000,0.5695,0.1780,0,,1,1,1139.0,,2,0.5000,0,,0,15806,13.8771,41.4351,0,0,0.0000,0.0000,13.8771,41.4351,0,,,0.0000,
1004,千房フロンティア,600000,本社,707   ,ニューイヤサカ,2026/07/13,月,平日,,晴,33.0,28.0,計,,,,,,,,,,0,,,,,,,,,,0,,,,,0,,,,
1004,千房フロンティア,600000,本社,707   ,ニューイヤサカ,2026/07/14,火,平日,,晴,34.0,28.0,計,,,,,,,,,,0,,,,,,,,,,0,,,,,0,,,,
1004,千房フロンティア,600000,本社,707   ,ニューイヤサカ,2026/07/15,水,平日,,晴,34.0,28.0,計,,,,,,,,,,0,,,,,,,,,,0,,,,,0,,,,
1004,千房フロンティア,600000,本社,707   ,ニューイヤサカ,2026/07/16,木,平日,,晴,34.0,29.0,計,,,,,,,,,,0,,,,,,,,,,0,,,,,0,,,,
1004,千房フロンティア,600000,本社,707   ,ニューイヤサカ,2026/07/17,金,平日,,晴,35.0,27.0,計,,,,,,,,,,0,,,,,,,,,,0,,,,,0,,,,
1004,千房フロンティア,600000,本社,707   ,ニューイヤサカ,2026/07/18,土,土曜,,曇,34.0,29.0,計,,,,,,,,,,0,,,,,,,,,,0,,,,,0,,,,
1004,千房フロンティア,600000,本社,707   ,ニューイヤサカ,2026/07/19,日,日祝,,曇,34.0,28.0,計,,,,,,,,,,0,,,,,,,,,,0,,,,,0,,,,
1004,千房フロンティア,600000,本社,707   ,ニューイヤサカ,2026/07/20,月,日祝,,晴,35.0,29.0,計,,,,,,,,,,0,,,,,,,,,,0,,,,,0,,,,
1004,千房フロンティア,600000,本社,707   ,ニューイヤサカ,2026/07/21,火,平日,,晴,37.0,29.0,計,,,,,,,,,,0,,,,,,,,,,0,,,,,0,,,,
1004,千房フロンティア,600000,本社,707   ,ニューイヤサカ,2026/07/22,水,平日,,晴,36.0,29.0,計,,,,,,,,,,0,,,,,,,,,,0,,,,,0,,,,
1004,千房フロンティア,600000,本社,707   ,ニューイヤサカ,2026/07/23,木,平日,,晴,37.0,30.0,計,,,,,,,,,,0,,,,,,,,,,0,,,,,0,,,,
1004,千房フロンティア,600000,本社,707   ,ニューイヤサカ,2026/07/24,金,平日,,晴,37.0,29.0,計,,,,,,,,,,0,,,,,,,,,,0,,,,,0,,,,
1004,千房フロンティア,600000,本社,707   ,ニューイヤサカ,2026/07/25,土,土曜,,晴,36.0,29.0,計,,,,,,,,,,0,,,,,,,,,,0,,,,,0,,,,
1004,千房フロンティア,600000,本社,707   ,ニューイヤサカ,2026/07/26,日,日祝,,晴,36.0,28.0,計,,,,,,,,,,0,,,,,,,,,,0,,,,,0,,,,
1004,千房フロンティア,600000,本社,707   ,ニューイヤサカ,2026/07/27,月,平日,,晴,35.0,29.0,計,,,,,,,,,,0,,,,,,,,,,0,,,,,0,,,,
1004,千房フロンティア,600000,本社,707   ,ニューイヤサカ,2026/07/28,火,平日,,晴,35.0,28.0,計,,,,,,,,,,0,,,,,,,,,,0,,,,,0,,,,
1004,千房フロンティア,600000,本社,707   ,ニューイヤサカ,2026/07/29,水,平日,,雨,33.0,28.0,計,,,,,,,,,,0,,,,,,,,,,0,,,,,0,,,,
1004,千房フロンティア,600000,本社,707   ,ニューイヤサカ,2026/07/30,木,平日,,晴,35.0,28.0,計,,,,,,,,,,0,,,,,,,,,,0,,,,,0,,,,
1004,千房フロンティア,600000,本社,707   ,ニューイヤサカ,2026/07/31,金,平日,,晴,35.0,28.0,計,,,,,,,,,,0,,,,,,,,,,0,,,,,0,,,,
