業態コード,業態名称,営業部コード,営業部名称,店舗コード,店舗名称,営業日,曜日,曜日区分,店休,天候,最高気温,最低気温,売上分類,売上実績,売上月次予算,売上予算比,売上累計予算比,売上前年,売上前年比,客数実績,組数実績,客数客単価,客数回転数,客数月次予算,客数予算比,客数前年,客数前年比,仕入月次予算,仕入実績,売上仕入率,累計仕入率,人件費月次予算,人件費実績,売上人件費率,累計人件費率,売上FL率,累計FL率,労働時間,人時売上,廃棄額,売上廃棄率,イベント
0001,千房直営,000001,第1エリア,002   ,千日前本店,2026/08/01,土,土曜,,晴,36.0,29.0,計,782865,800000,0.9786,0.9786,598432,1.3082,326,124,2401.4,3.70,347,0.9395,243,1.3416,0,220035,0.2811,0.2811,0,164048,0.2095,0.2095,0.4906,0.4906,7289,6444.2,,0.0000,
0001,千房直営,000001,第1エリア,002   ,千日前本店,2026/08/02,日,日祝,,曇,37.0,30.0,計,736576,750000,0.9821,0.9803,722049,1.0201,339,124,2172.8,3.85,325,1.0431,323,1.0495,0,,0.0000,0.1448,0,156969,0.2131,0.2113,0.2131,0.3561,6951,6358.0,,0.0000,
0001,千房直営,000001,第1エリア,002   ,千日前本店,2026/08/03,月,平日,,曇,38.0,28.0,計,483164,500000,0.9663,0.9769,426403,1.1331,227,87,2128.5,2.58,217,1.0461,181,1.2541,0,132378,0.2740,0.1760,0,103052,0.2133,0.2118,0.4873,0.3877,4619,6276.2,,0.0000,
0001,千房直営,000001,第1エリア,002   ,千日前本店,2026/08/04,火,平日,,晴,34.0,27.0,計,473794,500000,0.9476,0.9711,457249,1.0362,202,78,2345.5,2.30,217,0.9309,202,1.0000,0,128434,0.2711,0.1942,0,91770,0.1937,0.2083,0.4648,0.4025,4108,6920.1,,0.0000,
0001,千房直営,000001,第1エリア,002   ,千日前本店,2026/08/05,水,平日,,晴,35.0,27.0,計,456593,550000,0.8302,0.9461,454788,1.0040,201,75,2271.6,2.28,238,0.8445,264,0.7614,0,156471,0.3427,0.2173,0,110703,0.2425,0.2136,0.5851,0.4309,4872,5623.1,,0.0000,
0001,千房直営,000001,第1エリア,002   ,千日前本店,2026/08/06,木,平日,,曇,35.0,28.0,計,444534,550000,0.8082,0.9254,431763,1.0296,206,74,2157.9,2.34,238,0.8655,190,1.0842,0,141048,0.3173,0.2305,0,124722,0.2806,0.2224,0.5979,0.4529,5461,4884.1,,0.0000,
0001,千房直営,000001,第1エリア,002   ,千日前本店,2026/08/07,金,平日,,曇,35.0,28.0,計,529375,600000,0.8823,0.9193,582609,0.9086,210,75,2520.8,2.39,260,0.8077,231,0.9091,0,201752,0.3811,0.2509,0,104212,0.1969,0.2190,0.5780,0.4698,4653,6826.2,,0.0000,
0001,千房直営,000001,第1エリア,002   ,千日前本店,2026/08/08,土,土曜,,晴,34.0,27.0,計,741589,800000,0.9270,0.9205,579632,1.2794,459,139,1615.7,5.22,347,1.3228,251,1.8287,0,245323,0.3308,0.2636,0,152334,0.2054,0.2168,0.5362,0.4804,6739,6602.7,,0.0000,
0001,千房直営,000001,第1エリア,002   ,千日前本店,2026/08/09,日,日祝,,晴,34.0,28.0,計,894450,800000,1.1181,0.9475,1028592,0.8696,399,150,2241.7,4.53,347,1.1499,451,0.8847,0,,0.0000,0.2211,0,144119,0.1611,0.2078,0.1611,0.4289,6417,8363.3,,0.0000,
0001,千房直営,000001,第1エリア,002   ,千日前本店,2026/08/10,月,平日,,晴,35.0,28.0,計,799789,700000,1.1426,0.9684,920374,0.8690,370,144,2161.6,4.20,304,1.2171,422,0.8768,0,434495,0.5433,0.2617,0,162821,0.2036,0.2073,0.7468,0.4690,7249,6619.9,,0.0000,
0001,千房直営,000001,第1エリア,002   ,千日前本店,2026/08/11,火,日祝,,晴,31.0,25.0,計,1155536,850000,1.3595,1.0133,895820,1.2899,454,178,2545.2,5.16,368,1.2337,397,1.1436,0,81819,0.0708,0.2323,0,158421,0.1371,0.1965,0.2079,0.4288,7048,9837.1,,0.0000,
0001,千房直営,000001,第1エリア,002   ,千日前本店,2026/08/12,水,平日,,雨,26.0,23.0,計,1148514,850000,1.3512,1.0481,885887,1.2965,425,167,2702.4,4.83,368,1.1549,406,1.0468,0,196605,0.1712,0.2242,0,159984,0.1393,0.1889,0.3105,0.4130,7029,9803.8,,0.0000,
0001,千房直営,000001,第1エリア,002   ,千日前本店,2026/08/13,木,平日,,曇,31.0,24.0,計,1074502,850000,1.2641,1.0683,964021,1.1146,424,160,2534.2,4.82,369,1.1491,390,1.0872,0,227137,0.2114,0.2228,0,165725,0.1542,0.1850,0.3656,0.4078,7412,8698.1,,0.0000,
0001,千房直営,000001,第1エリア,002   ,千日前本店,2026/08/14,金,平日,,曇,33.0,25.0,計,1030472,800000,1.2881,1.0860,888509,1.1598,443,160,2326.1,5.03,347,1.2767,380,1.1658,0,,0.0000,0.2014,0,156974,0.1523,0.1819,0.1523,0.3833,7121,8682.5,,0.0000,
0001,千房直営,000001,第1エリア,002   ,千日前本店,2026/08/15,土,土曜,,晴,32.0,26.0,計,1016070,750000,1.3548,1.1050,769351,1.3207,396,144,2565.8,4.50,325,1.2185,326,1.2147,0,,0.0000,0.1840,0,159241,0.1567,0.1797,0.1567,0.3638,6994,8716.6,,0.0000,
0001,千房直営,000001,第1エリア,002   ,千日前本店,2026/08/16,日,日祝,,曇,32.0,26.0,計,740558,650000,1.1393,1.1069,569862,1.2995,336,120,2204.0,3.82,281,1.1957,236,1.4237,0,,0.0000,0.1731,0,162161,0.2190,0.1821,0.2190,0.3552,7225,6150.0,,0.0000,
0001,千房直営,000002,第2エリア,005   ,リノアス八尾支店,2026/08/01,土,土曜,,晴,35.0,28.0,計,308225,350000,0.8806,0.8806,357230,0.8628,170,67,1813.1,1.93,184,0.9239,179,0.9497,0,42797,0.1389,0.1389,0,105148,0.3411,0.3411,0.4800,0.4800,4524,4087.9,,0.0000,
0001,千房直営,000002,第2エリア,005   ,リノアス八尾支店,2026/08/02,日,日祝,,曇,37.0,29.0,計,283793,310000,0.9155,0.8970,310530,0.9139,144,62,1970.8,1.64,163,0.8834,169,0.8521,0,,0.0000,0.0723,0,87877,0.3097,0.3260,0.3097,0.3983,3749,4541.9,,0.0000,
0001,千房直営,000002,第2エリア,005   ,リノアス八尾支店,2026/08/03,月,平日,,雨,37.0,28.0,計,125928,140000,0.8995,0.8974,142783,0.8820,60,31,2098.8,0.68,74,0.8108,80,0.7500,0,74670,0.5930,0.1636,0,47795,0.3795,0.3354,0.9725,0.4990,2270,3328.5,,0.0000,
0001,千房直営,000002,第2エリア,005   ,リノアス八尾支店,2026/08/04,火,平日,,晴,34.0,27.0,計,175330,120000,1.4611,0.9710,112639,1.5566,94,41,1865.2,1.07,63,1.4921,67,1.4030,0,22286,0.1271,0.1565,0,57259,0.3266,0.3337,0.4537,0.4901,2607,4035.2,,0.0000,
0001,千房直営,000002,第2エリア,005   ,リノアス八尾支店,2026/08/05,水,平日,,晴,36.0,26.0,計,106084,170000,0.6240,0.9168,166227,0.6382,59,37,1798.0,0.67,89,0.6629,89,0.6629,0,128600,1.2122,0.2685,0,50158,0.4728,0.3485,1.6851,0.6170,2376,2678.9,,0.0000,
0001,千房直営,000002,第2エリア,005   ,リノアス八尾支店,2026/08/06,木,平日,,曇,35.0,27.0,計,242736,100000,2.4274,1.0438,104442,2.3241,105,42,2311.8,1.19,53,1.9811,56,1.8750,0,27801,0.1145,0.2384,0,76697,0.3160,0.3421,0.4305,0.5805,3293,4422.8,,0.0000,
0001,千房直営,000002,第2エリア,005   ,リノアス八尾支店,2026/08/07,金,平日,,曇,35.0,28.0,計,165978,200000,0.8299,1.0130,208650,0.7955,84,46,1975.9,0.95,105,0.8000,95,0.8842,0,152506,0.9188,0.3186,0,56180,0.3385,0.3417,1.2573,0.6603,2430,4098.2,,0.0000,
0001,千房直営,000002,第2エリア,005   ,リノアス八尾支店,2026/08/08,土,土曜,,晴,35.0,26.0,計,271584,330000,0.8230,0.9765,327744,0.8286,142,62,1912.6,1.61,174,0.8161,171,0.8304,0,32080,0.1181,0.2862,0,93793,0.3454,0.3423,0.4635,0.6285,4089,3985.1,,0.0000,
0001,千房直営,000002,第2エリア,005   ,リノアス八尾支店,2026/08/09,日,日祝,,曇,34.0,27.0,計,335469,500000,0.6709,0.9077,491758,0.6822,189,70,1775.0,2.15,263,0.7186,242,0.7810,0,,0.0000,0.2386,0,95295,0.2841,0.3326,0.2841,0.5712,4111,4896.2,,0.0000,
0001,千房直営,000002,第2エリア,005   ,リノアス八尾支店,2026/08/10,月,平日,,曇,35.0,27.0,計,209519,380000,0.5514,0.8556,372373,0.5627,101,46,2074.4,1.15,200,0.5050,200,0.5050,0,188067,0.8976,0.3006,0,68097,0.3250,0.3319,1.2226,0.6325,3330,3775.1,,0.0000,
0001,千房直営,000002,第2エリア,005   ,リノアス八尾支店,2026/08/11,火,日祝,,晴,31.0,24.0,計,482180,300000,1.6073,0.9334,293129,1.6449,208,81,2318.2,2.36,158,1.3165,158,1.3165,0,25925,0.0538,0.2567,0,118784,0.2463,0.3166,0.3001,0.5733,5206,5557.2,,0.0000,
0001,千房直営,000002,第2エリア,005   ,リノアス八尾支店,2026/08/12,水,平日,,雨,26.0,23.0,計,271759,350000,0.7765,0.9165,357674,0.7598,128,53,2123.1,1.45,184,0.6957,175,0.7314,0,83758,0.3082,0.2614,0,91020,0.3349,0.3183,0.6431,0.5797,4200,3882.3,,0.0000,
0001,千房直営,000002,第2エリア,005   ,リノアス八尾支店,2026/08/13,木,平日,,曇,33.0,24.0,計,463888,280000,1.6567,0.9752,270447,1.7153,201,71,2307.9,2.28,147,1.3673,146,1.3767,0,40807,0.0880,0.2380,0,104963,0.2263,0.3059,0.3142,0.5439,4718,5899.4,,0.0000,
0001,千房直営,000002,第2エリア,005   ,リノアス八尾支店,2026/08/14,金,平日,,曇,33.0,25.0,計,441209,530000,0.8325,0.9566,532695,0.8283,195,78,2262.6,2.22,279,0.6989,229,0.8515,0,107771,0.2443,0.2387,0,93280,0.2114,0.2952,0.4557,0.5339,4165,6356.0,,0.0000,
0001,千房直営,000002,第2エリア,005   ,リノアス八尾支店,2026/08/15,土,土曜,,晴,32.0,25.0,計,448616,420000,1.0681,0.9670,439226,1.0214,222,79,2020.8,2.52,221,1.0045,216,1.0278,0,27242,0.0607,0.2203,0,107672,0.2400,0.2895,0.3007,0.5097,4726,5695.5,,0.0000,
0001,千房直営,000002,第2エリア,005   ,リノアス八尾支店,2026/08/16,日,日祝,,曇,31.0,26.0,計,374488,300000,1.2483,0.9847,297010,1.2609,165,72,2269.6,1.88,158,1.0443,148,1.1149,0,,0.0000,0.2028,0,77577,0.2072,0.2829,0.2072,0.4857,3307,6794.5,,0.0000,
0001,千房直営,000001,第1エリア,010   ,京都アバンティ支店,2026/08/01,土,土曜,,曇,36.0,27.0,計,303983,360000,0.8444,0.8444,327482,0.9282,120,48,2533.2,3.53,276,0.4348,147,0.8163,0,43073,0.1417,0.1417,0,77816,0.2560,0.2560,0.3977,0.3977,3420,5333.0,,0.0000,
0001,千房直営,000001,第1エリア,010   ,京都アバンティ支店,2026/08/02,日,日祝,,曇,36.0,28.0,計,236185,360000,0.6561,0.7502,335445,0.7041,114,54,2071.8,3.35,288,0.3958,146,0.7808,0,1680,0.0071,0.0829,0,63214,0.2676,0.2611,0.2748,0.3439,2755,5143.8,,0.0000,
0001,千房直営,000001,第1エリア,010   ,京都アバンティ支店,2026/08/03,月,平日,,曇,36.0,28.0,計,193607,250000,0.7744,0.7565,273511,0.7079,91,39,2127.5,2.68,159,0.5723,116,0.7845,0,137053,0.7079,0.2478,0,54027,0.2791,0.2658,0.9869,0.5136,2353,4936.9,,0.0000,
0001,千房直営,000001,第1エリア,010   ,京都アバンティ支店,2026/08/04,火,平日,,晴,35.0,27.0,計,240936,250000,0.9637,0.7989,232104,1.0381,100,45,2409.4,2.94,159,0.6289,107,0.9346,0,85257,0.3539,0.2740,0,56522,0.2346,0.2581,0.5885,0.5321,2404,6013.4,,0.0000,
0001,千房直営,000001,第1エリア,010   ,京都アバンティ支店,2026/08/05,水,平日,,晴,36.0,26.0,計,155606,250000,0.6224,0.7689,315192,0.4937,70,38,2222.9,2.06,159,0.4403,118,0.5932,0,32475,0.2087,0.2650,0,49914,0.3208,0.2667,0.5295,0.5317,2313,4036.5,,0.0000,
0001,千房直営,000001,第1エリア,010   ,京都アバンティ支店,2026/08/06,木,平日,,晴,35.0,28.0,計,313639,250000,1.2546,0.8395,294334,1.0656,133,58,2358.2,3.91,159,0.8365,111,1.1982,0,121912,0.3887,0.2919,0,61369,0.1957,0.2513,0.5844,0.5432,2562,7345.2,,0.0000,
0001,千房直営,000001,第1エリア,010   ,京都アバンティ支店,2026/08/07,金,平日,,曇,34.0,28.0,計,206104,250000,0.8244,0.8376,393500,0.5238,98,47,2103.1,2.88,159,0.6164,149,0.6577,0,161085,0.7816,0.3530,0,61897,0.3003,0.2574,1.0819,0.6105,2887,4283.4,,0.0000,
0001,千房直営,000001,第1エリア,010   ,京都アバンティ支店,2026/08/08,土,土曜,,晴,36.0,27.0,計,373377,360000,1.0372,0.8684,444315,0.8403,166,61,2249.3,4.88,276,0.6014,189,0.8783,0,18991,0.0509,0.2973,0,68794,0.1842,0.2439,0.2351,0.5412,2958,7573.6,,0.0000,
0001,千房直営,000001,第1エリア,010   ,京都アバンティ支店,2026/08/09,日,日祝,,曇,34.0,27.0,計,389785,360000,1.0827,0.8971,431655,0.9030,163,64,2391.3,4.79,288,0.5660,173,0.9422,0,,0.0000,0.2493,0,72246,0.1853,0.2345,0.1853,0.4837,3151,7422.1,,0.0000,
0001,千房直営,000001,第1エリア,010   ,京都アバンティ支店,2026/08/10,月,平日,,晴,34.0,27.0,計,254015,250000,1.0161,0.9072,482573,0.5264,114,51,2228.2,3.35,159,0.7170,187,0.6096,0,151794,0.5976,0.2824,0,57795,0.2275,0.2338,0.8251,0.5162,2662,5725.4,,0.0000,
0001,千房直営,000001,第1エリア,010   ,京都アバンティ支店,2026/08/11,火,日祝,,曇,30.0,24.0,計,491394,360000,1.3650,0.9572,343743,1.4295,197,79,2494.4,5.79,288,0.6840,131,1.5038,0,68902,0.1402,0.2603,0,77952,0.1586,0.2221,0.2989,0.4824,3316,8891.3,,0.0000,
0001,千房直営,000001,第1エリア,010   ,京都アバンティ支店,2026/08/12,水,平日,,雨,27.0,23.0,計,378823,250000,1.5153,0.9965,434757,0.8713,145,57,2612.6,4.26,159,0.9120,171,0.8480,0,106637,0.2815,0.2626,0,74021,0.1954,0.2192,0.4769,0.4818,3234,7028.3,,0.0000,
0001,千房直営,000001,第1エリア,010   ,京都アバンティ支店,2026/08/13,木,平日,,雨,28.0,24.0,計,320376,300000,1.0679,1.0020,430960,0.7434,134,62,2390.9,3.94,191,0.7016,167,0.8024,0,114806,0.3583,0.2705,0,77782,0.2428,0.2212,0.6011,0.4917,3494,5501.6,,0.0000,
0001,千房直営,000001,第1エリア,010   ,京都アバンティ支店,2026/08/14,金,平日,,晴,34.0,23.0,計,340772,300000,1.1359,1.0117,390295,0.8731,138,63,2469.4,4.06,191,0.7225,144,0.9583,0,56355,0.1654,0.2620,0,68900,0.2022,0.2197,0.3676,0.4817,2967,6891.2,,0.0000,
0001,千房直営,000001,第1エリア,010   ,京都アバンティ支店,2026/08/15,土,土曜,,曇,31.0,25.0,計,417130,360000,1.1587,1.0234,521167,0.8004,167,67,2497.8,4.91,276,0.6051,194,0.8608,0,4480,0.0107,0.2393,0,75830,0.1818,0.2162,0.1925,0.4555,3355,7459.9,,0.0000,
0001,千房直営,000001,第1エリア,010   ,京都アバンティ支店,2026/08/16,日,日祝,,曇,32.0,26.0,計,262756,350000,0.7507,1.0038,388902,0.6756,111,44,2367.2,3.26,280,0.3964,147,0.7551,0,,0.0000,0.2264,0,63419,0.2414,0.2176,0.2414,0.4440,2800,5630.5,,0.0000,
0001,千房直営,000001,第1エリア,013   ,堺東支店,2026/08/01,土,土曜,,晴,35.0,28.0,計,275063,270000,1.0188,1.0188,378936,0.7259,137,75,2007.8,2.45,145,0.9448,191,0.7173,0,84381,0.3068,0.3068,0,88935,0.3233,0.3233,0.6301,0.6301,3721,4435.3,,0.0000,
0001,千房直営,000001,第1エリア,013   ,堺東支店,2026/08/02,日,日祝,,曇,36.0,29.0,計,316423,300000,1.0547,1.0377,408619,0.7744,152,67,2081.7,2.71,155,0.9806,213,0.7136,0,,0.0000,0.1427,0,100963,0.3191,0.3211,0.3191,0.4637,4191,4530.0,,0.0000,
0001,千房直営,000001,第1エリア,013   ,堺東支店,2026/08/03,月,平日,,曇,37.0,27.0,計,132028,150000,0.8802,1.0049,259966,0.5079,70,42,1886.1,1.25,80,0.8750,153,0.4575,0,89427,0.6773,0.2402,0,60157,0.4556,0.3456,1.1330,0.5858,2746,2884.8,,0.0000,
0001,千房直営,000001,第1エリア,013   ,堺東支店,2026/08/04,火,平日,,晴,34.0,28.0,計,211848,150000,1.4123,1.0751,339829,0.6234,96,56,2206.8,1.71,80,1.2000,160,0.6000,0,91649,0.4326,0.2838,0,73435,0.3466,0.3458,0.7793,0.6296,3336,3810.2,,0.0000,
0001,千房直営,000001,第1エリア,013   ,堺東支店,2026/08/05,水,平日,,晴,36.0,27.0,計,145208,200000,0.7260,1.0099,323815,0.4484,81,49,1792.7,1.45,103,0.7864,173,0.4682,0,119368,0.8220,0.3561,0,61619,0.4244,0.3564,1.2464,0.7125,2688,3241.3,,0.0000,
0001,千房直営,000001,第1エリア,013   ,堺東支店,2026/08/06,木,平日,,雨,35.0,28.0,計,241400,180000,1.3411,1.0576,247198,0.9765,124,70,1946.8,2.21,98,1.2653,129,0.9612,0,96867,0.4013,0.3644,0,60468,0.2505,0.3371,0.6518,0.7014,2793,5185.8,,0.0000,
0001,千房直営,000001,第1エリア,013   ,堺東支店,2026/08/07,金,平日,,曇,35.0,28.0,計,219068,200000,1.0953,1.0628,350891,0.6243,105,60,2086.4,1.88,103,1.0194,176,0.5966,0,247166,1.1283,0.4730,0,71509,0.3264,0.3355,1.4547,0.8085,2997,4385.7,,0.0000,
0001,千房直営,000001,第1エリア,013   ,堺東支店,2026/08/08,土,土曜,,晴,35.0,27.0,計,287403,270000,1.0645,1.0630,336202,0.8549,137,72,2097.8,2.45,145,0.9448,183,0.7486,0,38183,0.1329,0.4195,0,84926,0.2955,0.3292,0.4284,0.7488,3567,4834.4,,0.0000,
0001,千房直営,000001,第1エリア,013   ,堺東支店,2026/08/09,日,日祝,,晴,33.0,27.0,計,337090,290000,1.1624,1.0774,464521,0.7257,157,75,2147.1,2.80,148,1.0608,217,0.7235,0,,0.0000,0.3542,0,76729,0.2276,0.3134,0.2276,0.6676,3193,6334.3,,0.0000,
0001,千房直営,000001,第1エリア,013   ,堺東支店,2026/08/10,月,平日,,曇,34.0,27.0,計,333371,260000,1.2822,1.1008,469770,0.7096,155,78,2150.8,2.77,138,1.1232,226,0.6858,0,151686,0.4550,0.3677,0,85177,0.2555,0.3057,0.7105,0.6734,3731,5361.1,,0.0000,
0001,千房直営,000001,第1エリア,013   ,堺東支店,2026/08/11,火,日祝,,晴,31.0,24.0,計,350837,360000,0.9745,1.0836,442930,0.7921,170,78,2063.7,3.04,165,1.0303,224,0.7589,0,38741,0.1104,0.3360,0,98714,0.2814,0.3027,0.3918,0.6387,4072,5169.5,,0.0000,
0001,千房直営,000001,第1エリア,013   ,堺東支店,2026/08/12,水,平日,,雨,26.0,23.0,計,327398,360000,0.9094,1.0626,419795,0.7799,153,72,2139.9,2.73,165,0.9273,218,0.7018,0,,0.0000,0.3014,0,88993,0.2718,0.2995,0.2718,0.6009,4004,4906.1,,0.0000,
0001,千房直営,000001,第1エリア,013   ,堺東支店,2026/08/13,木,平日,,曇,32.0,24.0,計,294096,360000,0.8169,1.0362,421953,0.6970,131,67,2245.0,2.34,165,0.7939,206,0.6359,0,,0.0000,0.2758,0,72493,0.2465,0.2950,0.2465,0.5709,3140,5619.7,,0.0000,
0001,千房直営,000001,第1エリア,013   ,堺東支店,2026/08/14,金,平日,,曇,33.0,25.0,計,334287,320000,1.0446,1.0369,459074,0.7282,151,80,2213.8,2.70,158,0.9557,220,0.6864,0,,0.0000,0.2516,0,81272,0.2431,0.2905,0.2431,0.5421,3577,5607.3,,0.0000,
0001,千房直営,000001,第1エリア,013   ,堺東支店,2026/08/15,土,土曜,,曇,32.0,25.0,計,432135,300000,1.4405,1.0674,408877,1.0569,184,91,2348.6,3.29,155,1.1871,188,0.9787,0,,0.0000,0.2259,0,103332,0.2391,0.2852,0.2391,0.5112,4321,6000.5,,0.0000,
0001,千房直営,000001,第1エリア,013   ,堺東支店,2026/08/16,日,日祝,,曇,32.0,26.0,計,346544,300000,1.1551,1.0736,432863,0.8006,148,75,2341.5,2.64,155,0.9548,203,0.7291,0,,0.0000,0.2089,0,84292,0.2432,0.2821,0.2432,0.4909,3560,5840.6,,0.0000,
0001,千房直営,000001,第1エリア,014   ,高槻阪急スクエア支店,2026/08/01,土,土曜,,晴,35.0,26.0,計,357608,400000,0.8940,0.8940,402034,0.8895,202,89,1770.3,3.81,0,,210,0.9619,0,67503,0.1888,0.1888,0,90179,0.2522,0.2522,0.4409,0.4409,4033,5320.2,,0.0000,
0001,千房直営,000001,第1エリア,014   ,高槻阪急スクエア支店,2026/08/02,日,日祝,,晴,36.0,28.0,計,279721,370000,0.7560,0.8277,340449,0.8216,145,61,1929.1,2.74,0,,193,0.7513,0,,0.0000,0.1059,0,91236,0.3262,0.2846,0.3262,0.3906,4128,4065.7,,0.0000,
0001,千房直営,000001,第1エリア,014   ,高槻阪急スクエア支店,2026/08/03,月,平日,,曇,36.0,28.0,計,178445,190000,0.9392,0.8498,195136,0.9145,111,56,1607.6,2.09,0,,104,1.0673,0,46039,0.2580,0.1392,0,64373,0.3607,0.3013,0.6187,0.4405,2857,3747.5,,0.0000,
0001,千房直営,000001,第1エリア,014   ,高槻阪急スクエア支店,2026/08/04,火,平日,,晴,34.0,26.0,計,190376,190000,1.0020,0.8749,201817,0.9433,102,55,1866.4,1.92,0,,117,0.8718,0,109450,0.5749,0.2216,0,66236,0.3479,0.3101,0.9228,0.5317,3075,3714.7,,0.0000,
0001,千房直営,000001,第1エリア,014   ,高槻阪急スクエア支店,2026/08/05,水,平日,,晴,35.0,26.0,計,179075,190000,0.9425,0.8845,224999,0.7959,113,55,1584.7,2.13,0,,121,0.9339,0,74423,0.4156,0.2509,0,62310,0.3480,0.3158,0.7636,0.5668,2846,3775.3,,0.0000,
0001,千房直営,000001,第1エリア,014   ,高槻阪急スクエア支店,2026/08/06,木,平日,,晴,34.0,27.0,計,232289,190000,1.2226,0.9265,170918,1.3591,124,62,1873.3,2.34,0,,96,1.2917,0,29873,0.1286,0.2309,0,66130,0.2847,0.3107,0.4133,0.5416,3118,4470.0,,0.0000,
0001,千房直営,000001,第1エリア,014   ,高槻阪急スクエア支店,2026/08/07,金,平日,,曇,34.0,28.0,計,214548,190000,1.1292,0.9489,265638,0.8077,126,69,1702.8,2.38,0,,137,0.9197,0,204840,0.9548,0.3260,0,69400,0.3235,0.3124,1.2782,0.6385,3109,4140.5,,0.0000,
0001,千房直営,000001,第1エリア,014   ,高槻阪急スクエア支店,2026/08/08,土,土曜,,晴,35.0,26.0,計,443083,400000,1.1077,0.9788,361760,1.2248,230,98,1926.4,4.34,0,,191,1.2042,0,74829,0.1689,0.2925,0,111416,0.2515,0.2994,0.4203,0.5919,4935,5387.0,,0.0000,
0001,千房直営,000001,第1エリア,014   ,高槻阪急スクエア支店,2026/08/09,日,日祝,,曇,34.0,26.0,計,387911,370000,1.0484,0.9892,473631,0.8190,206,74,1883.1,3.89,0,,244,0.8443,0,,0.0000,0.2464,0,99567,0.2567,0.2927,0.2567,0.5391,4476,5199.9,,0.0000,
0001,千房直営,000001,第1エリア,014   ,高槻阪急スクエア支店,2026/08/10,月,平日,,晴,34.0,26.0,計,387041,200000,1.9352,1.0595,449651,0.8608,210,91,1843.1,3.96,0,,230,0.9130,0,182391,0.4712,0.2770,0,88036,0.2275,0.2838,0.6987,0.5608,3987,5824.5,,0.0000,
0001,千房直営,000001,第1エリア,014   ,高槻阪急スクエア支店,2026/08/11,火,日祝,,晴,30.0,24.0,計,362826,270000,1.3438,1.0854,289350,1.2539,197,83,1841.8,3.72,0,,156,1.2628,0,29770,0.0821,0.2549,0,88400,0.2436,0.2793,0.3257,0.5342,3937,5529.5,,0.0000,
0001,千房直営,000001,第1エリア,014   ,高槻阪急スクエア支店,2026/08/12,水,平日,,雨,26.0,23.0,計,278663,200000,1.3933,1.1049,339438,0.8210,149,67,1870.2,2.81,0,,188,0.7926,0,81722,0.2933,0.2580,0,77981,0.2798,0.2793,0.5731,0.5373,3511,4762.1,,0.0000,
0001,千房直営,000001,第1エリア,014   ,高槻阪急スクエア支店,2026/08/13,木,平日,,雨,29.0,23.0,計,431234,200000,2.1562,1.1675,416821,1.0346,224,87,1925.2,4.23,0,,224,1.0000,0,,0.0000,0.2296,0,82368,0.1910,0.2696,0.1910,0.4993,3699,6994.9,,0.0000,
0001,千房直営,000001,第1エリア,014   ,高槻阪急スクエア支店,2026/08/14,金,平日,,曇,33.0,23.0,計,362556,200000,1.8128,1.2038,388955,0.9321,200,81,1812.8,3.77,0,,203,0.9852,0,,0.0000,0.2102,0,84848,0.2340,0.2666,0.2340,0.4768,3815,5702.1,,0.0000,
0001,千房直営,000001,第1エリア,014   ,高槻阪急スクエア支店,2026/08/15,土,土曜,,晴,32.0,24.0,計,453247,400000,1.1331,1.1966,399652,1.1341,247,94,1835.0,4.66,0,,197,1.2538,0,,0.0000,0.1901,0,99453,0.2194,0.2621,0.2194,0.4522,4503,6039.3,,0.0000,
0001,千房直営,000001,第1エリア,014   ,高槻阪急スクエア支店,2026/08/16,日,日祝,,雨,31.0,26.0,計,294157,370000,0.7950,1.1623,316979,0.9280,158,63,1861.8,2.98,0,,153,1.0327,0,,0.0000,0.1790,0,74594,0.2536,0.2616,0.2536,0.4406,3456,5106.9,,0.0000,
0001,千房直営,000002,第2エリア,015   ,曽根崎支店,2026/08/01,土,土曜,,晴,35.0,28.0,計,164705,500000,0.3294,0.3294,423331,0.3891,69,29,2387.0,1.44,166,0.4157,149,0.4631,0,46536,0.2825,0.2825,0,77725,0.4719,0.4719,0.7544,0.7544,3386,2918.6,,0.0000,
0001,千房直営,000002,第2エリア,015   ,曽根崎支店,2026/08/02,日,日祝,,曇,37.0,29.0,計,231550,470000,0.4927,0.4085,394310,0.5872,80,36,2894.4,1.67,156,0.5128,139,0.5755,0,,0.0000,0.1174,0,65971,0.2849,0.3626,0.2849,0.4801,2913,4769.3,,0.0000,
0001,千房直営,000002,第2エリア,015   ,曽根崎支店,2026/08/03,月,平日,,曇,38.0,28.0,計,,0,,0.4085,,,,,,0,0,,,,0,1780,,0.1219,0,0,,0.3626,,0.4846,0,,,,
0001,千房直営,000002,第2エリア,015   ,曽根崎支店,2026/08/04,火,平日,,晴,34.0,27.0,計,166912,240000,0.6955,0.4654,267943,0.6229,75,22,2225.5,1.56,80,0.9375,82,0.9146,0,47771,0.2862,0.1706,0,46810,0.2804,0.3383,0.5667,0.5089,2043,4902.0,,0.0000,
0001,千房直営,000002,第2エリア,015   ,曽根崎支店,2026/08/05,水,平日,,晴,35.0,26.0,計,150648,250000,0.6026,0.4889,193670,0.7779,47,20,3205.3,0.98,83,0.5663,63,0.7460,0,9780,0.0649,0.1483,0,41586,0.2760,0.3251,0.3410,0.4735,1760,5135.7,,0.0000,
0001,千房直営,000002,第2エリア,015   ,曽根崎支店,2026/08/06,木,平日,,曇,35.0,28.0,計,117680,260000,0.4526,0.4834,289752,0.4061,45,17,2615.1,0.94,86,0.5233,94,0.4787,0,36874,0.3133,0.1717,0,37845,0.3216,0.3246,0.6349,0.4963,1647,4287.1,,0.0000,
0001,千房直営,000002,第2エリア,015   ,曽根崎支店,2026/08/07,金,平日,,曇,35.0,28.0,計,332410,280000,1.1872,0.5820,269195,1.2348,86,33,3865.2,1.79,93,0.9247,70,1.2286,0,88386,0.2659,0.1986,0,45418,0.1366,0.2709,0.4025,0.4695,1948,10238.5,,0.0000,
0001,千房直営,000002,第2エリア,015   ,曽根崎支店,2026/08/08,土,土曜,,晴,35.0,26.0,計,394292,500000,0.7886,0.6233,515009,0.7656,152,67,2594.0,3.17,166,0.9157,193,0.7876,0,59190,0.1501,0.1863,0,74275,0.1884,0.2501,0.3385,0.4364,3233,7317.5,,0.0000,
0001,千房直営,000002,第2エリア,015   ,曽根崎支店,2026/08/09,日,日祝,,晴,34.0,28.0,計,391944,550000,0.7126,0.6394,612094,0.6403,152,62,2578.6,3.17,183,0.8306,215,0.7070,0,,0.0000,0.1489,0,74509,0.1901,0.2380,0.1901,0.3869,3310,7104.7,,0.0000,
0001,千房直営,000002,第2エリア,015   ,曽根崎支店,2026/08/10,月,平日,,晴,35.0,27.0,計,297695,240000,1.2404,0.6832,534993,0.5564,96,35,3101.0,2.00,80,1.2000,189,0.5079,0,131801,0.4427,0.1878,0,44296,0.1488,0.2262,0.5915,0.4140,1861,9597.9,,0.0000,
0001,千房直営,000002,第2エリア,015   ,曽根崎支店,2026/08/11,火,日祝,,晴,31.0,25.0,計,326930,260000,1.2574,0.7253,438632,0.7453,106,47,3084.2,2.21,86,1.2326,155,0.6839,0,89975,0.2752,0.1989,0,79992,0.2447,0.2285,0.5199,0.4274,3573,5490.0,,0.0000,
0001,千房直営,000002,第2エリア,015   ,曽根崎支店,2026/08/12,水,平日,,雨,26.0,23.0,計,257031,320000,0.8032,0.7317,438866,0.5857,80,33,3212.9,1.67,106,0.7547,151,0.5298,0,107046,0.4165,0.2186,0,42024,0.1635,0.2226,0.5800,0.4413,1843,8367.8,,0.0000,
0001,千房直営,000002,第2エリア,015   ,曽根崎支店,2026/08/13,木,平日,,曇,31.0,24.0,計,327221,320000,1.0226,0.7539,384508,0.8510,114,49,2870.4,2.38,106,1.0755,122,0.9344,0,58007,0.1773,0.2144,0,75318,0.2302,0.2234,0.4074,0.4378,3326,5903.0,,0.0000,
0001,千房直営,000002,第2エリア,015   ,曽根崎支店,2026/08/14,金,平日,,曇,33.0,24.0,計,319882,320000,0.9996,0.7714,354285,0.9029,106,54,3017.8,2.21,106,1.0000,120,0.8833,0,17961,0.0561,0.1998,0,87543,0.2737,0.2280,0.3298,0.4278,3820,5024.3,,0.0000,
0001,千房直営,000002,第2エリア,015   ,曽根崎支店,2026/08/15,土,土曜,,晴,32.0,26.0,計,314293,550000,0.5714,0.7496,404030,0.7779,114,51,2757.0,2.38,183,0.6230,130,0.8769,0,,0.0000,0.1833,0,74181,0.2360,0.2287,0.2360,0.4119,3223,5850.9,,0.0000,
0001,千房直営,000002,第2エリア,015   ,曽根崎支店,2026/08/16,日,日祝,,曇,32.0,26.0,計,201859,500000,0.4037,0.7185,349738,0.5772,77,33,2621.5,1.60,166,0.4639,123,0.6260,0,,0.0000,0.1740,0,74039,0.3668,0.2357,0.3668,0.4097,3296,3674.6,,0.0000,
0001,千房直営,000004,第4エリア,034   ,華 恵比寿ガーデンプレイス店,2026/08/01,土,土曜,,晴,35.0,26.0,計,497302,550000,0.9042,0.9042,396738,1.2535,81,35,6139.5,1.62,100,0.8100,88,0.9205,0,112855,0.2269,0.2269,0,120959,0.2432,0.2432,0.4702,0.4702,5023,5940.3,,0.0000,
0001,千房直営,000004,第4エリア,034   ,華 恵比寿ガーデンプレイス店,2026/08/02,日,日祝,,曇,34.0,25.0,計,467013,550000,0.8491,0.8767,345129,1.3532,86,33,5430.4,1.72,100,0.8600,64,1.3438,0,22754,0.0487,0.1406,0,126025,0.2699,0.2561,0.3186,0.3968,5300,5286.9,,0.0000,
0001,千房直営,000004,第4エリア,034   ,華 恵比寿ガーデンプレイス店,2026/08/03,月,平日,,曇,26.0,23.0,計,464693,200000,2.3235,1.0992,171313,2.7125,58,25,8011.9,1.16,30,1.9333,28,2.0714,0,59702,0.1285,0.1367,0,84116,0.1810,0.2317,0.3095,0.3684,3495,7977.6,,0.0000,
0001,千房直営,000004,第4エリア,034   ,華 恵比寿ガーデンプレイス店,2026/08/04,火,平日,,晴,29.0,22.0,計,328371,250000,1.3135,1.1338,273806,1.1993,58,21,5661.6,1.16,40,1.4500,41,1.4146,0,94245,0.2870,0.1648,0,84213,0.2565,0.2363,0.5435,0.4011,3442,5724.1,,0.0000,
0001,千房直営,000004,第4エリア,034   ,華 恵比寿ガーデンプレイス店,2026/08/05,水,平日,,曇,30.0,23.0,計,525057,250000,2.1002,1.2680,167694,3.1310,59,15,8899.3,1.18,40,1.4750,32,1.8438,0,161773,0.3081,0.1977,0,92695,0.1765,0.2226,0.4846,0.4203,3811,8266.4,,0.0000,
0001,千房直営,000004,第4エリア,034   ,華 恵比寿ガーデンプレイス店,2026/08/06,木,平日,,晴,30.0,23.0,計,294611,250000,1.1784,1.2571,105960,2.7804,59,19,4993.4,1.18,40,1.4750,24,2.4583,0,114855,0.3899,0.2197,0,80657,0.2738,0.2284,0.6636,0.4481,3370,5245.3,,0.0000,
0001,千房直営,000004,第4エリア,034   ,華 恵比寿ガーデンプレイス店,2026/08/07,金,平日,,晴,33.0,26.0,計,319597,300000,1.0653,1.2326,385619,0.8288,50,20,6391.9,1.00,50,1.0000,53,0.9434,0,243109,0.7607,0.2794,0,79039,0.2473,0.2305,1.0080,0.5099,3343,5736.1,,0.0000,
0001,千房直営,000004,第4エリア,034   ,華 恵比寿ガーデンプレイス店,2026/08/08,土,土曜,,晴,33.0,27.0,計,531239,550000,0.9659,1.1820,341773,1.5544,82,33,6478.5,1.64,100,0.8200,59,1.3898,0,132165,0.2488,0.2746,0,116961,0.2202,0.2289,0.4690,0.5036,4957,6430.2,,0.0000,
0001,千房直営,000004,第4エリア,034   ,華 恵比寿ガーデンプレイス店,2026/08/09,日,日祝,,曇,33.0,25.0,計,489944,550000,0.8908,1.1356,571716,0.8570,77,32,6362.9,1.54,100,0.7700,106,0.7264,0,13340,0.0272,0.2437,0,129298,0.2639,0.2333,0.2911,0.4770,5322,5523.6,,0.0000,
0001,千房直営,000004,第4エリア,034   ,華 恵比寿ガーデンプレイス店,2026/08/10,月,平日,,晴,30.0,24.0,計,382268,250000,1.5291,1.1622,410999,0.9301,56,25,6826.2,1.12,40,1.4000,57,0.9825,0,213566,0.5587,0.2717,0,89239,0.2334,0.2333,0.7921,0.5050,3735,6140.9,,0.0000,
0001,千房直営,000004,第4エリア,034   ,華 恵比寿ガーデンプレイス店,2026/08/11,火,日祝,,雨,29.0,22.0,計,322595,550000,0.5865,1.0877,403856,0.7988,59,23,5467.7,1.18,100,0.5900,53,1.1132,0,33077,0.1025,0.2599,0,116374,0.3607,0.2422,0.4633,0.5021,4897,3952.6,,0.0000,
0001,千房直営,000004,第4エリア,034   ,華 恵比寿ガーデンプレイス店,2026/08/12,水,平日,,曇,29.0,22.0,計,257294,200000,1.2865,1.0966,389749,0.6602,37,18,6953.9,0.74,30,1.2333,58,0.6379,0,423672,1.6466,0.3330,0,87511,0.3401,0.2474,1.9868,0.5804,3566,4329.1,,0.0000,
0001,千房直営,000004,第4エリア,034   ,華 恵比寿ガーデンプレイス店,2026/08/13,木,平日,,雨,27.0,24.0,計,446266,250000,1.7851,1.1332,279718,1.5954,75,30,5950.2,1.50,40,1.8750,63,1.1905,0,292385,0.6552,0.3600,0,110319,0.2472,0.2473,0.9024,0.6074,4572,5856.5,,0.0000,
0001,千房直営,000004,第4エリア,034   ,華 恵比寿ガーデンプレイス店,2026/08/14,金,平日,,曇,30.0,23.0,計,312701,300000,1.0423,1.1278,474974,0.6584,55,20,5685.5,1.10,50,1.1000,95,0.5789,0,,0.0000,0.3400,0,86811,0.2776,0.2490,0.2776,0.5891,3732,5027.3,,0.0000,
0001,千房直営,000004,第4エリア,034   ,華 恵比寿ガーデンプレイス店,2026/08/15,土,土曜,,雨,27.0,24.0,計,451313,550000,0.8206,1.0973,551923,0.8177,82,28,5503.8,1.64,100,0.8200,92,0.8913,0,,0.0000,0.3148,0,121738,0.2697,0.2506,0.2697,0.5654,5122,5286.8,,0.0000,
0001,千房直営,000004,第4エリア,034   ,華 恵比寿ガーデンプレイス店,2026/08/16,日,日祝,,雨,26.0,23.0,計,362250,550000,0.6586,1.0578,380514,0.9520,73,31,4962.3,1.46,100,0.7300,89,0.8202,0,,0.0000,0.2972,0,103604,0.2860,0.2525,0.2860,0.5497,4463,4870.0,,0.0000,
0001,千房直営,000002,第2エリア,035   ,京橋京阪モール支店,2026/08/01,土,土曜,,晴,35.0,28.0,計,281096,270000,1.0411,1.0411,249135,1.1283,131,69,2145.8,3.45,142,0.9225,131,1.0000,0,21736,0.0773,0.0773,0,69462,0.2471,0.2471,0.3244,0.3244,2959,5699.8,,0.0000,
0001,千房直営,000002,第2エリア,035   ,京橋京阪モール支店,2026/08/02,日,日祝,,曇,37.0,29.0,計,278587,270000,1.0318,1.0365,159896,1.7423,125,56,2228.7,3.29,142,0.8803,88,1.4205,0,,0.0000,0.0388,0,70403,0.2527,0.2499,0.2527,0.2887,2985,5599.7,,0.0000,
0001,千房直営,000002,第2エリア,035   ,京橋京阪モール支店,2026/08/03,月,平日,,曇,38.0,28.0,計,132949,150000,0.8863,1.0038,188663,0.7047,65,39,2045.4,1.71,78,0.8333,93,0.6989,0,79346,0.5968,0.1459,0,39689,0.2985,0.2592,0.8953,0.4052,1765,4519.5,,0.0000,
0001,千房直営,000002,第2エリア,035   ,京橋京阪モール支店,2026/08/04,火,平日,,晴,34.0,27.0,計,119577,150000,0.7972,0.9669,101789,1.1748,70,35,1708.2,1.84,78,0.8974,48,1.4583,0,46145,0.3859,0.1813,0,45724,0.3824,0.2774,0.7683,0.4586,2088,3436.1,,0.0000,
0001,千房直営,000002,第2エリア,035   ,京橋京阪モール支店,2026/08/05,水,平日,,晴,35.0,26.0,計,106220,150000,0.7081,0.9277,174015,0.6104,65,37,1634.2,1.71,78,0.8333,98,0.6633,0,60807,0.5725,0.2265,0,42562,0.4007,0.2916,0.9732,0.5181,1900,3354.3,,0.0000,
0001,千房直営,000002,第2エリア,035   ,京橋京阪モール支店,2026/08/06,木,平日,,曇,35.0,27.0,計,167213,150000,1.1148,0.9523,154018,1.0857,77,44,2171.6,2.03,78,0.9872,79,0.9747,0,37402,0.2237,0.2261,0,47630,0.2848,0.2906,0.5085,0.5167,2168,4627.7,,0.0000,
0001,千房直営,000002,第2エリア,035   ,京橋京阪モール支店,2026/08/07,金,平日,,曇,35.0,28.0,計,173955,150000,1.1597,0.9764,193564,0.8987,82,39,2121.4,2.16,78,1.0513,99,0.8283,0,197034,1.1327,0.3513,0,56747,0.3262,0.2955,1.4589,0.6468,2499,4176.6,,0.0000,
0001,千房直営,000002,第2エリア,035   ,京橋京阪モール支店,2026/08/08,土,土曜,,晴,35.0,26.0,計,279303,280000,0.9975,0.9802,305813,0.9133,142,64,1966.9,3.74,147,0.9660,149,0.9530,0,23738,0.0850,0.3029,0,67527,0.2418,0.2858,0.3268,0.5887,2877,5824.9,,0.0000,
0001,千房直営,000002,第2エリア,035   ,京橋京阪モール支店,2026/08/09,日,日祝,,曇,34.0,28.0,計,280548,280000,1.0020,0.9835,402881,0.6964,150,72,1870.3,3.95,147,1.0204,186,0.8065,0,,0.0000,0.2562,0,70836,0.2525,0.2806,0.2525,0.5369,3010,5592.3,,0.0000,
0001,千房直営,000002,第2エリア,035   ,京橋京阪モール支店,2026/08/10,月,平日,,晴,35.0,27.0,計,191188,240000,0.7966,0.9620,236979,0.8068,112,48,1707.0,2.95,126,0.8889,114,0.9825,0,63338,0.3313,0.2634,0,54697,0.2861,0.2811,0.6174,0.5445,2465,4653.7,,0.0000,
0001,千房直営,000002,第2エリア,035   ,京橋京阪モール支店,2026/08/11,火,日祝,,晴,31.0,25.0,計,290374,280000,1.0371,0.9709,278759,1.0417,136,59,2135.1,3.58,147,0.9252,132,1.0303,0,17632,0.0607,0.2378,0,72745,0.2505,0.2773,0.3112,0.5151,3090,5638.3,,0.0000,
0001,千房直営,000002,第2エリア,035   ,京橋京阪モール支店,2026/08/12,水,平日,,曇,26.0,23.0,計,194814,240000,0.8117,0.9563,296143,0.6578,116,51,1679.4,3.05,126,0.9206,148,0.7838,0,59573,0.3058,0.2431,0,47999,0.2464,0.2749,0.5522,0.5180,2132,5482.6,,0.0000,
0001,千房直営,000002,第2エリア,035   ,京橋京阪モール支店,2026/08/13,木,平日,,曇,31.0,24.0,計,305534,240000,1.2731,0.9829,284074,1.0755,135,55,2263.2,3.55,126,1.0714,150,0.9000,0,73710,0.2413,0.2429,0,68786,0.2251,0.2694,0.4664,0.5123,3163,5795.8,,0.0000,
0001,千房直営,000002,第2エリア,035   ,京橋京阪モール支店,2026/08/14,金,平日,,曇,33.0,24.0,計,244067,240000,1.0169,0.9856,252439,0.9668,116,52,2104.0,3.05,126,0.9206,127,0.9134,0,33711,0.1381,0.2345,0,63372,0.2597,0.2687,0.3978,0.5032,2837,5161.8,,0.0000,
0001,千房直営,000002,第2エリア,035   ,京橋京阪モール支店,2026/08/15,土,土曜,,晴,32.0,26.0,計,294056,280000,1.0502,0.9909,271890,1.0815,133,55,2210.9,3.50,147,0.9048,138,0.9638,0,,0.0000,0.2139,0,74183,0.2523,0.2672,0.2523,0.4811,3181,5546.5,,0.0000,
0001,千房直営,000002,第2エリア,035   ,京橋京阪モール支店,2026/08/16,日,日祝,,曇,32.0,26.0,計,270940,280000,0.9676,0.9892,261167,1.0374,118,55,2296.1,3.11,147,0.8027,125,0.9440,0,,0.0000,0.1978,0,70189,0.2591,0.2666,0.2591,0.4644,2988,5440.6,,0.0000,
0001,千房直営,000002,第2エリア,040   ,ハービスＰＬＡＺＡ梅田支店,2026/08/01,土,土曜,,晴,35.0,28.0,計,284340,320000,0.8886,0.8886,275749,1.0312,128,51,2221.4,3.66,123,1.0407,118,1.0847,0,53533,0.1883,0.1883,0,77111,0.2712,0.2712,0.4595,0.4595,3435,4966.6,,0.0000,
0001,千房直営,000002,第2エリア,040   ,ハービスＰＬＡＺＡ梅田支店,2026/08/02,日,日祝,,曇,37.0,29.0,計,322732,320000,1.0085,0.9486,284605,1.1340,140,61,2305.2,4.00,123,1.1382,136,1.0294,0,,0.0000,0.0882,0,77930,0.2415,0.2554,0.2415,0.3436,3395,5703.7,,0.0000,
0001,千房直営,000002,第2エリア,040   ,ハービスＰＬＡＺＡ梅田支店,2026/08/03,月,平日,,曇,38.0,28.0,計,202127,210000,0.9625,0.9520,248759,0.8125,82,32,2465.0,2.34,80,1.0250,102,0.8039,0,89850,0.4445,0.1772,0,54726,0.2708,0.2592,0.7153,0.4364,2409,5034.3,,0.0000,
0001,千房直営,000002,第2エリア,040   ,ハービスＰＬＡＺＡ梅田支店,2026/08/04,火,平日,,晴,34.0,27.0,計,144043,210000,0.6859,0.8993,179897,0.8007,66,31,2182.5,1.89,80,0.8250,86,0.7674,0,69028,0.4792,0.2228,0,51166,0.3552,0.2737,0.8344,0.4966,2312,3738.1,,0.0000,
0001,千房直営,000002,第2エリア,040   ,ハービスＰＬＡＺＡ梅田支店,2026/08/05,水,平日,,晴,35.0,26.0,計,174768,210000,0.8322,0.8882,162065,1.0784,78,38,2240.6,2.23,80,0.9750,77,1.0130,0,65895,0.3770,0.2467,0,52124,0.2982,0.2775,0.6753,0.5243,2242,4677.1,,0.0000,
0001,千房直営,000002,第2エリア,040   ,ハービスＰＬＡＺＡ梅田支店,2026/08/06,木,平日,,曇,35.0,28.0,計,158027,210000,0.7525,0.8689,234472,0.6740,76,34,2079.3,2.17,80,0.9500,126,0.6032,0,43958,0.2782,0.2506,0,61005,0.3860,0.2909,0.6642,0.5415,2677,3541.9,,0.0000,
0001,千房直営,000002,第2エリア,040   ,ハービスＰＬＡＺＡ梅田支店,2026/08/07,金,平日,,曇,35.0,28.0,計,162127,210000,0.7720,0.8569,262487,0.6177,92,46,1762.3,2.63,80,1.1500,114,0.8070,0,165551,1.0211,0.3369,0,57936,0.3573,0.2983,1.3785,0.6352,2542,3826.8,,0.0000,
0001,千房直営,000002,第2エリア,040   ,ハービスＰＬＡＺＡ梅田支店,2026/08/08,土,土曜,,晴,35.0,26.0,計,289933,320000,0.9060,0.8647,285893,1.0141,138,62,2101.0,3.94,123,1.1220,122,1.1311,0,35337,0.1219,0.3010,0,73446,0.2533,0.2908,0.3752,0.5918,3305,5263.5,,0.0000,
0001,千房直営,000002,第2エリア,040   ,ハービスＰＬＡＺＡ梅田支店,2026/08/09,日,日祝,,晴,34.0,28.0,計,295448,320000,0.9233,0.8728,393268,0.7513,133,62,2221.4,3.80,123,1.0813,167,0.7964,0,,0.0000,0.2573,0,70297,0.2379,0.2831,0.2379,0.5404,3110,5700.0,,0.0000,
0001,千房直営,000002,第2エリア,040   ,ハービスＰＬＡＺＡ梅田支店,2026/08/10,月,平日,,晴,35.0,27.0,計,170978,240000,0.7124,0.8578,258376,0.6617,85,37,2011.5,2.43,92,0.9239,113,0.7522,0,86323,0.5049,0.2765,0,50861,0.2975,0.2842,0.8023,0.5607,2237,4585.9,,0.0000,
0001,千房直営,000002,第2エリア,040   ,ハービスＰＬＡＺＡ梅田支店,2026/08/11,火,日祝,,晴,31.0,25.0,計,313419,280000,1.1194,0.8835,190122,1.6485,128,47,2448.6,3.66,107,1.1963,84,1.5238,0,31121,0.0993,0.2544,0,72266,0.2306,0.2776,0.3299,0.5320,3178,5917.3,,0.0000,
0001,千房直営,000002,第2エリア,040   ,ハービスＰＬＡＺＡ梅田支店,2026/08/12,水,平日,,雨,26.0,23.0,計,241531,250000,0.9661,0.8902,233795,1.0331,104,46,2322.4,2.97,96,1.0833,96,1.0833,0,76592,0.3171,0.2599,0,63310,0.2621,0.2762,0.5792,0.5361,2793,5188.6,,0.0000,
0001,千房直営,000002,第2エリア,040   ,ハービスＰＬＡＺＡ梅田支店,2026/08/13,木,平日,,曇,31.0,24.0,計,296269,250000,1.1851,0.9122,224312,1.3208,117,44,2532.2,3.34,96,1.2188,94,1.2447,0,83637,0.2823,0.2621,0,69986,0.2362,0.2723,0.5185,0.5344,3144,5654.0,,0.0000,
0001,千房直営,000002,第2エリア,040   ,ハービスＰＬＡＺＡ梅田支店,2026/08/14,金,平日,,曇,33.0,24.0,計,227410,250000,0.9096,0.9120,300408,0.7570,94,39,2419.3,2.69,96,0.9792,124,0.7581,0,,0.0000,0.2439,0,68513,0.3013,0.2743,0.3013,0.5183,3040,4488.4,,0.0000,
0001,千房直営,000002,第2エリア,040   ,ハービスＰＬＡＺＡ梅田支店,2026/08/15,土,土曜,,晴,32.0,26.0,計,225900,320000,0.7059,0.8952,245646,0.9196,95,44,2377.9,2.71,123,0.7724,103,0.9223,0,,0.0000,0.2282,0,70034,0.3100,0.2766,0.3100,0.5048,3151,4301.5,,0.0000,
0001,千房直営,000002,第2エリア,040   ,ハービスＰＬＡＺＡ梅田支店,2026/08/16,日,日祝,,曇,32.0,26.0,計,271787,320000,0.8493,0.8917,260720,1.0424,105,39,2588.4,3.00,123,0.8537,101,1.0396,0,,0.0000,0.2118,0,69158,0.2545,0.2750,0.2545,0.4868,2969,5492.5,,0.0000,
0001,千房直営,000003,第3エリア,052   ,有楽町ビックカメラ支店,2026/08/01,土,土曜,,晴,35.0,26.0,計,433325,500000,0.8667,0.8667,467106,0.9277,172,80,2519.3,3.07,200,0.8600,185,0.9297,0,46226,0.1067,0.1067,0,132428,0.3056,0.3056,0.4123,0.4123,4934,5269.5,,0.0000,
0001,千房直営,000003,第3エリア,052   ,有楽町ビックカメラ支店,2026/08/02,日,日祝,,晴,34.0,25.0,計,500763,500000,1.0015,0.9341,394892,1.2681,213,88,2351.0,3.80,209,1.0191,168,1.2679,0,,0.0000,0.0495,0,131586,0.2628,0.2826,0.2628,0.3321,4939,6083.4,,0.0000,
0001,千房直営,000003,第3エリア,052   ,有楽町ビックカメラ支店,2026/08/03,月,平日,,曇,26.0,23.0,計,244152,260000,0.9390,0.9351,138107,1.7678,89,47,2743.3,1.59,84,1.0595,57,1.5614,0,118810,0.4866,0.1401,0,86636,0.3548,0.2976,0.8415,0.4377,3271,4478.5,,0.0000,
0001,千房直営,000003,第3エリア,052   ,有楽町ビックカメラ支店,2026/08/04,火,平日,,晴,29.0,22.0,計,310080,260000,1.1926,0.9792,182718,1.6970,104,46,2981.5,1.86,84,1.2381,66,1.5758,0,96747,0.3120,0.1759,0,90341,0.2913,0.2963,0.6034,0.4722,3279,5673.9,,0.0000,
0001,千房直営,000003,第3エリア,052   ,有楽町ビックカメラ支店,2026/08/05,水,平日,,曇,30.0,23.0,計,291160,260000,1.1198,0.9997,239264,1.2169,104,48,2799.6,1.86,84,1.2381,79,1.3165,0,97544,0.3350,0.2019,0,73983,0.2541,0.2894,0.5891,0.4913,2867,6093.3,,0.0000,
0001,千房直営,000003,第3エリア,052   ,有楽町ビックカメラ支店,2026/08/06,木,平日,,晴,31.0,23.0,計,411430,260000,1.5824,1.0740,190102,2.1643,151,61,2724.7,2.70,84,1.7976,55,2.7455,0,71473,0.1737,0.1966,0,96252,0.2339,0.2790,0.4077,0.4756,3514,7025.0,,0.0000,
0001,千房直営,000003,第3エリア,052   ,有楽町ビックカメラ支店,2026/08/07,金,平日,,晴,33.0,26.0,計,377100,310000,1.2165,1.0928,371804,1.0142,123,60,3065.9,2.20,100,1.2300,83,1.4819,0,235123,0.6235,0.2593,0,86824,0.2302,0.2718,0.8537,0.5311,3230,7005.0,,0.0000,
0001,千房直営,000003,第3エリア,052   ,有楽町ビックカメラ支店,2026/08/08,土,土曜,,晴,33.0,27.0,計,516814,500000,1.0336,1.0824,488997,1.0569,223,99,2317.6,3.98,200,1.1150,203,1.0985,0,72928,0.1411,0.2395,0,142205,0.2752,0.2724,0.4163,0.5119,5166,6002.5,,0.0000,
0001,千房直営,000003,第3エリア,052   ,有楽町ビックカメラ支店,2026/08/09,日,日祝,,曇,33.0,25.0,計,504644,500000,1.0093,1.0715,493426,1.0227,219,95,2304.3,3.91,209,1.0478,183,1.1967,0,10956,0.0217,0.2089,0,123419,0.2446,0.2685,0.2663,0.4774,4610,6568.0,,0.0000,
0001,千房直営,000003,第3エリア,052   ,有楽町ビックカメラ支店,2026/08/10,月,平日,,晴,30.0,24.0,計,301629,310000,0.9730,1.0631,350014,0.8618,99,45,3046.8,1.77,100,0.9900,140,0.7071,0,175499,0.5818,0.2378,0,103274,0.3424,0.2742,0.9242,0.5120,4024,4497.5,,0.0000,
0001,千房直営,000003,第3エリア,052   ,有楽町ビックカメラ支店,2026/08/11,火,日祝,,雨,29.0,22.0,計,328995,500000,0.6580,1.0144,150354,2.1881,131,64,2511.4,2.34,209,0.6268,56,2.3393,0,100809,0.3064,0.2432,0,115222,0.3502,0.2801,0.6566,0.5233,4430,4455.9,,0.0000,
0001,千房直営,000003,第3エリア,052   ,有楽町ビックカメラ支店,2026/08/12,水,平日,,曇,29.0,22.0,計,163370,260000,0.6283,0.9917,308091,0.5303,71,32,2301.0,1.27,83,0.8554,104,0.6827,0,120683,0.7387,0.2616,0,86248,0.5279,0.2894,1.2666,0.5510,3253,3013.3,,0.0000,
0001,千房直営,000003,第3エリア,052   ,有楽町ビックカメラ支店,2026/08/13,木,平日,,雨,27.0,24.0,計,285920,270000,1.0590,0.9956,188316,1.5183,114,56,2508.1,2.04,87,1.3103,77,1.4805,0,174197,0.6093,0.2829,0,92874,0.3248,0.2915,0.9341,0.5744,3616,4744.2,,0.0000,
0001,千房直営,000003,第3エリア,052   ,有楽町ビックカメラ支店,2026/08/14,金,平日,,曇,30.0,23.0,計,301960,310000,0.9741,0.9943,348829,0.8656,113,50,2672.2,2.02,100,1.1300,130,0.8692,0,52901,0.1752,0.2764,0,94814,0.3140,0.2929,0.4892,0.5693,3610,5018.7,,0.0000,
0001,千房直営,000003,第3エリア,052   ,有楽町ビックカメラ支店,2026/08/15,土,土曜,,雨,27.0,24.0,計,328781,500000,0.6576,0.9637,416069,0.7902,131,63,2509.8,2.34,200,0.6550,163,0.8037,0,31108,0.0946,0.2651,0,129601,0.3942,0.2992,0.4888,0.5643,4820,4092.7,,0.0000,
0001,千房直営,000003,第3エリア,052   ,有楽町ビックカメラ支店,2026/08/16,日,日祝,,雨,26.0,23.0,計,381653,500000,0.7633,0.9470,413612,0.9227,150,69,2544.4,2.68,209,0.7177,147,1.0204,0,,0.0000,0.2473,0,100092,0.2623,0.2967,0.2623,0.5440,3878,5904.9,,0.0000,
0001,千房直営,000003,第3エリア,053   ,そごう横浜店,2026/08/01,土,土曜,,晴,33.0,27.0,計,382232,520000,0.7351,0.7351,433583,0.8816,155,75,2466.0,3.10,208,0.7452,185,0.8378,0,65225,0.1706,0.1706,0,109827,0.2873,0.2873,0.4580,0.4580,4645,4937.3,,0.0000,
0001,千房直営,000003,第3エリア,053   ,そごう横浜店,2026/08/02,日,日祝,,晴,34.0,26.0,計,427099,520000,0.8213,0.7782,492783,0.8667,194,89,2201.5,3.88,208,0.9327,211,0.9194,0,,0.0000,0.0806,0,97767,0.2289,0.2565,0.2289,0.3371,4195,6108.7,,0.0000,
0001,千房直営,000003,第3エリア,053   ,そごう横浜店,2026/08/03,月,平日,,曇,27.0,24.0,計,180365,180000,1.0020,0.8112,308250,0.5851,87,44,2073.2,1.74,72,1.2083,136,0.6397,0,168445,0.9339,0.2361,0,74043,0.4105,0.2846,1.3444,0.5207,3244,3336.0,,0.0000,
0001,千房直営,000003,第3エリア,053   ,そごう横浜店,2026/08/04,火,平日,,晴,30.0,23.0,計,143256,180000,0.7959,0.8093,200336,0.7151,69,33,2076.2,1.38,72,0.9583,102,0.6765,0,97939,0.6837,0.2927,0,67565,0.4716,0.3082,1.1553,0.6009,2916,2947.7,,0.0000,
0001,千房直営,000003,第3エリア,053   ,そごう横浜店,2026/08/05,水,平日,,曇,31.0,24.0,計,148918,180000,0.8273,0.8113,300712,0.4952,68,37,2190.0,1.36,72,0.9444,118,0.5763,0,21533,0.1446,0.2755,0,77881,0.5230,0.3332,0.6676,0.6087,3288,2717.5,,0.0000,
0001,千房直営,000003,第3エリア,053   ,そごう横浜店,2026/08/06,木,平日,,曇,32.0,24.0,計,207177,180000,1.1510,0.8460,232862,0.8897,91,46,2276.7,1.82,72,1.2639,102,0.8922,0,4062,0.0196,0.2399,0,79341,0.3830,0.3401,0.4026,0.5800,3404,3651.8,,0.0000,
0001,千房直営,000003,第3エリア,053   ,そごう横浜店,2026/08/07,金,平日,,雨,32.0,27.0,計,266593,220000,1.2118,0.8867,234112,1.1387,116,57,2298.2,2.32,88,1.3182,116,1.0000,0,324530,1.2173,0.3883,0,85962,0.3224,0.3374,1.5398,0.7257,3696,4327.8,,0.0000,
0001,千房直営,000003,第3エリア,053   ,そごう横浜店,2026/08/08,土,土曜,,晴,32.0,27.0,計,414661,530000,0.7824,0.8647,510454,0.8123,194,90,2137.4,3.88,212,0.9151,208,0.9327,0,73761,0.1779,0.3481,0,94667,0.2283,0.3166,0.4062,0.6647,4106,6059.3,,0.0000,
0001,千房直営,000003,第3エリア,053   ,そごう横浜店,2026/08/09,日,日祝,,曇,33.0,26.0,計,455999,530000,0.8604,0.8639,556368,0.8196,205,92,2224.4,4.10,212,0.9670,245,0.8367,0,,0.0000,0.2877,0,119852,0.2628,0.3072,0.2628,0.5949,5061,5406.0,,0.0000,
0001,千房直営,000003,第3エリア,053   ,そごう横浜店,2026/08/10,月,平日,,晴,31.0,25.0,計,322769,220000,1.4671,0.9046,537216,0.6008,146,65,2210.7,2.92,88,1.6591,239,0.6109,0,185514,0.5748,0.3191,0,79579,0.2466,0.3006,0.8213,0.6197,3425,5654.3,,0.0000,
0001,千房直営,000003,第3エリア,053   ,そごう横浜店,2026/08/11,火,日祝,,雨,30.0,23.0,計,415311,520000,0.7987,0.8900,385578,1.0771,189,77,2197.4,3.78,208,0.9087,157,1.2038,0,85712,0.2064,0.3052,0,110763,0.2667,0.2964,0.4731,0.6016,4701,5300.7,,0.0000,
0001,千房直営,000003,第3エリア,053   ,そごう横浜店,2026/08/12,水,平日,,曇,29.0,23.0,計,308220,180000,1.7123,0.9274,377502,0.8165,136,64,2266.3,2.72,72,1.8889,159,0.8553,0,218661,0.7094,0.3391,0,92029,0.2986,0.2966,1.0080,0.6357,3907,4733.4,,0.0000,
0001,千房直営,000003,第3エリア,053   ,そごう横浜店,2026/08/13,木,平日,,雨,29.0,24.0,計,377420,510000,0.7400,0.9060,336424,1.1219,200,69,1887.1,4.00,204,0.9804,154,1.2987,0,58203,0.1542,0.3219,0,89559,0.2373,0.2911,0.3915,0.6129,3873,5846.9,,0.0000,
0001,千房直営,000003,第3エリア,053   ,そごう横浜店,2026/08/14,金,平日,,曇,31.0,23.0,計,400345,510000,0.7850,0.8936,400758,0.9990,174,74,2300.8,3.48,204,0.8529,169,1.0296,0,103215,0.2578,0.3161,0,93630,0.2339,0.2859,0.4917,0.6020,4099,5860.1,,0.0000,
0001,千房直営,000003,第3エリア,053   ,そごう横浜店,2026/08/15,土,土曜,,曇,28.0,25.0,計,492192,540000,0.9115,0.8954,509643,0.9658,217,93,2268.2,4.34,216,1.0046,208,1.0433,0,,0.0000,0.2846,0,131510,0.2672,0.2841,0.2672,0.5687,5569,5302.8,,0.0000,
0001,千房直営,000003,第3エリア,053   ,そごう横浜店,2026/08/16,日,日祝,,雨,26.0,24.0,計,470876,540000,0.8720,0.8933,393795,1.1957,204,87,2308.2,4.08,216,0.9444,167,1.2216,0,,0.0000,0.2599,0,108105,0.2296,0.2793,0.2296,0.5392,4659,6064.1,,0.0000,
0001,千房直営,000003,第3エリア,057   ,ルミネ立川支店,2026/08/01,土,土曜,,晴,36.0,26.0,計,302939,330000,0.9180,0.9180,282656,1.0718,133,64,2277.7,3.02,173,0.7688,141,0.9433,0,48437,0.1599,0.1599,0,98523,0.3252,0.3252,0.4851,0.4851,4301,4226.1,,0.0000,
0001,千房直営,000003,第3エリア,057   ,ルミネ立川支店,2026/08/02,日,日祝,,曇,36.0,25.0,計,329012,340000,0.9677,0.9432,248683,1.3230,155,76,2122.7,3.52,159,0.9748,118,1.3136,0,,0.0000,0.0766,0,100100,0.3042,0.3143,0.3042,0.3909,4318,4571.7,,0.0000,
0001,千房直営,000003,第3エリア,057   ,ルミネ立川支店,2026/08/03,月,平日,,曇,24.0,22.0,計,95324,150000,0.6355,0.8869,100216,0.9512,45,27,2118.3,1.02,76,0.5921,55,0.8182,0,105402,1.1057,0.2115,0,84619,0.8877,0.3895,1.9934,0.6010,3520,1624.8,,0.0000,
0001,千房直営,000003,第3エリア,057   ,ルミネ立川支店,2026/08/04,火,平日,,晴,29.0,22.0,計,136546,150000,0.9103,0.8905,140006,0.9753,77,40,1773.3,1.75,76,1.0132,69,1.1159,0,7227,0.0529,0.1865,0,70255,0.5145,0.4092,0.5674,0.5957,3096,2646.2,,0.0000,
0001,千房直営,000003,第3エリア,057   ,ルミネ立川支店,2026/08/05,水,平日,,晴,31.0,22.0,計,212365,150000,1.4158,0.9609,144033,1.4744,98,53,2167.0,2.23,76,1.2895,76,1.2895,0,112347,0.5290,0.2541,0,77078,0.3630,0.4001,0.8920,0.6542,3338,3817.2,,0.0000,
0001,千房直営,000003,第3エリア,057   ,ルミネ立川支店,2026/08/06,木,平日,,晴,33.0,23.0,計,135254,150000,0.9017,0.9539,132291,1.0224,74,39,1827.8,1.68,76,0.9737,68,1.0882,0,34477,0.2549,0.2542,0,74830,0.5533,0.4172,0.8082,0.6713,3206,2531.3,,0.0000,
0001,千房直営,000003,第3エリア,057   ,ルミネ立川支店,2026/08/07,金,平日,,晴,33.0,26.0,計,177461,170000,1.0439,0.9645,160618,1.1049,96,52,1848.6,2.18,87,1.1034,92,1.0435,0,140936,0.7942,0.3232,0,78891,0.4446,0.4207,1.2387,0.7438,3461,3076.5,,0.0000,
0001,千房直営,000003,第3エリア,057   ,ルミネ立川支店,2026/08/08,土,土曜,,晴,34.0,26.0,計,321926,340000,0.9468,0.9611,252169,1.2766,152,77,2117.9,3.45,178,0.8539,125,1.2160,0,140545,0.4366,0.3445,0,103656,0.3220,0.4021,0.7586,0.7466,4580,4217.4,,0.0000,
0001,千房直営,000003,第3エリア,057   ,ルミネ立川支店,2026/08/09,日,日祝,,晴,34.0,23.0,計,304671,340000,0.8961,0.9507,396560,0.7683,147,80,2072.6,3.34,159,0.9245,161,0.9130,0,,0.0000,0.2924,0,95226,0.3126,0.3886,0.3126,0.6810,4155,4399.6,,0.0000,
0001,千房直営,000003,第3エリア,057   ,ルミネ立川支店,2026/08/10,月,平日,,晴,32.0,23.0,計,253893,150000,1.6926,0.9997,249418,1.0179,125,65,2031.1,2.84,76,1.6447,122,1.0246,0,82276,0.3241,0.2960,0,81970,0.3229,0.3812,0.6469,0.6772,3547,4294.8,,0.0000,
0001,千房直営,000003,第3エリア,057   ,ルミネ立川支店,2026/08/11,火,日祝,,雨,31.0,22.0,計,255854,330000,0.7753,0.9712,176706,1.4479,129,65,1983.4,2.93,155,0.8323,84,1.5357,0,28243,0.1104,0.2772,0,86416,0.3378,0.3768,0.4481,0.6540,3822,4016.5,,0.0000,
0001,千房直営,000003,第3エリア,057   ,ルミネ立川支店,2026/08/12,水,平日,,雨,26.0,21.0,計,161719,150000,1.0781,0.9771,302476,0.5347,85,44,1902.6,1.93,76,1.1184,136,0.6250,0,203934,1.2610,0.3364,0,76226,0.4713,0.3825,1.7324,0.7189,3292,2947.5,,0.0000,
0001,千房直営,000003,第3エリア,057   ,ルミネ立川支店,2026/08/13,木,平日,,曇,26.0,23.0,計,242250,200000,1.2113,0.9930,183512,1.3201,125,61,1938.0,2.84,101,1.2376,89,1.4045,0,,0.0000,0.3086,0,70464,0.2909,0.3749,0.2909,0.6835,3111,4672.1,,0.0000,
0001,千房直営,000003,第3エリア,057   ,ルミネ立川支店,2026/08/14,金,平日,,曇,30.0,22.0,計,328321,200000,1.6416,1.0341,288694,1.1373,142,66,2312.1,3.23,102,1.3922,135,1.0519,0,,0.0000,0.2775,0,77991,0.2375,0.3611,0.2375,0.6385,3470,5677.0,,0.0000,
0001,千房直営,000003,第3エリア,057   ,ルミネ立川支店,2026/08/15,土,土曜,,曇,27.0,24.0,計,319593,360000,0.8878,1.0191,331737,0.9634,146,67,2189.0,3.32,188,0.7766,143,1.0210,0,,0.0000,0.2527,0,92316,0.2889,0.3546,0.2889,0.6073,4186,4580.9,,0.0000,
0001,千房直営,000003,第3エリア,057   ,ルミネ立川支店,2026/08/16,日,日祝,,曇,26.0,23.0,計,264260,360000,0.7341,0.9926,297687,0.8877,131,68,2017.3,2.98,168,0.7798,142,0.9225,0,,0.0000,0.2353,0,73389,0.2777,0.3493,0.2777,0.5846,3177,4990.7,,0.0000,
0001,千房直営,000002,第2エリア,059   ,あべのキューズモール支店,2026/08/01,土,土曜,,晴,35.0,28.0,計,438463,460000,0.9532,0.9532,456922,0.9596,245,106,1789.6,4.90,260,0.9423,249,0.9839,0,91216,0.2080,0.2080,0,120216,0.2742,0.2742,0.4822,0.4822,5184,5074.8,,0.0000,
0001,千房直営,000002,第2エリア,059   ,あべのキューズモール支店,2026/08/02,日,日祝,,曇,37.0,29.0,計,501584,460000,1.0904,1.0218,458212,1.0947,273,102,1837.3,5.46,257,1.0623,252,1.0833,0,,0.0000,0.0970,0,113017,0.2253,0.2481,0.2253,0.3451,4925,6110.7,,0.0000,
0001,千房直営,000002,第2エリア,059   ,あべのキューズモール支店,2026/08/03,月,平日,,雨,37.0,28.0,計,193004,210000,0.9191,1.0027,193971,0.9950,120,50,1608.4,2.40,116,1.0345,113,1.0619,0,78646,0.4075,0.1499,0,50086,0.2595,0.2501,0.6670,0.4000,2224,5206.9,,0.0000,
0001,千房直営,000002,第2エリア,059   ,あべのキューズモール支店,2026/08/04,火,平日,,曇,34.0,27.0,計,278401,210000,1.3257,1.0533,200581,1.3880,152,70,1831.6,3.04,116,1.3103,107,1.4206,0,79445,0.2854,0.1766,0,71934,0.2584,0.2517,0.5437,0.4283,3249,5141.3,,0.0000,
0001,千房直営,000002,第2エリア,059   ,あべのキューズモール支店,2026/08/05,水,平日,,晴,36.0,26.0,計,253788,210000,1.2085,1.0743,249871,1.0157,136,59,1866.1,2.72,116,1.1724,135,1.0074,0,19164,0.0755,0.1612,0,76159,0.3001,0.2591,0.3756,0.4203,3415,4458.9,,0.0000,
0001,千房直営,000002,第2エリア,059   ,あべのキューズモール支店,2026/08/06,木,平日,,曇,35.0,28.0,計,200203,210000,0.9533,1.0599,259459,0.7716,119,56,1682.4,2.38,116,1.0259,146,0.8151,0,90766,0.4534,0.1926,0,63469,0.3170,0.2653,0.7704,0.4579,2882,4168.0,,0.0000,
0001,千房直営,000002,第2エリア,059   ,あべのキューズモール支店,2026/08/07,金,平日,,曇,35.0,28.0,計,218235,250000,0.8729,1.0367,246483,0.8854,120,57,1818.6,2.40,139,0.8633,131,0.9160,0,146118,0.6695,0.2425,0,65275,0.2991,0.2688,0.9686,0.5114,3049,4294.6,,0.0000,
0001,千房直営,000002,第2エリア,059   ,あべのキューズモール支店,2026/08/08,土,土曜,,晴,35.0,26.0,計,402624,500000,0.8052,0.9906,469475,0.8576,216,86,1864.0,4.32,283,0.7633,260,0.8308,0,70944,0.1762,0.2318,0,115327,0.2864,0.2717,0.4626,0.5035,5059,4775.1,,0.0000,
0001,千房直営,000002,第2エリア,059   ,あべのキューズモール支店,2026/08/09,日,日祝,,晴,33.0,27.0,計,560710,500000,1.1214,1.0123,609342,0.9202,302,114,1856.7,6.04,279,1.0824,345,0.8754,0,,0.0000,0.1891,0,129477,0.2309,0.2642,0.2309,0.4533,5685,5917.8,,0.0000,
0001,千房直営,000002,第2エリア,059   ,あべのキューズモール支店,2026/08/10,月,平日,,晴,34.0,27.0,計,393345,400000,0.9834,1.0089,523480,0.7514,217,95,1812.6,4.34,222,0.9775,274,0.7920,0,134686,0.3424,0.2067,0,79456,0.2020,0.2571,0.5444,0.4637,3646,6473.0,,0.0000,
0001,千房直営,000002,第2エリア,059   ,あべのキューズモール支店,2026/08/11,火,日祝,,晴,31.0,24.0,計,506424,500000,1.0128,1.0094,435577,1.1627,291,114,1740.3,5.82,279,1.0430,235,1.2383,0,34460,0.0680,0.1889,0,131194,0.2591,0.2573,0.3271,0.4462,5767,5268.8,,0.0000,
0001,千房直営,000002,第2エリア,059   ,あべのキューズモール支店,2026/08/12,水,平日,,曇,26.0,23.0,計,415018,450000,0.9223,1.0004,460911,0.9004,231,85,1796.6,4.62,250,0.9240,265,0.8717,0,141957,0.3421,0.2034,0,103434,0.2492,0.2566,0.5913,0.4600,4734,5260.1,,0.0000,
0001,千房直営,000002,第2エリア,059   ,あべのキューズモール支店,2026/08/13,木,平日,,曇,32.0,24.0,計,577944,460000,1.2564,1.0248,515588,1.1209,297,110,1945.9,5.94,255,1.1647,286,1.0385,0,79124,0.1369,0.1957,0,126470,0.2188,0.2521,0.3557,0.4478,5760,6020.3,,0.0000,
0001,千房直営,000002,第2エリア,059   ,あべのキューズモール支店,2026/08/14,金,平日,,曇,33.0,25.0,計,566616,510000,1.1110,1.0331,526146,1.0769,300,107,1888.7,6.00,283,1.0601,298,1.0067,0,,0.0000,0.1755,0,115531,0.2039,0.2472,0.2039,0.4227,5303,6410.9,,0.0000,
0001,千房直営,000002,第2エリア,059   ,あべのキューズモール支店,2026/08/15,土,土曜,,曇,32.0,25.0,計,533821,510000,1.0467,1.0343,475090,1.1236,271,109,1969.8,5.42,289,0.9377,284,0.9542,0,,0.0000,0.1600,0,138617,0.2597,0.2483,0.2597,0.4083,6027,5314.3,,0.0000,
0001,千房直営,000002,第2エリア,059   ,あべのキューズモール支店,2026/08/16,日,日祝,,曇,32.0,26.0,計,449249,400000,1.1231,1.0400,478805,0.9383,230,94,1953.3,4.60,223,1.0314,260,0.8846,0,,0.0000,0.1489,0,120058,0.2672,0.2496,0.2672,0.3985,5314,5072.4,,0.0000,
0001,千房直営,000003,第3エリア,064   ,リンクス池袋支店,2026/08/01,土,土曜,,晴,35.0,26.0,計,409502,450000,0.9100,0.9100,262576,1.5596,202,96,2027.2,5.77,300,0.6733,130,1.5538,85549,54514,0.1331,0.1331,0,102656,0.2507,0.2507,0.3838,0.3838,4436,5538.8,,0.0000,
0001,千房直営,000003,第3エリア,064   ,リンクス池袋支店,2026/08/02,日,日祝,,晴,34.0,25.0,計,377032,420000,0.8977,0.9041,298723,1.2621,180,81,2094.6,5.14,284,0.6338,143,1.2587,76020,20866,0.0553,0.0958,0,80870,0.2145,0.2333,0.2698,0.3292,3460,6538.1,,0.0000,
0001,千房直営,000003,第3エリア,064   ,リンクス池袋支店,2026/08/03,月,平日,,曇,26.0,23.0,計,181712,250000,0.7268,0.8645,149673,1.2141,90,45,2019.0,2.57,150,0.6000,80,1.1250,47527,67578,0.3719,0.1476,0,63827,0.3513,0.2555,0.7232,0.4031,2756,3956.0,,0.0000,
0001,千房直営,000003,第3エリア,064   ,リンクス池袋支店,2026/08/04,火,平日,,晴,29.0,22.0,計,194353,270000,0.7198,0.8364,180395,1.0774,87,48,2233.9,2.49,162,0.5370,87,1.0000,47527,34765,0.1789,0.1529,0,60977,0.3137,0.2652,0.4926,0.4181,2741,4254.4,,0.0000,
0001,千房直営,000003,第3エリア,064   ,リンクス池袋支店,2026/08/05,水,平日,,曇,30.0,23.0,計,217975,280000,0.7785,0.8267,91777,2.3751,114,59,1912.1,3.26,168,0.6786,52,2.1923,47527,25722,0.1180,0.1474,0,61026,0.2800,0.2675,0.3980,0.4149,2605,5020.5,,0.0000,
0001,千房直営,000003,第3エリア,064   ,リンクス池袋支店,2026/08/06,木,平日,,曇,31.0,23.0,計,186848,280000,0.6673,0.8038,118722,1.5738,102,50,1831.8,2.91,168,0.6071,67,1.5224,47527,36607,0.1959,0.1532,0,67306,0.3602,0.2786,0.5561,0.4317,2872,3903.5,,0.0000,
0001,千房直営,000003,第3エリア,064   ,リンクス池袋支店,2026/08/07,金,平日,,晴,33.0,26.0,計,268280,300000,0.8943,0.8159,170862,1.5702,129,68,2079.7,3.69,180,0.7167,81,1.5926,47527,229110,0.8540,0.2556,0,68329,0.2547,0.2751,1.1087,0.5307,2896,5558.3,,0.0000,
0001,千房直営,000003,第3エリア,064   ,リンクス池袋支店,2026/08/08,土,土曜,,晴,33.0,27.0,計,404733,470000,0.8611,0.8237,294401,1.3748,194,82,2086.3,5.54,313,0.6198,144,1.3472,85549,32515,0.0803,0.2239,0,111853,0.2764,0.2753,0.3567,0.4992,4791,5068.7,,0.0000,
0001,千房直営,000003,第3エリア,064   ,リンクス池袋支店,2026/08/09,日,日祝,,晴,33.0,25.0,計,444109,450000,0.9869,0.8469,298748,1.4866,206,93,2155.9,5.89,304,0.6776,150,1.3733,76020,31326,0.0705,0.1985,0,104307,0.2349,0.2686,0.3054,0.4672,4479,5949.2,,0.0000,
0001,千房直営,000003,第3エリア,064   ,リンクス池袋支店,2026/08/10,月,平日,,晴,30.0,24.0,計,373866,350000,1.0682,0.8689,309706,1.2072,170,78,2199.2,4.86,210,0.8095,137,1.2409,47527,142125,0.3802,0.2207,0,75110,0.2009,0.2604,0.5811,0.4811,3263,6874.6,,0.0000,
0001,千房直営,000003,第3エリア,064   ,リンクス池袋支店,2026/08/11,火,日祝,,雨,28.0,22.0,計,442621,420000,1.0539,0.8886,200197,2.2109,208,86,2128.0,5.94,284,0.7324,83,2.5060,76020,43480,0.0982,0.2053,0,93120,0.2104,0.2540,0.3086,0.4593,3966,6696.2,,0.0000,
0001,千房直営,000003,第3エリア,064   ,リンクス池袋支店,2026/08/12,水,平日,,曇,29.0,22.0,計,291564,300000,0.9719,0.8945,185381,1.5728,124,61,2351.3,3.54,180,0.6889,90,1.3778,47527,5563,0.0191,0.1909,0,75736,0.2598,0.2545,0.2788,0.4454,3290,5317.3,,0.0000,
0001,千房直営,000003,第3エリア,064   ,リンクス池袋支店,2026/08/13,木,平日,,雨,27.0,23.0,計,479637,300000,1.5988,0.9410,237426,2.0202,189,83,2537.8,5.40,180,1.0500,102,1.8529,47527,,0.0000,0.1695,0,73831,0.1539,0.2432,0.1539,0.4127,3151,9133.0,,0.0000,
0001,千房直営,000003,第3エリア,064   ,リンクス池袋支店,2026/08/14,金,平日,,曇,30.0,22.0,計,353125,300000,1.1771,0.9557,265499,1.3300,138,62,2558.9,3.94,180,0.7667,130,1.0615,47527,,0.0000,0.1566,0,80824,0.2289,0.2421,0.2289,0.3987,3519,6020.9,,0.0000,
0001,千房直営,000003,第3エリア,064   ,リンクス池袋支店,2026/08/15,土,土曜,,雨,27.0,24.0,計,503527,470000,1.0713,0.9659,300547,1.6754,206,88,2444.3,5.89,313,0.6581,137,1.5037,85549,,0.0000,0.1412,0,109004,0.2165,0.2396,0.2165,0.3808,4700,6428.0,,0.0000,
0001,千房直営,000003,第3エリア,064   ,リンクス池袋支店,2026/08/16,日,日祝,,雨,26.0,23.0,計,383967,420000,0.9142,0.9621,188368,2.0384,158,69,2430.2,4.51,284,0.5563,86,1.8372,76020,,0.0000,0.1314,0,75826,0.1975,0.2366,0.1975,0.3680,3288,7006.7,,0.0000,
0001,千房直営,000002,第2エリア,065   ,名代JO-TERRACE OSAKA店,2026/08/01,土,土曜,,晴,36.0,29.0,計,388786,330000,1.1781,1.1781,372562,1.0435,219,103,1775.3,3.78,167,1.3114,203,1.0788,0,37773,0.0972,0.0972,0,77932,0.2005,0.2005,0.2976,0.2976,3385,6891.3,,0.0000,timelesz
0001,千房直営,000002,第2エリア,065   ,名代JO-TERRACE OSAKA店,2026/08/02,日,日祝,,曇,37.0,30.0,計,129045,300000,0.4302,0.8220,256085,0.5039,73,36,1767.7,1.26,152,0.4803,151,0.4834,0,,0.0000,0.0729,0,66620,0.5163,0.2791,0.5163,0.3521,2894,2675.4,,0.0000,イベントなし
0001,千房直営,000002,第2エリア,065   ,名代JO-TERRACE OSAKA店,2026/08/03,月,平日,,曇,38.0,28.0,計,186848,150000,1.2457,0.9034,142586,1.3104,124,45,1506.8,2.14,76,1.6316,85,1.4588,0,15594,0.0835,0.0757,0,47807,0.2559,0.2730,0.3393,0.3487,2032,5517.2,,0.0000,Kis-My-Ft2
0001,千房直営,000002,第2エリア,065   ,名代JO-TERRACE OSAKA店,2026/08/04,火,平日,,晴,34.0,27.0,計,312741,150000,2.0849,1.0940,263108,1.1886,160,76,1954.6,2.76,76,2.1053,152,1.0526,0,59126,0.1891,0.1106,0,61196,0.1957,0.2492,0.3847,0.3598,2625,7148.4,,0.0000,Kis-My-Ft2
0001,千房直営,000002,第2エリア,065   ,名代JO-TERRACE OSAKA店,2026/08/05,水,平日,,晴,35.0,27.0,計,,0,,1.0940,,,,,,0,0,,,,0,,,0.1106,0,0,,0.2492,,0.3598,0,,,,店休日
0001,千房直営,000002,第2エリア,065   ,名代JO-TERRACE OSAKA店,2026/08/06,木,平日,,曇,35.0,28.0,計,146387,90000,1.6265,1.1410,142277,1.0289,83,28,1763.7,1.43,45,1.8444,76,1.0921,0,106017,0.7242,0.1878,0,40475,0.2765,0.2526,1.0007,0.4404,1781,4931.6,,0.0000,イベントなし
0001,千房直営,000002,第2エリア,065   ,名代JO-TERRACE OSAKA店,2026/08/07,金,平日,,曇,35.0,28.0,計,150373,90000,1.6708,1.1839,111857,1.3443,85,34,1769.1,1.47,45,1.8889,51,1.6667,0,71452,0.4752,0.2206,0,38804,0.2581,0.2533,0.7332,0.4739,1670,5402.6,,0.0000,イベントなし
0001,千房直営,000002,第2エリア,065   ,名代JO-TERRACE OSAKA店,2026/08/08,土,土曜,,晴,34.0,27.0,計,336829,380000,0.8864,1.1081,461584,0.7297,202,74,1667.5,3.48,192,1.0521,266,0.7594,0,56804,0.1686,0.2100,0,74741,0.2219,0.2469,0.3905,0.4569,3239,6239.5,,0.0000,ディズニーオンアイス
0001,千房直営,000002,第2エリア,065   ,名代JO-TERRACE OSAKA店,2026/08/09,日,日祝,,晴,34.0,28.0,計,396604,390000,1.0169,1.0892,427206,0.9284,218,75,1819.3,3.76,197,1.1066,229,0.9520,0,,0.0000,0.1694,0,78231,0.1973,0.2373,0.1973,0.4066,3398,7003.0,,0.0000,ディズニーオンアイス
0001,千房直営,000002,第2エリア,065   ,名代JO-TERRACE OSAKA店,2026/08/10,月,平日,,晴,35.0,28.0,計,352509,280000,1.2590,1.1112,277127,1.2720,194,70,1817.1,3.34,142,1.3662,161,1.2050,0,126423,0.3586,0.1972,0,66744,0.1893,0.2302,0.5480,0.4274,2881,7341.4,,0.0000,ディズニーオンアイス
0001,千房直営,000002,第2エリア,065   ,名代JO-TERRACE OSAKA店,2026/08/11,火,日祝,,晴,31.0,25.0,計,408732,380000,1.0756,1.1058,333667,1.2250,212,77,1928.0,3.66,192,1.1042,174,1.2184,0,34756,0.0850,0.1808,0,67795,0.1659,0.2209,0.2509,0.4017,2925,8384.2,,0.0000,ディズニーオンアイス
0001,千房直営,000002,第2エリア,065   ,名代JO-TERRACE OSAKA店,2026/08/12,水,平日,,雨,26.0,23.0,計,429296,270000,1.5900,1.1524,395420,1.0857,218,71,1969.2,3.76,137,1.5912,196,1.1122,0,67934,0.1582,0.1778,0,66876,0.1558,0.2122,0.3140,0.3901,2884,8931.3,,0.0000,ディズニーオンアイス
0001,千房直営,000002,第2エリア,065   ,名代JO-TERRACE OSAKA店,2026/08/13,木,平日,,曇,31.0,24.0,計,457160,270000,1.6932,1.1998,280623,1.6291,217,74,2106.7,3.74,137,1.5839,138,1.5725,0,65035,0.1423,0.1734,0,77938,0.1705,0.2071,0.3127,0.3805,3379,8117.7,,0.0000,ディズニーオンアイス
0001,千房直営,000002,第2エリア,065   ,名代JO-TERRACE OSAKA店,2026/08/14,金,平日,,曇,33.0,25.0,計,430569,270000,1.5947,1.2316,302010,1.4257,230,76,1872.0,3.97,137,1.6788,160,1.4375,0,64097,0.1489,0.1709,0,69572,0.1616,0.2023,0.3104,0.3732,3018,8560.0,,0.0000,ディズニーオンアイス
0001,千房直営,000002,第2エリア,065   ,名代JO-TERRACE OSAKA店,2026/08/15,土,土曜,,晴,32.0,26.0,計,362036,380000,0.9527,1.2032,384801,0.9408,203,69,1783.4,3.50,192,1.0573,205,0.9902,0,59122,0.1633,0.1703,0,88266,0.2438,0.2057,0.4071,0.3759,3866,5618.8,,0.0000,ディズニーオンアイス
0001,千房直営,000002,第2エリア,065   ,名代JO-TERRACE OSAKA店,2026/08/16,日,日祝,,曇,32.0,26.0,計,295220,350000,0.8435,1.1723,379507,0.7779,152,58,1942.2,2.62,177,0.8588,184,0.8261,0,,0.0000,0.1598,0,73317,0.2483,0.2083,0.2483,0.3681,3175,5579.0,,0.0000,ディズニーオンアイス
0001,千房直営,000003,第3エリア,066   ,セレオ八王子支店,2026/08/01,土,土曜,,曇,35.0,26.0,計,250266,240000,1.0428,1.0428,207353,1.2070,119,66,2103.1,3.13,145,0.8207,102,1.1667,0,42615,0.1703,0.1703,0,70173,0.2804,0.2804,0.4507,0.4507,3070,4891.2,,0.0000,
0001,千房直営,000003,第3エリア,066   ,セレオ八王子支店,2026/08/02,日,日祝,,曇,36.0,25.0,計,191431,220000,0.8701,0.9602,237524,0.8059,104,50,1840.7,2.74,114,0.9123,116,0.8966,0,,0.0000,0.0965,0,61477,0.3211,0.2981,0.3211,0.3945,2644,4344.1,,0.0000,
0001,千房直営,000003,第3エリア,066   ,セレオ八王子支店,2026/08/03,月,平日,,曇,24.0,22.0,計,132402,120000,1.1034,0.9898,96874,1.3667,74,39,1789.2,1.95,65,1.1385,35,2.1143,0,86737,0.6551,0.2253,0,61059,0.4612,0.3357,1.1163,0.5610,2757,2881.4,,0.0000,
0001,千房直営,000003,第3エリア,066   ,セレオ八王子支店,2026/08/04,火,平日,,晴,28.0,22.0,計,109414,120000,0.9118,0.9764,119645,0.9145,63,41,1736.7,1.66,65,0.9692,66,0.9545,0,30722,0.2808,0.2342,0,54247,0.4958,0.3613,0.7766,0.5955,2501,2624.9,,0.0000,
0001,千房直営,000003,第3エリア,066   ,セレオ八王子支店,2026/08/05,水,平日,,晴,31.0,22.0,計,109899,120000,0.9158,0.9676,102233,1.0750,56,34,1962.5,1.47,65,0.8615,64,0.8750,0,82015,0.7463,0.3051,0,65489,0.5959,0.3938,1.3422,0.6989,2989,2206.1,,0.0000,
0001,千房直営,000003,第3エリア,066   ,セレオ八王子支店,2026/08/06,木,平日,,晴,32.0,23.0,計,156289,120000,1.3024,1.0103,115980,1.3476,81,47,1929.5,2.13,65,1.2462,66,1.2273,0,27307,0.1747,0.2837,0,49863,0.3190,0.3815,0.4938,0.6652,2261,4147.4,,0.0000,
0001,千房直営,000003,第3エリア,066   ,セレオ八王子支店,2026/08/07,金,平日,,晴,34.0,25.0,計,190279,120000,1.5857,1.0755,109918,1.7311,101,60,1884.0,2.66,65,1.5538,60,1.6833,0,46534,0.2446,0.2771,0,58616,0.3081,0.3692,0.5526,0.6464,2518,4534.1,,0.0000,
0001,千房直営,000003,第3エリア,066   ,セレオ八王子支店,2026/08/08,土,土曜,,晴,34.0,24.0,計,308246,230000,1.3402,1.1227,135298,2.2783,138,68,2233.7,3.63,139,0.9928,72,1.9167,0,54991,0.1784,0.2561,0,73810,0.2395,0.3416,0.4179,0.5977,3257,5678.5,,0.0000,
0001,千房直営,000003,第3エリア,066   ,セレオ八王子支店,2026/08/09,日,日祝,,晴,34.0,23.0,計,269941,210000,1.2854,1.1454,207281,1.3023,144,67,1874.6,3.79,108,1.3333,119,1.2101,0,,0.0000,0.2159,0,75438,0.2795,0.3318,0.2795,0.5477,3369,4807.5,,0.0000,
0001,千房直営,000003,第3エリア,066   ,セレオ八王子支店,2026/08/10,月,平日,,曇,31.0,22.0,計,109137,150000,0.7276,1.1075,245498,0.4446,60,38,1819.0,1.58,81,0.7407,117,0.5128,0,100268,0.9187,0.2579,0,53881,0.4937,0.3415,1.4124,0.5994,2519,2599.5,,0.0000,
0001,千房直営,000003,第3エリア,066   ,セレオ八王子支店,2026/08/11,火,日祝,,雨,31.0,21.0,計,226830,210000,1.0801,1.1044,161100,1.4080,102,53,2223.8,2.68,108,0.9444,69,1.4783,0,63161,0.2785,0.2601,0,70655,0.3115,0.3382,0.5899,0.5983,3248,4190.2,,0.0000,
0001,千房直営,000003,第3エリア,066   ,セレオ八王子支店,2026/08/12,水,平日,,雨,24.0,21.0,計,130448,150000,0.8697,1.0869,148590,0.8779,69,40,1890.6,1.82,81,0.8519,82,0.8415,0,85070,0.6521,0.2835,0,59363,0.4551,0.3452,1.1072,0.6287,2700,2898.8,,0.0000,
0001,千房直営,000003,第3エリア,066   ,セレオ八王子支店,2026/08/13,木,平日,,曇,27.0,22.0,計,135134,150000,0.9009,1.0739,185969,0.7266,67,35,2016.9,1.76,81,0.8272,88,0.7614,0,19419,0.1437,0.2754,0,54516,0.4034,0.3486,0.5471,0.6240,2576,3147.5,,0.0000,
0001,千房直営,000003,第3エリア,066   ,セレオ八王子支店,2026/08/14,金,平日,,曇,30.0,22.0,計,165999,150000,1.1067,1.0761,106871,1.5533,87,47,1908.0,2.29,81,1.0741,52,1.6731,0,,0.0000,0.2570,0,49001,0.2952,0.3450,0.2952,0.6020,2229,4468.3,,0.0000,
0001,千房直営,000003,第3エリア,066   ,セレオ八王子支店,2026/08/15,土,土曜,,雨,27.0,23.0,計,240697,230000,1.0465,1.0734,202462,1.1889,119,62,2022.7,3.13,139,0.8561,179,0.6648,0,,0.0000,0.2343,0,67727,0.2814,0.3394,0.2814,0.5737,3078,4691.9,,0.0000,
0001,千房直営,000003,第3エリア,066   ,セレオ八王子支店,2026/08/16,日,日祝,,曇,26.0,22.0,計,223148,210000,1.0626,1.0726,175702,1.2700,114,60,1957.4,3.00,108,1.0556,92,1.2391,0,,0.0000,0.2166,0,59412,0.2662,0.3339,0.2662,0.5504,2601,5147.6,,0.0000,
0001,千房直営,000002,第2エリア,067   ,ららぽーと名古屋みなとアクルス店,2026/08/01,土,土曜,,曇,36.0,27.0,計,414995,380000,1.0921,1.0921,278843,1.4883,233,93,1781.1,4.16,226,1.0310,168,1.3869,0,98483,0.2373,0.2373,0,119457,0.2879,0.2879,0.5252,0.5252,4973,5007.0,,0.0000,
0001,千房直営,000002,第2エリア,067   ,ららぽーと名古屋みなとアクルス店,2026/08/02,日,日祝,,曇,36.0,28.0,計,452967,400000,1.1324,1.1128,407080,1.1127,246,98,1841.3,4.39,238,1.0336,237,1.0380,0,14430,0.0319,0.1301,0,109305,0.2413,0.2636,0.2732,0.3937,4608,5898.0,,0.0000,
0001,千房直営,000002,第2エリア,067   ,ららぽーと名古屋みなとアクルス店,2026/08/03,月,平日,,曇,36.0,28.0,計,153046,160000,0.9565,1.0862,101086,1.5140,90,47,1700.5,1.61,95,0.9474,63,1.4286,0,90077,0.5886,0.1988,0,56164,0.3670,0.2791,0.9555,0.4779,2699,3402.3,,0.0000,
0001,千房直営,000002,第2エリア,067   ,ららぽーと名古屋みなとアクルス店,2026/08/04,火,平日,,晴,35.0,27.0,計,115576,160000,0.7224,1.0333,150021,0.7704,71,33,1627.8,1.27,95,0.7474,89,0.7978,0,74056,0.6408,0.2438,0,55591,0.4810,0.2996,1.1217,0.5434,2323,2985.2,,0.0000,
0001,千房直営,000002,第2エリア,067   ,ららぽーと名古屋みなとアクルス店,2026/08/05,水,平日,,晴,36.0,26.0,計,152235,160000,0.9515,1.0229,140474,1.0837,97,42,1569.4,1.73,95,1.0211,84,1.1548,0,31198,0.2049,0.2392,0,54547,0.3583,0.3065,0.5632,0.5457,2275,4015.0,,0.0000,
0001,千房直営,000002,第2エリア,067   ,ららぽーと名古屋みなとアクルス店,2026/08/06,木,平日,,晴,35.0,28.0,計,146707,160000,0.9169,1.0109,207197,0.7081,88,43,1667.1,1.57,95,0.9263,129,0.6822,0,53792,0.3667,0.2522,0,51640,0.3520,0.3112,0.7187,0.5634,2417,3641.9,,0.0000,
0001,千房直営,000002,第2エリア,067   ,ららぽーと名古屋みなとアクルス店,2026/08/07,金,平日,,曇,34.0,28.0,計,187920,180000,1.0440,1.0147,150526,1.2484,113,45,1663.0,2.02,107,1.0561,92,1.2283,0,109460,0.5825,0.2904,0,62183,0.3309,0.3135,0.9134,0.6039,2616,4310.1,,0.0000,
0001,千房直営,000002,第2エリア,067   ,ららぽーと名古屋みなとアクルス店,2026/08/08,土,土曜,,晴,36.0,27.0,計,368511,380000,0.9698,1.0060,307717,1.1976,207,81,1780.2,3.70,226,0.9159,164,1.2622,0,79095,0.2146,0.2764,0,97956,0.2658,0.3046,0.4805,0.5811,4157,5318.9,,0.0000,
0001,千房直営,000002,第2エリア,067   ,ららぽーと名古屋みなとアクルス店,2026/08/09,日,日祝,,曇,34.0,27.0,計,467680,450000,1.0393,1.0122,495067,0.9447,248,103,1885.8,4.43,267,0.9288,270,0.9185,0,,0.0000,0.2239,0,90858,0.1943,0.2837,0.1943,0.5075,3764,7455.0,,0.0000,
0001,千房直営,000002,第2エリア,067   ,ららぽーと名古屋みなとアクルス店,2026/08/10,月,平日,,晴,34.0,27.0,計,335295,360000,0.9314,1.0018,419199,0.7998,201,85,1668.1,3.59,214,0.9393,242,0.8306,0,169596,0.5058,0.2577,0,91114,0.2717,0.2822,0.7776,0.5399,3961,5078.9,,0.0000,
0001,千房直営,000002,第2エリア,067   ,ららぽーと名古屋みなとアクルス店,2026/08/11,火,日祝,,曇,30.0,24.0,計,384799,420000,0.9162,0.9906,280599,1.3713,226,96,1702.7,4.04,250,0.9040,212,1.0660,0,159139,0.4136,0.2765,0,89431,0.2324,0.2762,0.6460,0.5527,3770,6124.1,,0.0000,
0001,千房直営,000002,第2エリア,067   ,ららぽーと名古屋みなとアクルス店,2026/08/12,水,平日,,雨,27.0,23.0,計,380957,360000,1.0582,0.9974,335114,1.1368,217,88,1755.6,3.88,214,1.0140,197,1.1015,0,143919,0.3778,0.2874,0,92994,0.2441,0.2728,0.6219,0.5601,4050,5643.8,,0.0000,
0001,千房直営,000002,第2エリア,067   ,ららぽーと名古屋みなとアクルス店,2026/08/13,木,平日,,雨,28.0,24.0,計,377593,380000,0.9937,0.9970,342990,1.1009,205,77,1841.9,3.66,226,0.9071,194,1.0567,0,164705,0.4362,0.3016,0,93584,0.2478,0.2704,0.6840,0.5720,4083,5548.8,,0.0000,
0001,千房直営,000002,第2エリア,067   ,ららぽーと名古屋みなとアクルス店,2026/08/14,金,平日,,晴,34.0,23.0,計,385007,400000,0.9625,0.9939,341438,1.1276,196,84,1964.3,3.50,238,0.8235,198,0.9899,0,45377,0.1179,0.2853,0,95779,0.2488,0.2685,0.3666,0.5537,4233,5457.2,,0.0000,
0001,千房直営,000002,第2エリア,067   ,ららぽーと名古屋みなとアクルス店,2026/08/15,土,土曜,,曇,31.0,25.0,計,521804,400000,1.3045,1.0200,344584,1.5143,266,101,1961.7,4.75,238,1.1176,205,1.2976,0,,0.0000,0.2546,0,103039,0.1975,0.2608,0.1975,0.5154,4399,7117.1,,0.0000,
0001,千房直営,000002,第2エリア,067   ,ららぽーと名古屋みなとアクルス店,2026/08/16,日,日祝,,曇,32.0,26.0,計,447403,400000,1.1185,1.0277,369940,1.2094,235,92,1903.8,4.20,238,0.9874,215,1.0930,0,,0.0000,0.2330,0,101598,0.2271,0.2580,0.2271,0.4910,4416,6078.8,,0.0000,
0001,千房直営,000003,第3エリア,068   ,舞 イクスピアリ店,2026/08/01,土,土曜,,晴,34.0,27.0,計,336757,600000,0.5613,0.5613,440059,0.7653,163,56,2066.0,3.13,300,0.5433,219,0.7443,0,78662,0.2336,0.2336,0,103569,0.3075,0.3075,0.5411,0.5411,4323,4673.9,,0.0000,
0001,千房直営,000003,第3エリア,068   ,舞 イクスピアリ店,2026/08/02,日,日祝,,曇,33.0,25.0,計,386318,600000,0.6439,0.6026,434023,0.8901,177,70,2182.6,3.40,300,0.5900,217,0.8157,0,20700,0.0536,0.1374,0,113405,0.2936,0.3001,0.3471,0.4375,4657,4977.3,,0.0000,
0001,千房直営,000003,第3エリア,068   ,舞 イクスピアリ店,2026/08/03,月,平日,,曇,27.0,23.0,計,182822,320000,0.5713,0.5960,361482,0.5058,97,33,1884.8,1.87,160,0.6063,147,0.6599,0,102592,0.5612,0.2229,0,91959,0.5030,0.3410,1.0642,0.5640,3774,2906.6,,0.0000,
0001,千房直営,000003,第3エリア,068   ,舞 イクスピアリ店,2026/08/04,火,平日,,晴,29.0,22.0,計,302097,320000,0.9441,0.6565,335462,0.9005,148,48,2041.2,2.85,160,0.9250,145,1.0207,0,40175,0.1330,0.2004,0,99223,0.3284,0.3379,0.4614,0.5383,4084,4438.3,,0.0000,
0001,千房直営,000003,第3エリア,068   ,舞 イクスピアリ店,2026/08/05,水,平日,,曇,30.0,23.0,計,276367,320000,0.8636,0.6872,327149,0.8448,138,54,2002.7,2.65,160,0.8625,148,0.9324,0,36536,0.1322,0.1877,0,100119,0.3623,0.3424,0.4945,0.5302,4103,4041.4,,0.0000,
0001,千房直営,000003,第3エリア,068   ,舞 イクスピアリ店,2026/08/06,木,平日,,晴,30.0,23.0,計,254083,320000,0.7940,0.7010,252985,1.0043,126,42,2016.5,2.42,160,0.7875,124,1.0161,0,20831,0.0820,0.1723,0,94898,0.3735,0.3470,0.4555,0.5192,3930,3879.1,,0.0000,
0001,千房直営,000003,第3エリア,068   ,舞 イクスピアリ店,2026/08/07,金,平日,,晴,32.0,26.0,計,339061,350000,0.9687,0.7341,324998,1.0433,168,63,2018.2,3.23,175,0.9600,147,1.1429,0,169032,0.4985,0.2255,0,103977,0.3067,0.3404,0.8052,0.5659,4301,4730.0,,0.0000,
0001,千房直営,000003,第3エリア,068   ,舞 イクスピアリ店,2026/08/08,土,土曜,,晴,32.0,27.0,計,452980,600000,0.7550,0.7378,628295,0.7210,206,72,2198.9,3.96,300,0.6867,291,0.7079,0,68833,0.1520,0.2124,0,131685,0.2907,0.3315,0.4427,0.5438,5500,4941.6,,0.0000,
0001,千房直営,000003,第3エリア,068   ,舞 イクスピアリ店,2026/08/09,日,日祝,,晴,33.0,26.0,計,524252,600000,0.8738,0.7580,696786,0.7524,240,90,2184.4,4.62,300,0.8000,268,0.8955,0,12180,0.0232,0.1799,0,121863,0.2325,0.3145,0.2557,0.4944,4856,6477.6,,0.0000,
0001,千房直営,000003,第3エリア,068   ,舞 イクスピアリ店,2026/08/10,月,平日,,晴,30.0,23.0,計,429130,320000,1.3410,0.8009,558837,0.7679,218,71,1968.5,4.19,160,1.3625,222,0.9820,0,292303,0.6812,0.2416,0,105455,0.2457,0.3060,0.9269,0.5477,4163,6184.9,,0.0000,
0001,千房直営,000003,第3エリア,068   ,舞 イクスピアリ店,2026/08/11,火,日祝,,雨,29.0,22.0,計,518523,550000,0.9428,0.8168,530819,0.9768,228,82,2274.2,4.38,275,0.8291,207,1.1014,0,58433,0.1127,0.2249,0,103734,0.2001,0.2923,0.3127,0.5172,4324,7195.0,,0.0000,
0001,千房直営,000003,第3エリア,068   ,舞 イクスピアリ店,2026/08/12,水,平日,,曇,28.0,23.0,計,414116,320000,1.2941,0.8461,466863,0.8870,175,62,2366.4,3.37,160,1.0938,210,0.8333,0,,0.0000,0.2038,0,91089,0.2200,0.2855,0.2200,0.4894,3913,6349.8,,0.0000,
0001,千房直営,000003,第3エリア,068   ,舞 イクスピアリ店,2026/08/13,木,平日,,雨,27.0,23.0,計,565970,320000,1.7687,0.8994,557842,1.0146,231,76,2450.1,4.44,160,1.4438,229,1.0087,0,,0.0000,0.1807,0,112598,0.1989,0.2757,0.1989,0.4564,4678,7259.1,,0.0000,
0001,千房直営,000003,第3エリア,068   ,舞 イクスピアリ店,2026/08/14,金,平日,,曇,29.0,23.0,計,431087,350000,1.2317,0.9191,595264,0.7242,191,63,2257.0,3.67,175,1.0914,258,0.7403,0,,0.0000,0.1663,0,109346,0.2537,0.2739,0.2537,0.4402,4641,5573.2,,0.0000,
0001,千房直営,000003,第3エリア,068   ,舞 イクスピアリ店,2026/08/15,土,土曜,,雨,28.0,24.0,計,599566,600000,0.9993,0.9265,597604,1.0033,251,88,2388.7,4.83,300,0.8367,245,1.0245,0,,0.0000,0.1497,0,122315,0.2040,0.2670,0.2040,0.4167,4949,7268.9,,0.0000,
0001,千房直営,000003,第3エリア,068   ,舞 イクスピアリ店,2026/08/16,日,日祝,,雨,26.0,23.0,計,466287,600000,0.7771,0.9139,583964,0.7985,198,70,2355.0,3.81,300,0.6600,258,0.7674,0,,0.0000,0.1389,0,105727,0.2267,0.2641,0.2267,0.4030,4367,6406.5,,0.0000,
0001,千房直営,000003,第3エリア,069   ,有明ガーデン支店,2026/08/01,土,土曜,,晴,34.0,27.0,計,624342,600000,1.0406,1.0406,628632,0.9932,279,125,2237.8,5.69,278,1.0036,300,0.9300,132000,117782,0.1887,0.1887,0,130203,0.2085,0.2085,0.3972,0.3972,5394,6944.8,,0.0000,
0001,千房直営,000003,第3エリア,069   ,有明ガーデン支店,2026/08/02,日,日祝,,晴,33.0,25.0,計,439772,600000,0.7330,0.8868,560364,0.7848,229,100,1920.4,4.67,277,0.8267,267,0.8577,120600,72035,0.1638,0.1784,0,113281,0.2576,0.2288,0.4214,0.4072,4666,5655.0,,0.0000,
0001,千房直営,000003,第3エリア,069   ,有明ガーデン支店,2026/08/03,月,平日,,曇,27.0,23.0,計,225771,250000,0.9031,0.8896,294061,0.7678,87,37,2595.1,1.78,119,0.7311,152,0.5724,61800,116807,0.5174,0.2377,0,67780,0.3002,0.2413,0.8176,0.4790,2910,4655.1,,0.0000,
0001,千房直営,000003,第3エリア,069   ,有明ガーデン支店,2026/08/04,火,平日,,晴,29.0,23.0,計,255060,250000,1.0202,0.9088,204633,1.2464,111,45,2297.8,2.27,119,0.9328,85,1.3059,61800,94279,0.3696,0.2595,0,82099,0.3219,0.2546,0.6915,0.5141,3246,4714.6,,0.0000,
0001,千房直営,000003,第3エリア,069   ,有明ガーデン支店,2026/08/05,水,平日,,曇,30.0,23.0,計,243510,250000,0.9740,0.9172,371614,0.6553,113,54,2155.0,2.31,119,0.9496,177,0.6384,61800,103378,0.4245,0.2820,0,77508,0.3183,0.2633,0.7428,0.5452,3231,4522.0,,0.0000,
0001,千房直営,000003,第3エリア,069   ,有明ガーデン支店,2026/08/06,木,平日,,晴,30.0,23.0,計,231768,250000,0.9271,0.9183,415274,0.5581,113,52,2051.0,2.31,119,0.9496,206,0.5485,61800,146660,0.6328,0.3222,0,70555,0.3044,0.2680,0.9372,0.5902,2717,5118.2,,0.0000,
0001,千房直営,000003,第3エリア,069   ,有明ガーデン支店,2026/08/07,金,平日,,晴,32.0,26.0,計,344967,300000,1.1499,0.9461,397860,0.8671,162,77,2129.4,3.31,143,1.1329,207,0.7826,61800,177024,0.5132,0.3501,0,82429,0.2389,0.2638,0.7521,0.6138,3235,6398.2,,0.0000,
0001,千房直営,000003,第3エリア,069   ,有明ガーデン支店,2026/08/08,土,土曜,,晴,32.0,27.0,計,621455,600000,1.0358,0.9634,703323,0.8836,310,138,2004.7,6.33,278,1.1151,327,0.9480,132000,82405,0.1326,0.3048,0,110802,0.1783,0.2460,0.3109,0.5508,4527,8236.6,,0.0000,
0001,千房直営,000003,第3エリア,069   ,有明ガーデン支店,2026/08/09,日,日祝,,晴,33.0,25.0,計,610053,600000,1.0168,0.9721,806685,0.7562,284,114,2148.1,5.80,277,1.0253,356,0.7978,120600,,0.0000,0.2531,0,118586,0.1944,0.2372,0.1944,0.4903,4850,7547.0,,0.0000,
0001,千房直営,000003,第3エリア,069   ,有明ガーデン支店,2026/08/10,月,平日,,曇,30.0,24.0,計,512933,300000,1.7098,1.0274,729409,0.7032,243,96,2110.8,4.96,143,1.6993,340,0.7147,61800,175746,0.3426,0.2643,0,90810,0.1770,0.2297,0.5197,0.4940,3648,8436.4,,0.0000,
0001,千房直営,000003,第3エリア,069   ,有明ガーデン支店,2026/08/11,火,日祝,,雨,29.0,23.0,計,735093,600000,1.2252,1.0532,323884,2.2696,307,127,2394.4,6.27,277,1.1083,142,2.1620,120600,-654,-0.0009,0.2241,0,110375,0.1502,0.2176,0.1493,0.4417,4473,9860.4,,0.0000,
0001,千房直営,000003,第3エリア,069   ,有明ガーデン支店,2026/08/12,水,平日,,曇,28.0,23.0,計,442557,300000,1.4752,1.0790,431667,1.0252,198,84,2235.1,4.04,143,1.3846,218,0.9083,61800,-1635,-0.0037,0.2050,0,62786,0.1419,0.2113,0.1382,0.4163,2630,10096.4,,0.0000,
0001,千房直営,000003,第3エリア,069   ,有明ガーデン支店,2026/08/13,木,平日,,雨,27.0,24.0,計,442269,550000,0.8041,1.0513,474072,0.9329,202,84,2189.5,4.12,262,0.7710,237,0.8523,61800,,0.0000,0.1892,0,109727,0.2481,0.2141,0.2481,0.4033,4453,5959.2,,0.0000,
0001,千房直営,000003,第3エリア,069   ,有明ガーデン支店,2026/08/14,金,平日,,曇,30.0,23.0,計,523331,550000,0.9515,1.0421,547018,0.9567,221,91,2368.0,4.51,262,0.8435,243,0.9095,61800,,0.0000,0.1733,0,87955,0.1681,0.2103,0.1681,0.3836,3513,8938.2,,0.0000,
0001,千房直営,000003,第3エリア,069   ,有明ガーデン支店,2026/08/15,土,土曜,,雨,28.0,24.0,計,834973,650000,1.2846,1.0658,761793,1.0961,370,150,2256.7,7.55,301,1.2292,333,1.1111,132000,-981,-0.0012,0.1528,0,116649,0.1397,0.2020,0.1385,0.3547,4783,10474.3,,0.0000,
0001,千房直営,000003,第3エリア,069   ,有明ガーデン支店,2026/08/16,日,日祝,,雨,26.0,23.0,計,829726,650000,1.2765,1.0846,685333,1.2107,364,141,2279.5,7.43,300,1.2133,304,1.1974,120600,,0.0000,0.1368,0,122811,0.1480,0.1963,0.1480,0.3331,5055,9848.4,,0.0000,
0001,千房直営,000002,第2エリア,071   ,イオンモール各務原インター支店,2026/08/01,土,土曜,,晴,35.0,27.0,計,155063,120000,1.2922,1.2922,162707,0.9530,105,45,1476.8,2.23,82,1.2805,103,1.0194,0,74785,0.4823,0.4823,0,49980,0.3223,0.3223,0.8046,0.8046,2323,4005.1,,0.0000,
0001,千房直営,000002,第2エリア,071   ,イオンモール各務原インター支店,2026/08/02,日,日祝,,曇,38.0,28.0,計,217596,120000,1.8133,1.5527,257482,0.8451,138,64,1576.8,2.94,82,1.6829,167,0.8263,0,8130,0.0374,0.2225,0,55059,0.2530,0.2819,0.2904,0.5044,2571,5078.1,,0.0000,
0001,千房直営,000002,第2エリア,071   ,イオンモール各務原インター支店,2026/08/03,月,平日,,晴,34.0,28.0,計,87024,50000,1.7405,1.5851,93721,0.9285,63,30,1381.3,1.34,35,1.8000,57,1.1053,0,68605,0.7883,0.3296,0,32747,0.3763,0.2997,1.1646,0.6294,1541,3388.3,,0.0000,
0001,千房直営,000002,第2エリア,071   ,イオンモール各務原インター支店,2026/08/04,火,平日,,晴,31.0,26.0,計,105880,50000,2.1176,1.6634,109038,0.9710,80,38,1323.5,1.70,35,2.2857,73,1.0959,0,6412,0.0606,0.2792,0,33868,0.3199,0.3035,0.3804,0.5828,1581,4018.2,,0.0000,
0001,千房直営,000002,第2エリア,071   ,イオンモール各務原インター支店,2026/08/05,水,平日,,晴,36.0,25.0,計,62239,50000,1.2448,1.6097,57104,1.0899,44,23,1414.5,0.94,35,1.2571,42,1.0476,0,39252,0.6307,0.3141,0,28722,0.4615,0.3192,1.0921,0.6333,1416,2637.2,,0.0000,
0001,千房直営,000002,第2エリア,071   ,イオンモール各務原インター支店,2026/08/06,木,平日,,曇,35.0,26.0,計,72556,50000,1.4511,1.5917,51773,1.4014,52,28,1395.3,1.11,35,1.4857,35,1.4857,0,22526,0.3105,0.3137,0,32308,0.4453,0.3322,0.7557,0.6459,1517,2869.7,,0.0000,
0001,千房直営,000002,第2エリア,071   ,イオンモール各務原インター支店,2026/08/07,金,平日,,曇,34.0,28.0,計,107331,50000,2.1466,1.6483,95170,1.1278,82,43,1308.9,1.74,35,2.3429,75,1.0933,0,104363,0.9723,0.4012,0,31910,0.2973,0.3276,1.2697,0.7288,1569,4104.4,,0.0000,
0001,千房直営,000002,第2エリア,071   ,イオンモール各務原インター支店,2026/08/08,土,土曜,,曇,34.0,27.0,計,157602,120000,1.3134,1.5824,151605,1.0396,106,47,1486.8,2.26,82,1.2927,103,1.0291,0,24267,0.1540,0.3609,0,43285,0.2746,0.3189,0.4286,0.6798,1982,4771.0,,0.0000,
0001,千房直営,000002,第2エリア,071   ,イオンモール各務原インター支店,2026/08/09,日,日祝,,晴,33.0,25.0,計,205026,120000,1.7086,1.6032,276977,0.7402,162,56,1265.6,3.45,82,1.9756,189,0.8571,0,12180,0.0594,0.3081,0,55274,0.2696,0.3103,0.3290,0.6184,2580,4768.0,,0.0000,
0001,千房直営,000002,第2エリア,071   ,イオンモール各務原インター支店,2026/08/10,月,平日,,雨,35.0,26.0,計,165121,70000,2.3589,1.6693,248359,0.6648,114,52,1448.4,2.43,50,2.2800,166,0.6867,0,74422,0.4507,0.3257,0,45561,0.2759,0.3061,0.7266,0.6317,2182,4540.4,,0.0000,
0001,千房直営,000002,第2エリア,071   ,イオンモール各務原インター支店,2026/08/11,火,日祝,,晴,33.0,22.0,計,212922,120000,1.7744,1.6830,210638,1.0108,137,57,1554.2,2.91,82,1.6707,138,0.9928,0,13699,0.0643,0.2898,0,62255,0.2924,0.3042,0.3567,0.5939,2967,4305.8,,0.0000,
0001,千房直営,000002,第2エリア,071   ,イオンモール各務原インター支店,2026/08/12,水,平日,,曇,27.0,25.0,計,191034,70000,2.7291,1.7570,187803,1.0172,124,55,1540.6,2.64,50,2.4800,121,1.0248,0,94537,0.4949,0.3123,0,50804,0.2659,0.3000,0.7608,0.6123,2414,4748.2,,0.0000,
0001,千房直営,000002,第2エリア,071   ,イオンモール各務原インター支店,2026/08/13,木,平日,,曇,32.0,23.0,計,217034,120000,1.8086,1.7625,166717,1.3018,145,62,1496.8,3.09,82,1.7683,96,1.5104,0,51732,0.2384,0.3041,0,58275,0.2685,0.2965,0.5069,0.6006,2828,4604.7,,0.0000,
0001,千房直営,000002,第2エリア,071   ,イオンモール各務原インター支店,2026/08/14,金,平日,,晴,33.0,24.0,計,218433,120000,1.8203,1.7682,235758,0.9265,143,62,1527.5,3.04,82,1.7439,149,0.9597,0,,0.0000,0.2735,0,58583,0.2682,0.2936,0.2682,0.5672,2876,4557.0,,0.0000,
0001,千房直営,000002,第2エリア,071   ,イオンモール各務原インター支店,2026/08/15,土,土曜,,曇,32.0,25.0,計,274995,120000,2.2916,1.8147,252155,1.0906,176,73,1562.5,3.74,82,2.1463,158,1.1139,0,15454,0.0562,0.2491,0,63103,0.2295,0.2864,0.2857,0.5356,2990,5518.3,,0.0000,
0001,千房直営,000002,第2エリア,071   ,イオンモール各務原インター支店,2026/08/16,日,日祝,,曇,32.0,26.0,計,227188,120000,1.8932,1.8211,210290,1.0804,145,67,1566.8,3.09,82,1.7683,140,1.0357,0,8130,0.0358,0.2310,0,55913,0.2461,0.2830,0.2819,0.5141,2729,4995.0,,0.0000,
0001,千房直営,000001,第1エリア,078   ,Chibo`s Kitchen 阪神梅田店,2026/08/01,土,土曜,,晴,35.0,28.0,計,248505,150000,1.6567,1.6567,,,122,122,2036.9,,0,,,,0,91416,0.3679,0.3679,,83021,0.3341,0.3341,0.7019,0.7019,3196,4665.3,,0.0000,
0001,千房直営,000001,第1エリア,078   ,Chibo`s Kitchen 阪神梅田店,2026/08/02,日,日祝,,曇,37.0,29.0,計,242231,150000,1.6149,1.6358,,,145,145,1670.6,,0,,,,0,,0.0000,0.1863,,81779,0.3376,0.3358,0.3376,0.5221,3139,4630.1,,0.0000,
0001,千房直営,000001,第1エリア,078   ,Chibo`s Kitchen 阪神梅田店,2026/08/03,月,平日,,曇,38.0,28.0,計,145435,140000,1.0388,1.4458,,,85,85,1711.0,,0,,,,0,147388,1.0134,0.3754,,45810,0.3150,0.3311,1.3284,0.7064,1917,4552.0,,0.0000,
0001,千房直営,000001,第1エリア,078   ,Chibo`s Kitchen 阪神梅田店,2026/08/04,火,平日,,晴,34.0,27.0,計,163666,150000,1.0911,1.3557,,,98,98,1670.1,,0,,,,0,29666,0.1813,0.3357,,75980,0.4642,0.3583,0.6455,0.6940,2880,3409.7,,0.0000,
0001,千房直営,000001,第1エリア,078   ,Chibo`s Kitchen 阪神梅田店,2026/08/05,水,平日,,晴,35.0,26.0,計,185036,150000,1.2336,1.3309,,,97,97,1907.6,,0,,,,0,118504,0.6404,0.3929,,70769,0.3825,0.3628,1.0229,0.7558,2727,4071.2,,0.0000,
0001,千房直営,000001,第1エリア,078   ,Chibo`s Kitchen 阪神梅田店,2026/08/06,木,平日,,曇,35.0,28.0,計,168180,150000,1.1212,1.2956,,,93,93,1808.4,,0,,,,0,93307,0.5548,0.4165,,60972,0.3625,0.3628,0.9173,0.7793,2235,4514.9,,0.0000,
0001,千房直営,000001,第1エリア,078   ,Chibo`s Kitchen 阪神梅田店,2026/08/07,金,平日,,曇,35.0,28.0,計,248682,150000,1.6579,1.3478,,,137,137,1815.2,,0,,,,0,66398,0.2670,0.3900,,57179,0.2299,0.3392,0.4969,0.7292,2421,6163.1,,0.0000,
0001,千房直営,000001,第1エリア,078   ,Chibo`s Kitchen 阪神梅田店,2026/08/08,土,土曜,,晴,35.0,26.0,計,306017,160000,1.9126,1.4231,,,154,154,1987.1,,0,,,,0,32440,0.1060,0.3391,,80850,0.2642,0.3258,0.3702,0.6649,3437,5342.2,,0.0000,
0001,千房直営,000001,第1エリア,078   ,Chibo`s Kitchen 阪神梅田店,2026/08/09,日,日祝,,晴,34.0,28.0,計,312395,170000,1.8376,1.4746,,,168,168,1859.5,,0,,,,0,,0.0000,0.2867,,78731,0.2520,0.3144,0.2520,0.6011,3030,6186.0,,0.0000,
0001,千房直営,000001,第1エリア,078   ,Chibo`s Kitchen 阪神梅田店,2026/08/10,月,平日,,晴,35.0,27.0,計,350626,160000,2.1914,1.5495,,,180,180,1947.9,,0,,,,0,255801,0.7296,0.3522,,60907,0.1737,0.2936,0.9033,0.6457,2577,8163.6,,0.0000,
0001,千房直営,000001,第1エリア,078   ,Chibo`s Kitchen 阪神梅田店,2026/08/11,火,日祝,,晴,31.0,25.0,計,296962,160000,1.8560,1.5785,,,158,158,1879.5,,0,,,,0,73998,0.2492,0.3407,,50103,0.1687,0.2797,0.4179,0.6204,1804,9876.8,,0.0000,
0001,千房直営,000001,第1エリア,078   ,Chibo`s Kitchen 阪神梅田店,2026/08/12,水,平日,,雨,26.0,23.0,計,377646,150000,2.5176,1.6551,,,200,200,1888.2,,0,,,,0,91621,0.2426,0.3285,,88447,0.2342,0.2740,0.4768,0.6026,3332,6800.3,,0.0000,
0001,千房直営,000001,第1エリア,078   ,Chibo`s Kitchen 阪神梅田店,2026/08/13,木,平日,,曇,31.0,24.0,計,253106,170000,1.4889,1.6410,,,143,143,1770.0,,0,,,,0,189147,0.7473,0.3607,,83927,0.3316,0.2785,1.0789,0.6391,3222,4713.3,,0.0000,
0001,千房直営,000001,第1エリア,078   ,Chibo`s Kitchen 阪神梅田店,2026/08/14,金,平日,,曇,33.0,24.0,計,260739,170000,1.5338,1.6327,,,155,155,1682.2,,0,,,,0,,0.0000,0.3343,,96320,0.3694,0.2851,0.3694,0.6194,3797,4120.2,,0.0000,
0001,千房直営,000001,第1エリア,078   ,Chibo`s Kitchen 阪神梅田店,2026/08/15,土,土曜,,晴,32.0,26.0,計,324020,250000,1.2961,1.5980,,,178,178,1820.3,,0,,,,0,,0.0000,0.3064,,77465,0.2391,0.2813,0.2391,0.5876,2959,6570.2,,0.0000,
0001,千房直営,000001,第1エリア,078   ,Chibo`s Kitchen 阪神梅田店,2026/08/16,日,日祝,,曇,32.0,26.0,計,231959,200000,1.1598,1.5647,,,130,130,1784.3,,0,,,,0,,0.0000,0.2891,,61884,0.2668,0.2805,0.2668,0.5696,2390,5823.2,,0.0000,
0001,千房直営,600000,本社,1000  ,本社,2026/08/01,土,土曜,,晴,36.0,29.0,計,,,,,,,,,,,,,,,,,,,,0,,,,,0,,,,
0001,千房直営,600000,本社,1000  ,本社,2026/08/02,日,日祝,,曇,37.0,30.0,計,,,,,,,,,,,,,,,,,,,,0,,,,,0,,,,
0001,千房直営,600000,本社,1000  ,本社,2026/08/03,月,平日,,曇,38.0,28.0,計,,,,,,,,,,,,,,,,,,,,0,,,,,0,,,,
0001,千房直営,600000,本社,1000  ,本社,2026/08/04,火,平日,,曇,34.0,27.0,計,,,,,,,,,,,,,,,,,,,,0,,,,,0,,,,
0001,千房直営,600000,本社,1000  ,本社,2026/08/05,水,平日,,晴,36.0,27.0,計,,,,,,,,,,,,,,,,,,,,0,,,,,0,,,,
0001,千房直営,600000,本社,1000  ,本社,2026/08/06,木,平日,,曇,35.0,28.0,計,,,,,,,,,,,,,,,,,,,,0,,,,,0,,,,
0001,千房直営,600000,本社,1000  ,本社,2026/08/07,金,平日,,曇,35.0,28.0,計,,,,,,,,,,,,,,,,,,,,0,,,,,0,,,,
0001,千房直営,600000,本社,1000  ,本社,2026/08/08,土,土曜,,晴,35.0,27.0,計,,,,,,,,,,,,,,,,,,,,0,,,,,0,,,,
0001,千房直営,600000,本社,1000  ,本社,2026/08/09,日,日祝,,晴,34.0,28.0,計,,,,,,,,,,,,,,,,,,,,0,,,,,0,,,,
0001,千房直営,600000,本社,1000  ,本社,2026/08/10,月,平日,,晴,35.0,28.0,計,,,,,,,,,,,,,,,,,,,,0,,,,,0,,,,
0001,千房直営,600000,本社,1000  ,本社,2026/08/11,火,日祝,,晴,31.0,25.0,計,,,,,,,,,,,,,,,,,,,,0,,,,,0,,,,
0001,千房直営,600000,本社,1000  ,本社,2026/08/12,水,平日,,雨,26.0,23.0,計,,,,,,,,,,,,,,,,,,,,0,,,,,0,,,,
0001,千房直営,600000,本社,1000  ,本社,2026/08/13,木,平日,,曇,31.0,24.0,計,,,,,,,,,,,,,,,,,,,,0,,,,,0,,,,
0001,千房直営,600000,本社,1000  ,本社,2026/08/14,金,平日,,曇,33.0,25.0,計,,,,,,,,,,,,,,,,,,,,0,,,,,0,,,,
0001,千房直営,600000,本社,1000  ,本社,2026/08/15,土,土曜,,曇,32.0,26.0,計,,,,,,,,,,,,,,,,,,,,0,,,,,0,,,,
0001,千房直営,600000,本社,1000  ,本社,2026/08/16,日,日祝,,曇,32.0,27.0,計,,,,,,,,,,,,,,,,,,,,0,,,,,0,,,,
0001,千房直営,000004,第4エリア,101   ,ぷれじでんと南本店,2026/08/01,土,土曜,,晴,36.0,29.0,計,346130,330000,1.0489,1.0489,319883,1.0821,34,13,10180.3,1.17,31,1.0968,25,1.3600,0,120367,0.3478,0.3478,0,74803,0.2161,0.2161,0.5639,0.5639,2951,7037.5,,0.0000,
0001,千房直営,000004,第4エリア,101   ,ぷれじでんと南本店,2026/08/02,日,日祝,,曇,37.0,30.0,計,,0,,1.0489,,,,,,0,0,,,,0,,,0.3478,0,0,,0.2161,,0.5639,0,,,,
0001,千房直営,000004,第4エリア,101   ,ぷれじでんと南本店,2026/08/03,月,平日,,曇,38.0,28.0,計,174090,250000,0.6964,0.8969,103898,1.6756,25,8,6963.6,0.86,23,1.0870,11,2.2727,0,77024,0.4424,0.3794,0,51937,0.2983,0.2436,0.7408,0.6231,2173,4806.9,,0.0000,
0001,千房直営,000004,第4エリア,101   ,ぷれじでんと南本店,2026/08/04,火,平日,,晴,34.0,27.0,計,216940,250000,0.8678,0.8881,338499,0.6409,18,7,12052.2,0.62,23,0.7826,29,0.6207,0,37742,0.1740,0.3190,0,56300,0.2595,0.2483,0.4335,0.5673,2282,5703.9,,0.0000,
0001,千房直営,000004,第4エリア,101   ,ぷれじでんと南本店,2026/08/05,水,平日,,晴,35.0,27.0,計,316420,250000,1.2657,0.9755,281850,1.1227,35,11,9040.6,1.21,23,1.5217,21,1.6667,0,63937,0.2021,0.2839,0,60577,0.1914,0.2312,0.3935,0.5151,2397,7920.4,,0.0000,
0001,千房直営,000004,第4エリア,101   ,ぷれじでんと南本店,2026/08/06,木,平日,,曇,35.0,28.0,計,118260,240000,0.4928,0.8878,355460,0.3327,13,6,9096.9,0.45,22,0.5909,23,0.5652,0,41598,0.3518,0.2907,0,36980,0.3127,0.2395,0.6645,0.5302,1562,4542.6,,0.0000,
0001,千房直営,000004,第4エリア,101   ,ぷれじでんと南本店,2026/08/07,金,平日,,曇,35.0,28.0,計,334982,320000,1.0468,0.9188,129890,2.5790,23,8,14564.4,0.79,30,0.7667,18,1.2778,0,166840,0.4981,0.3368,0,62205,0.1857,0.2275,0.6838,0.5643,2535,7928.6,,0.0000,
0001,千房直営,000004,第4エリア,101   ,ぷれじでんと南本店,2026/08/08,土,土曜,,晴,34.0,27.0,計,214091,320000,0.6690,0.8780,421000,0.5085,26,12,8234.3,0.90,30,0.8667,43,0.6047,0,56753,0.2651,0.3279,0,57758,0.2698,0.2328,0.5349,0.5606,2403,5345.6,,0.0000,
0001,千房直営,000004,第4エリア,101   ,ぷれじでんと南本店,2026/08/09,日,日祝,,晴,34.0,28.0,計,,0,,0.8780,376386,0.0000,,,,0,0,,37,0.0000,0,9272,,0.3333,0,0,,0.2328,,0.5660,0,,,,
0001,千房直営,000004,第4エリア,101   ,ぷれじでんと南本店,2026/08/10,月,平日,,晴,35.0,28.0,計,272765,240000,1.1365,0.9062,,,24,10,11365.2,0.83,22,1.0909,,,0,140520,0.5152,0.3582,0,52511,0.1925,0.2273,0.7077,0.5854,2222,7365.4,,0.0000,
0001,千房直営,000004,第4エリア,101   ,ぷれじでんと南本店,2026/08/11,火,日祝,,晴,31.0,25.0,計,257740,240000,1.0739,0.9227,199909,1.2893,22,6,11715.5,0.76,22,1.0000,27,0.8148,0,43751,0.1697,0.3366,0,48318,0.1875,0.2227,0.3572,0.5593,2001,7728.3,,0.0000,
0001,千房直営,000004,第4エリア,101   ,ぷれじでんと南本店,2026/08/12,水,平日,,雨,26.0,23.0,計,161140,240000,0.6714,0.9002,253374,0.6360,20,10,8057.0,0.69,22,0.9091,29,0.6897,0,41516,0.2576,0.3313,0,70564,0.4379,0.2371,0.6955,0.5684,2939,3289.7,,0.0000,
0001,千房直営,000004,第4エリア,101   ,ぷれじでんと南本店,2026/08/13,木,平日,,曇,31.0,24.0,計,164700,240000,0.6863,0.8826,252200,0.6531,21,8,7842.9,0.72,22,0.9545,23,0.9130,0,158092,0.9599,0.3715,0,47938,0.2911,0.2405,1.2509,0.6120,2032,4863.2,,0.0000,
0001,千房直営,000004,第4エリア,101   ,ぷれじでんと南本店,2026/08/14,金,平日,,曇,33.0,25.0,計,235720,320000,0.7366,0.8682,265300,0.8885,27,10,8730.4,0.93,30,0.9000,29,0.9310,0,27433,0.1164,0.3501,0,50075,0.2124,0.2382,0.3288,0.5883,2039,6936.3,,0.0000,
0001,千房直営,000004,第4エリア,101   ,ぷれじでんと南本店,2026/08/15,土,土曜,,晴,32.0,26.0,計,152980,320000,0.4781,0.8331,166360,0.9196,14,5,10927.1,0.48,30,0.4667,18,0.7778,0,,0.0000,0.3321,0,47526,0.3107,0.2419,0.3107,0.5740,1971,4656.9,,0.0000,
0001,千房直営,000004,第4エリア,101   ,ぷれじでんと南本店,2026/08/16,日,日祝,,曇,32.0,26.0,計,,0,,0.8331,,,,,,0,0,,,,0,,,0.3321,0,0,,0.2419,,0.5740,0,,,,
0001,千房直営,000004,第4エリア,102   ,ぷれじでんと北店,2026/08/01,土,土曜,,晴,35.0,28.0,計,242791,300000,0.8093,0.8093,194580,1.2478,13,3,18676.2,0.42,27,0.4815,20,0.6500,0,94783,0.3904,0.3904,0,71640,0.2951,0.2951,0.6855,0.6855,2937,4960.0,,0.0000,
0001,千房直営,000004,第4エリア,102   ,ぷれじでんと北店,2026/08/02,日,日祝,,曇,37.0,29.0,計,,0,,0.8093,,,,,,0,0,,,,0,,,0.3904,0,0,,0.2951,,0.6855,0,,,,
0001,千房直営,000004,第4エリア,102   ,ぷれじでんと北店,2026/08/03,月,平日,,曇,38.0,28.0,計,484682,350000,1.3848,1.1192,360214,1.3455,34,9,14255.4,1.10,31,1.0968,32,1.0625,0,176008,0.3631,0.3722,0,89985,0.1857,0.2222,0.5488,0.5944,3623,8026.8,,0.0000,
0001,千房直営,000004,第4エリア,102   ,ぷれじでんと北店,2026/08/04,火,平日,,晴,34.0,27.0,計,279771,350000,0.7993,1.0072,298360,0.9377,26,10,10760.4,0.84,31,0.8387,29,0.8966,0,232712,0.8318,0.4999,0,82787,0.2959,0.2427,1.1277,0.7425,3282,5114.6,,0.0000,
0001,千房直営,000004,第4エリア,102   ,ぷれじでんと北店,2026/08/05,水,平日,,晴,35.0,26.0,計,550355,350000,1.5724,1.1538,234870,2.3432,43,11,12799.0,1.39,31,1.3871,19,2.2632,0,108773,0.1976,0.3931,0,90378,0.1642,0.2149,0.3619,0.6080,3522,9375.7,,0.0000,
0001,千房直営,000004,第4エリア,102   ,ぷれじでんと北店,2026/08/06,木,平日,,曇,35.0,28.0,計,473585,350000,1.3531,1.1948,237717,1.9922,41,11,11550.9,1.32,31,1.3226,23,1.7826,0,246304,0.5201,0.4227,0,102875,0.2172,0.2155,0.7373,0.6382,3914,7259.9,,0.0000,
0001,千房直営,000004,第4エリア,102   ,ぷれじでんと北店,2026/08/07,金,平日,,曇,35.0,28.0,計,481695,400000,1.2042,1.1966,465458,1.0349,33,12,14596.8,1.06,36,0.9167,36,0.9167,0,72596,0.1507,0.3706,0,115950,0.2407,0.2203,0.3914,0.5909,4515,6401.3,,0.0000,
0001,千房直営,000004,第4エリア,102   ,ぷれじでんと北店,2026/08/08,土,土曜,,晴,35.0,26.0,計,200900,300000,0.6697,1.1307,114600,1.7531,17,7,11817.6,0.55,27,0.6296,14,1.2143,0,35372,0.1761,0.3562,0,69681,0.3468,0.2297,0.5229,0.5858,2710,4448.0,,0.0000,
0001,千房直営,000004,第4エリア,102   ,ぷれじでんと北店,2026/08/09,日,日祝,,晴,34.0,28.0,計,,0,,1.1307,71810,0.0000,,,,0,0,,13,0.0000,0,,,0.3562,0,0,,0.2297,,0.5858,0,,,,
0001,千房直営,000004,第4エリア,102   ,ぷれじでんと北店,2026/08/10,月,平日,,晴,35.0,27.0,計,417572,350000,1.1931,1.1387,,,35,10,11930.6,1.13,31,1.1290,,,0,97767,0.2341,0.3399,0,96519,0.2311,0.2299,0.4653,0.5698,3784,6621.1,,0.0000,
0001,千房直営,000004,第4エリア,102   ,ぷれじでんと北店,2026/08/11,火,日祝,,晴,31.0,25.0,計,99737,300000,0.3325,1.0594,295643,0.3374,10,4,9973.7,0.32,27,0.3704,37,0.2703,0,224781,2.2537,0.3990,0,56300,0.5645,0.2402,2.8182,0.6392,2207,2711.5,,0.0000,
0001,千房直営,000004,第4エリア,102   ,ぷれじでんと北店,2026/08/12,水,平日,,雨,26.0,23.0,計,174071,350000,0.4973,1.0015,231610,0.7516,14,5,12433.6,0.45,31,0.4516,21,0.6667,0,27245,0.1565,0.3866,0,66194,0.3803,0.2474,0.5368,0.6339,2646,3947.2,,0.0000,
0001,千房直営,000004,第4エリア,102   ,ぷれじでんと北店,2026/08/13,木,平日,,曇,31.0,24.0,計,221230,350000,0.6321,0.9670,180480,1.2258,20,7,11061.5,0.65,31,0.6452,18,1.1111,0,121793,0.5505,0.3966,0,63519,0.2871,0.2498,0.8376,0.6464,2568,5168.9,,0.0000,
0001,千房直営,000004,第4エリア,102   ,ぷれじでんと北店,2026/08/14,金,平日,,曇,33.0,24.0,計,460740,400000,1.1519,0.9849,469244,0.9819,37,14,12452.4,1.19,36,1.0278,36,1.0278,0,8170,0.0177,0.3539,0,86771,0.1883,0.2429,0.2061,0.5967,3306,8361.9,,0.0000,
0001,千房直営,000004,第4エリア,102   ,ぷれじでんと北店,2026/08/15,土,土曜,,晴,32.0,26.0,計,441300,300000,1.4710,1.0176,336630,1.3109,36,13,12258.3,1.16,27,1.3333,32,1.1250,0,2087,0.0047,0.3198,0,79703,0.1806,0.2368,0.1853,0.5566,3078,8602.3,,0.0000,
0001,千房直営,000004,第4エリア,102   ,ぷれじでんと北店,2026/08/16,日,日祝,,曇,32.0,26.0,計,,0,,1.0176,,,,,,0,0,,,,0,,,0.3198,0,0,,0.2368,,0.5566,0,,,,
0001,千房直営,000004,第4エリア,103   ,ぷれじでんとシェラトン都ホテル大阪店,2026/08/01,土,土曜,,晴,35.0,28.0,計,621681,650000,0.9564,0.9564,444950,1.3972,84,34,7401.0,1.95,0,,78,1.0769,0,269510,0.4335,0.4335,0,159527,0.2566,0.2566,0.6901,0.6901,6428,5802.9,,0.0000,
0001,千房直営,000004,第4エリア,103   ,ぷれじでんとシェラトン都ホテル大阪店,2026/08/02,日,日祝,,曇,37.0,29.0,計,603515,600000,1.0059,0.9802,473958,1.2734,84,26,7184.7,1.95,0,,75,1.1200,0,12220,0.0202,0.2299,0,155557,0.2578,0.2572,0.2780,0.4871,6257,5787.3,,0.0000,
0001,千房直営,000004,第4エリア,103   ,ぷれじでんとシェラトン都ホテル大阪店,2026/08/03,月,平日,,雨,38.0,28.0,計,,0,,0.9802,,,,,,0,0,,,,0,0,,0.2299,0,0,,0.2572,,0.4871,0,,,,
0001,千房直営,000004,第4エリア,103   ,ぷれじでんとシェラトン都ホテル大阪店,2026/08/04,火,平日,,曇,34.0,27.0,計,224080,250000,0.8963,0.9662,406068,0.5518,29,10,7726.9,0.67,0,,44,0.6591,0,141738,0.6325,0.2922,0,85982,0.3837,0.2767,1.0162,0.5689,3520,3819.5,,0.0000,
0001,千房直営,000004,第4エリア,103   ,ぷれじでんとシェラトン都ホテル大阪店,2026/08/05,水,平日,,晴,35.0,26.0,計,346881,280000,1.2389,1.0091,411970,0.8420,48,17,7226.7,1.12,0,,56,0.8571,0,154781,0.4462,0.3219,0,105709,0.3047,0.2821,0.7509,0.6041,4134,5034.6,,0.0000,
0001,千房直営,000004,第4エリア,103   ,ぷれじでんとシェラトン都ホテル大阪店,2026/08/06,木,平日,,曇,35.0,27.0,計,336789,280000,1.2028,1.0354,253723,1.3274,37,17,9102.4,0.86,0,,35,1.0571,0,128551,0.3817,0.3314,0,112970,0.3354,0.2906,0.7171,0.6219,4569,4422.7,,0.0000,
0001,千房直営,000004,第4エリア,103   ,ぷれじでんとシェラトン都ホテル大阪店,2026/08/07,金,平日,,曇,35.0,28.0,計,324235,300000,1.0808,1.0412,202667,1.5998,37,19,8763.1,0.86,0,,29,1.2759,0,305659,0.9427,0.4120,0,106475,0.3284,0.2956,1.2711,0.7076,4100,4744.9,,0.0000,
0001,千房直営,000004,第4エリア,103   ,ぷれじでんとシェラトン都ホテル大阪店,2026/08/08,土,土曜,,晴,35.0,26.0,計,708697,780000,0.9086,1.0082,659422,1.0747,95,29,7460.0,2.21,0,,89,1.0674,0,266038,0.3754,0.4038,0,174575,0.2463,0.2845,0.6217,0.6884,6918,6146.5,,0.0000,
0001,千房直営,000004,第4エリア,103   ,ぷれじでんとシェラトン都ホテル大阪店,2026/08/09,日,日祝,,晴,33.0,27.0,計,1051154,750000,1.4015,1.0841,918039,1.1450,110,28,9555.9,2.56,0,,119,0.9244,0,40297,0.0383,0.3127,0,169562,0.1613,0.2538,0.1996,0.5665,6889,9155.1,,0.0000,
0001,千房直営,000004,第4エリア,103   ,ぷれじでんとシェラトン都ホテル大阪店,2026/08/10,月,平日,,晴,34.0,27.0,計,308789,250000,1.2352,1.0932,577803,0.5344,45,14,6862.0,1.05,0,,80,0.5625,0,152199,0.4929,0.3250,0,107600,0.3485,0.2603,0.8413,0.5853,4117,4500.2,,0.0000,
0001,千房直営,000004,第4エリア,103   ,ぷれじでんとシェラトン都ホテル大阪店,2026/08/11,火,日祝,,晴,31.0,25.0,計,625590,670000,0.9337,1.0710,689878,0.9068,112,36,5585.6,2.60,0,,84,1.3333,0,135895,0.2172,0.3119,0,175047,0.2798,0.2626,0.4970,0.5746,7071,5308.4,,0.0000,
0001,千房直営,000004,第4エリア,103   ,ぷれじでんとシェラトン都ホテル大阪店,2026/08/12,水,平日,,曇,26.0,23.0,計,918579,400000,2.2964,1.1651,581120,1.5807,103,32,8918.2,2.40,0,,84,1.2262,0,132181,0.1439,0.2865,0,141973,0.1546,0.2463,0.2985,0.5328,5462,10090.6,,0.0000,
0001,千房直営,000004,第4エリア,103   ,ぷれじでんとシェラトン都ホテル大阪店,2026/08/13,木,平日,,曇,32.0,24.0,計,537084,850000,0.6319,1.0903,738480,0.7273,95,32,5653.5,2.21,0,,102,0.9314,0,184182,0.3429,0.2911,0,158542,0.2952,0.2503,0.6381,0.5414,6255,5151.9,,0.0000,
0001,千房直営,000004,第4エリア,103   ,ぷれじでんとシェラトン都ホテル大阪店,2026/08/14,金,平日,,曇,33.0,25.0,計,910710,850000,1.0714,1.0880,906971,1.0041,123,31,7404.1,2.86,0,,125,0.9840,0,,0.0000,0.2558,0,160655,0.1764,0.2413,0.1764,0.4971,6565,8323.3,,0.0000,
0001,千房直営,000004,第4エリア,103   ,ぷれじでんとシェラトン都ホテル大阪店,2026/08/15,土,土曜,,曇,32.0,25.0,計,1133820,950000,1.1935,1.1007,743320,1.5253,145,43,7819.4,3.37,0,,110,1.3182,0,,0.0000,0.2223,0,188885,0.1666,0.2315,0.1666,0.4538,7582,8972.5,,0.0000,
0001,千房直営,000004,第4エリア,103   ,ぷれじでんとシェラトン都ホテル大阪店,2026/08/16,日,日祝,,曇,32.0,26.0,計,665261,900000,0.7392,1.0636,848472,0.7841,91,28,7310.6,2.12,0,,96,0.9479,0,,0.0000,0.2064,0,152165,0.2287,0.2313,0.2287,0.4378,6225,6412.2,,0.0000,
0001,千房直営,000004,第4エリア,109   ,ぷれじでんとオー・エム・ホテル日航ビル店,2026/08/01,土,土曜,,晴,36.0,29.0,計,527602,550000,0.9593,0.9593,368031,1.4336,64,31,8243.8,2.29,64,1.0000,45,1.4222,0,47826,0.0906,0.0906,0,115752,0.2194,0.2194,0.3100,0.3100,4736,6684.1,,0.0000,
0001,千房直営,000004,第4エリア,109   ,ぷれじでんとオー・エム・ホテル日航ビル店,2026/08/02,日,日祝,,曇,37.0,30.0,計,398673,500000,0.7973,0.8822,614629,0.6486,68,27,5862.8,2.43,59,1.1525,61,1.1148,0,4060,0.0102,0.0560,0,101800,0.2553,0.2349,0.2655,0.2909,4229,5656.3,,0.0000,
0001,千房直営,000004,第4エリア,109   ,ぷれじでんとオー・エム・ホテル日航ビル店,2026/08/03,月,平日,,曇,38.0,28.0,計,,0,,0.8822,,,,,,0,0,,,,0,,,0.0560,0,0,,0.2349,,0.2909,0,,,,
0001,千房直営,000004,第4エリア,109   ,ぷれじでんとオー・エム・ホテル日航ビル店,2026/08/04,火,平日,,晴,34.0,27.0,計,317070,300000,1.0569,0.9210,258601,1.2261,41,16,7733.4,1.46,40,1.0250,25,1.6400,0,176292,0.5560,0.1835,0,84929,0.2679,0.2433,0.8239,0.4268,3406,5585.5,,0.0000,
0001,千房直営,000004,第4エリア,109   ,ぷれじでんとオー・エム・ホテル日航ビル店,2026/08/05,水,平日,,晴,35.0,27.0,計,422526,350000,1.2072,0.9799,110107,3.8374,48,20,8802.6,1.71,45,1.0667,31,1.5484,0,50685,0.1200,0.1674,0,95007,0.2249,0.2386,0.3448,0.4060,3841,6600.2,,0.0000,
0001,千房直営,000004,第4エリア,109   ,ぷれじでんとオー・エム・ホテル日航ビル店,2026/08/06,木,平日,,曇,35.0,28.0,計,384767,300000,1.2826,1.0253,345087,1.1150,60,25,6412.8,2.14,38,1.5789,32,1.8750,0,152082,0.3953,0.2102,0,87950,0.2286,0.2367,0.6238,0.4469,3582,6445.0,,0.0000,
0001,千房直営,000004,第4エリア,109   ,ぷれじでんとオー・エム・ホテル日航ビル店,2026/08/07,金,平日,,曇,35.0,28.0,計,388815,300000,1.2961,1.0606,423162,0.9188,47,17,8272.7,1.68,38,1.2368,39,1.2051,0,323328,0.8316,0.3092,0,91982,0.2366,0.2367,1.0681,0.5459,3727,6259.4,,0.0000,
0001,千房直営,000004,第4エリア,109   ,ぷれじでんとオー・エム・ホテル日航ビル店,2026/08/08,土,土曜,,晴,34.0,27.0,計,541314,550000,0.9842,1.0459,451765,1.1982,55,27,9842.1,1.96,64,0.8594,62,0.8871,0,156007,0.2882,0.3054,0,106079,0.1960,0.2293,0.4842,0.5347,4167,7794.3,,0.0000,
0001,千房直営,000004,第4エリア,109   ,ぷれじでんとオー・エム・ホテル日航ビル店,2026/08/09,日,日祝,,晴,34.0,28.0,計,557547,500000,1.1151,1.0562,597424,0.9333,75,26,7434.0,2.68,59,1.2712,71,1.0563,0,43791,0.0785,0.2696,0,115921,0.2079,0.2259,0.2865,0.4956,4667,7167.9,,0.0000,
0001,千房直営,000004,第4エリア,109   ,ぷれじでんとオー・エム・ホテル日航ビル店,2026/08/10,月,平日,,晴,35.0,28.0,計,391944,350000,1.1198,1.0622,180668,2.1694,42,15,9332.0,1.50,0,,31,1.3548,0,299591,0.7644,0.3190,0,96648,0.2466,0.2280,1.0110,0.5470,3941,5967.2,,0.0000,
0001,千房直営,000004,第4エリア,109   ,ぷれじでんとオー・エム・ホテル日航ビル店,2026/08/11,火,日祝,,晴,31.0,25.0,計,707546,450000,1.5723,1.1175,,,67,27,10560.4,2.39,56,1.1964,,,0,92638,0.1309,0.2903,0,121353,0.1715,0.2194,0.3024,0.5097,4973,8536.6,,0.0000,
0001,千房直営,000004,第4エリア,109   ,ぷれじでんとオー・エム・ホテル日航ビル店,2026/08/12,水,平日,,雨,26.0,23.0,計,469686,400000,1.1742,1.1225,436199,1.0768,56,26,8387.3,2.00,53,1.0566,58,0.9655,0,144412,0.3075,0.2919,0,101379,0.2158,0.2191,0.5233,0.5109,4092,6886.9,,0.0000,
0001,千房直営,000004,第4エリア,109   ,ぷれじでんとオー・エム・ホテル日航ビル店,2026/08/13,木,平日,,曇,31.0,24.0,計,519178,400000,1.2979,1.1367,370010,1.4031,81,27,6409.6,2.89,51,1.5882,55,1.4727,0,210961,0.4063,0.3024,0,110811,0.2134,0.2185,0.6198,0.5210,4287,7266.3,,0.0000,
0001,千房直営,000004,第4エリア,109   ,ぷれじでんとオー・エム・ホテル日航ビル店,2026/08/14,金,平日,,曇,33.0,25.0,計,490884,400000,1.2272,1.1435,455961,1.0766,62,25,7917.5,2.21,51,1.2157,56,1.1071,0,71766,0.1462,0.2899,0,109859,0.2238,0.2190,0.3700,0.5088,4606,6394.5,,0.0000,
0001,千房直営,000004,第4エリア,109   ,ぷれじでんとオー・エム・ホテル日航ビル店,2026/08/15,土,土曜,,晴,32.0,26.0,計,304894,550000,0.5544,1.0886,415107,0.7345,44,18,6929.4,1.57,64,0.6875,54,0.8148,0,,0.0000,0.2761,0,84101,0.2758,0.2217,0.2758,0.4978,3542,5164.8,,0.0000,
0001,千房直営,000004,第4エリア,109   ,ぷれじでんとオー・エム・ホテル日航ビル店,2026/08/16,日,日祝,,曇,32.0,26.0,計,545802,500000,1.0916,1.0888,230111,2.3719,57,22,9575.5,2.04,60,0.9500,40,1.4250,0,,0.0000,0.2545,0,103036,0.1888,0.2191,0.1888,0.4736,4139,7912.1,,0.0000,
0001,千房直営,000004,第4エリア,111   ,ぷれじでんと大丸心斎橋店,2026/08/01,土,土曜,,晴,36.0,29.0,計,726431,750000,0.9686,0.9686,490069,1.4823,127,48,5719.9,3.74,93,1.3656,81,1.5679,246305,115609,0.1591,0.1591,0,156945,0.2160,0.2160,0.3752,0.3752,6366,6846.7,,0.0000,
0001,千房直営,000004,第4エリア,111   ,ぷれじでんと大丸心斎橋店,2026/08/02,日,日祝,,曇,37.0,30.0,計,599968,750000,0.8000,0.8843,523622,1.1458,94,39,6382.6,2.76,94,1.0000,90,1.0444,246305,12662,0.0211,0.0967,0,163904,0.2732,0.2419,0.2943,0.3386,6559,5488.3,,0.0000,
0001,千房直営,000004,第4エリア,111   ,ぷれじでんと大丸心斎橋店,2026/08/03,月,平日,,曇,38.0,28.0,計,383724,450000,0.8527,0.8770,459434,0.8352,55,21,6976.8,1.62,56,0.9821,69,0.7971,130949,157522,0.4105,0.1671,0,117567,0.3064,0.2564,0.7169,0.4235,4734,4863.4,,0.0000,
0001,千房直営,000004,第4エリア,111   ,ぷれじでんと大丸心斎橋店,2026/08/04,火,平日,,晴,34.0,27.0,計,380312,450000,0.8451,0.8710,514725,0.7389,73,24,5209.8,2.15,56,1.3036,88,0.8295,130949,141227,0.3713,0.2043,0,125516,0.3300,0.2698,0.7014,0.4740,5153,4428.2,,0.0000,
0001,千房直営,000004,第4エリア,111   ,ぷれじでんと大丸心斎橋店,2026/08/05,水,平日,,晴,35.0,27.0,計,220550,450000,0.4901,0.8109,500825,0.4404,40,18,5513.8,1.18,56,0.7143,54,0.7407,130949,102938,0.4667,0.2293,0,110515,0.5011,0.2918,0.9678,0.5212,4485,2950.5,,0.0000,
0001,千房直営,000004,第4エリア,111   ,ぷれじでんと大丸心斎橋店,2026/08/06,木,平日,,曇,35.0,28.0,計,405307,450000,0.9007,0.8231,374446,1.0824,60,19,6755.1,1.76,56,1.0714,59,1.0169,130949,106853,0.2636,0.2344,0,121544,0.2999,0.2930,0.5635,0.5275,4856,5007.9,,0.0000,
0001,千房直営,000004,第4エリア,111   ,ぷれじでんと大丸心斎橋店,2026/08/07,金,平日,,曇,35.0,28.0,計,392863,450000,0.8730,0.8291,473970,0.8289,61,27,6440.4,1.79,56,1.0893,67,0.9104,130949,269463,0.6859,0.2915,0,113428,0.2887,0.2925,0.9746,0.5840,4605,5118.7,,0.0000,
0001,千房直営,000004,第4エリア,111   ,ぷれじでんと大丸心斎橋店,2026/08/08,土,土曜,,晴,34.0,27.0,計,489351,750000,0.6525,0.7997,817664,0.5985,98,42,4993.4,2.88,93,1.0538,123,0.7967,246305,80559,0.1646,0.2742,0,148900,0.3043,0.2941,0.4689,0.5683,6049,4853.9,,0.0000,
0001,千房直営,000004,第4エリア,111   ,ぷれじでんと大丸心斎橋店,2026/08/09,日,日祝,,晴,34.0,28.0,計,1021865,750000,1.3625,0.8801,621171,1.6451,120,47,8515.5,3.53,94,1.2766,90,1.3333,246305,19410,0.0190,0.2178,0,166243,0.1627,0.2650,0.1817,0.4828,6521,9402.2,,0.0000,
0001,千房直営,000004,第4エリア,111   ,ぷれじでんと大丸心斎橋店,2026/08/10,月,平日,,晴,35.0,28.0,計,501742,450000,1.1150,0.8986,781668,0.6419,88,32,5701.6,2.59,56,1.5714,104,0.8462,130949,150268,0.2995,0.2258,0,144882,0.2888,0.2674,0.5883,0.4931,5753,5232.8,,0.0000,
0001,千房直営,000004,第4エリア,111   ,ぷれじでんと大丸心斎橋店,2026/08/11,火,日祝,,晴,31.0,25.0,計,824815,750000,1.0998,0.9220,531904,1.5507,145,50,5688.4,4.26,94,1.5426,71,2.0423,246305,213818,0.2592,0.2304,0,169937,0.2060,0.2589,0.4653,0.4893,6710,7375.4,,0.0000,
0001,千房直営,000004,第4エリア,111   ,ぷれじでんと大丸心斎橋店,2026/08/12,水,平日,,雨,26.0,23.0,計,508964,450000,1.1310,0.9356,628304,0.8101,78,29,6525.2,2.29,56,1.3929,89,0.8764,130949,190935,0.3751,0.2418,0,114503,0.2250,0.2562,0.6001,0.4980,4718,6472.6,,0.0000,
0001,千房直営,000004,第4エリア,111   ,ぷれじでんと大丸心斎橋店,2026/08/13,木,平日,,曇,31.0,24.0,計,704899,500000,1.4098,0.9677,818249,0.8615,110,41,6408.2,3.24,62,1.7742,113,0.9735,130949,263945,0.3744,0.2549,0,157472,0.2234,0.2530,0.5978,0.5078,6430,6577.6,,0.0000,
0001,千房直営,000004,第4エリア,111   ,ぷれじでんと大丸心斎橋店,2026/08/14,金,平日,,曇,33.0,25.0,計,669204,500000,1.3384,0.9911,783313,0.8543,119,45,5623.6,3.50,62,1.9194,112,1.0625,130949,93600,0.1399,0.2451,0,152249,0.2275,0.2508,0.3674,0.4958,6040,6647.7,,0.0000,
0001,千房直営,000004,第4エリア,111   ,ぷれじでんと大丸心斎橋店,2026/08/15,土,土曜,,晴,32.0,26.0,計,777588,750000,1.0368,0.9951,794902,0.9782,114,46,6820.9,3.35,93,1.2258,118,0.9661,246305,178177,0.2291,0.2436,0,163224,0.2099,0.2471,0.4391,0.4907,6447,7236.7,,0.0000,
0001,千房直営,000004,第4エリア,111   ,ぷれじでんと大丸心斎橋店,2026/08/16,日,日祝,,曇,32.0,26.0,計,669798,750000,0.8931,0.9870,626167,1.0697,104,38,6440.4,3.06,94,1.1064,90,1.1556,246305,,0.0000,0.2260,0,145771,0.2176,0.2450,0.2176,0.4710,5725,7019.7,,0.0000,
0001,千房直営,000004,第4エリア,112   ,琥 虎ノ門,2026/08/01,土,土曜,,晴,35.0,26.0,計,56560,170000,0.3327,0.3327,131410,0.4304,6,2,9426.7,0.43,13,0.4615,6,1.0000,0,45978,0.8129,0.8129,0,50500,0.8929,0.8929,1.7058,1.7058,2023,1677.5,,0.0000,
0001,千房直営,000004,第4エリア,112   ,琥 虎ノ門,2026/08/02,日,日祝,,晴,34.0,25.0,計,57330,170000,0.3372,0.3350,107380,0.5339,5,2,11466.0,0.36,13,0.3846,8,0.6250,0,10397,0.1814,0.4950,0,39119,0.6823,0.7869,0.8637,1.2819,1551,2217.8,,0.0000,
0001,千房直営,000004,第4エリア,112   ,琥 虎ノ門,2026/08/03,月,平日,,曇,26.0,23.0,計,76100,170000,0.4476,0.3725,33350,2.2819,2,1,38050.0,0.14,12,0.1667,5,0.4000,0,49542,0.6510,0.5575,0,46905,0.6164,0.7186,1.2674,1.2761,1918,2380.6,,0.0000,
0001,千房直営,000004,第4エリア,112   ,琥 虎ノ門,2026/08/04,火,平日,,晴,29.0,23.0,計,270910,190000,1.4258,0.6584,267840,1.0115,17,4,15935.9,1.21,12,1.4167,11,1.5455,0,450,0.0017,0.2308,0,57533,0.2124,0.4210,0.2140,0.6518,2316,7018.4,,0.0000,
0001,千房直営,000004,第4エリア,112   ,琥 虎ノ門,2026/08/05,水,平日,,曇,30.0,23.0,計,99300,190000,0.5226,0.6294,144200,0.6886,6,3,16550.0,0.43,12,0.5000,11,0.5455,0,4457,0.0449,0.1978,0,39185,0.3946,0.4164,0.4395,0.6142,1702,3500.6,,0.0000,
0001,千房直営,000004,第4エリア,112   ,琥 虎ノ門,2026/08/06,木,平日,,晴,31.0,23.0,計,51300,190000,0.2700,0.5662,96950,0.5291,5,2,10260.0,0.36,12,0.4167,7,0.7143,0,49725,0.9693,0.2625,0,33429,0.6516,0.4361,1.6209,0.6986,1425,2160.0,,0.0000,
0001,千房直営,000004,第4エリア,112   ,琥 虎ノ門,2026/08/07,金,平日,,晴,33.0,26.0,計,199700,180000,1.1094,0.6438,68450,2.9175,14,4,14264.3,1.00,12,1.1667,5,2.8000,0,53677,0.2688,0.2641,0,41042,0.2055,0.3793,0.4743,0.6434,1605,7465.4,,0.0000,
0001,千房直営,000004,第4エリア,112   ,琥 虎ノ門,2026/08/08,土,土曜,,晴,33.0,27.0,計,93755,170000,0.5515,0.6328,105950,0.8849,8,3,11719.4,0.57,12,0.6667,8,1.0000,0,18996,0.2026,0.2577,0,47150,0.5029,0.3921,0.7055,0.6499,1917,2934.4,,0.0000,
0001,千房直営,000004,第4エリア,112   ,琥 虎ノ門,2026/08/09,日,日祝,,晴,33.0,25.0,計,115150,170000,0.6774,0.6376,85850,1.3413,5,2,23030.0,0.36,12,0.4167,9,0.5556,0,2943,0.0256,0.2315,0,41069,0.3567,0.3881,0.3822,0.6196,1637,4220.5,,0.0000,
0001,千房直営,000004,第4エリア,112   ,琥 虎ノ門,2026/08/10,月,平日,,晴,30.0,24.0,計,115830,170000,0.6814,0.6418,66200,1.7497,9,4,12870.0,0.64,12,0.7500,8,1.1250,0,25869,0.2233,0.2307,0,30816,0.2660,0.3757,0.4894,0.6064,1318,5273.0,,0.0000,
0001,千房直営,000004,第4エリア,112   ,琥 虎ノ門,2026/08/11,火,日祝,,雨,29.0,22.0,計,150720,170000,0.8866,0.6632,282310,0.5339,11,4,13701.8,0.79,12,0.9167,19,0.5789,0,13284,0.0881,0.2140,0,43223,0.2868,0.3653,0.3749,0.5792,1726,5239.4,,0.0000,
0001,千房直営,000004,第4エリア,112   ,琥 虎ノ門,2026/08/12,水,平日,,曇,29.0,23.0,計,72880,180000,0.4049,0.6413,181440,0.4017,5,2,14576.0,0.36,12,0.4167,13,0.3846,0,47462,0.6512,0.2374,0,48965,0.6719,0.3817,1.3231,0.6191,1980,2208.5,,0.0000,
0001,千房直営,000004,第4エリア,112   ,琥 虎ノ門,2026/08/13,木,平日,,雨,27.0,24.0,計,15700,180000,0.0872,0.5979,160240,0.0980,2,1,7850.0,0.14,12,0.1667,16,0.1250,0,20055,1.2774,0.2493,0,44233,2.8174,0.4095,4.0948,0.6588,1776,530.4,,0.0000,
0001,千房直営,000004,第4エリア,112   ,琥 虎ノ門,2026/08/14,金,平日,,曇,30.0,23.0,計,129270,180000,0.7182,0.6067,149130,0.8668,8,3,16158.8,0.57,12,0.6667,9,0.8889,0,382,0.0030,0.2281,0,47637,0.3685,0.4060,0.3715,0.6341,1952,3973.5,,0.0000,
0001,千房直営,000004,第4エリア,112   ,琥 虎ノ門,2026/08/15,土,土曜,,雨,28.0,24.0,計,200530,170000,1.1796,0.6434,62600,3.2034,10,4,20053.0,0.71,12,0.8333,8,1.2500,0,577,0.0029,0.2016,0,45722,0.2280,0.3851,0.2309,0.5867,1816,6625.4,,0.0000,
0001,千房直営,000004,第4エリア,112   ,琥 虎ノ門,2026/08/16,日,日祝,,雨,26.0,23.0,計,75577,170000,0.4446,0.6314,20430,3.6993,4,2,18894.3,0.29,12,0.3333,2,2.0000,0,577,0.0076,0.1934,0,46931,0.6210,0.3951,0.6286,0.5885,1891,2398.0,,0.0000,
0001,千房直営,000004,第4エリア,113   ,ぷれじでんとRetreat,2026/08/01,土,土曜,,晴,35.0,28.0,計,84935,90000,0.9437,0.9437,11970,7.0957,6,3,14155.8,0.60,7,0.8571,3,2.0000,0,3971,0.0468,0.0468,0,25393,0.2990,0.2990,0.3457,0.3457,1018,5006.0,,0.0000,
0001,千房直営,000004,第4エリア,113   ,ぷれじでんとRetreat,2026/08/02,日,日祝,,曇,37.0,29.0,計,0,0,,0.9437,,,0,0,,0.00,0,,,,0,,,0.0468,0,0,,0.2990,,0.3457,0,,,,
0001,千房直営,000004,第4エリア,113   ,ぷれじでんとRetreat,2026/08/03,月,平日,,曇,38.0,28.0,計,94310,95000,0.9927,0.9689,38520,2.4483,4,1,23577.5,0.40,7,0.5714,2,2.0000,0,6647,0.0705,0.0592,0,22512,0.2387,0.2673,0.3092,0.3265,907,6238.8,,0.0000,
0001,千房直営,000004,第4エリア,113   ,ぷれじでんとRetreat,2026/08/04,火,平日,,晴,34.0,27.0,計,156094,95000,1.6431,1.1976,81300,1.9200,9,3,17343.8,0.90,7,1.2857,7,1.2857,0,9027,0.0578,0.0586,0,25763,0.1650,0.2197,0.2229,0.2783,1066,8785.8,,0.0000,
0001,千房直営,000004,第4エリア,113   ,ぷれじでんとRetreat,2026/08/05,水,平日,,晴,35.0,26.0,計,30120,95000,0.3171,0.9746,68090,0.4424,5,1,6024.0,0.50,7,0.7143,6,0.8333,0,10733,0.3563,0.0831,0,16990,0.5641,0.2481,0.9204,0.3312,697,2592.8,,0.0000,
0001,千房直営,000004,第4エリア,113   ,ぷれじでんとRetreat,2026/08/06,木,平日,,曇,35.0,28.0,計,119457,95000,1.2574,1.0317,97705,1.2226,6,2,19909.5,0.60,7,0.8571,8,0.7500,0,67125,0.5619,0.2011,0,16975,0.1421,0.2220,0.7040,0.4230,701,10224.6,,0.0000,
0001,千房直営,000004,第4エリア,113   ,ぷれじでんとRetreat,2026/08/07,金,平日,,曇,35.0,28.0,計,25090,100000,0.2509,0.8947,0,,2,1,12545.0,0.20,7,0.2857,0,,0,16850,0.6716,0.2242,0,19035,0.7587,0.2484,1.4303,0.4726,758,1986.0,,0.0000,
0001,千房直営,000004,第4エリア,113   ,ぷれじでんとRetreat,2026/08/08,土,土曜,,晴,35.0,26.0,計,44660,90000,0.4962,0.8404,34484,1.2951,4,2,11165.0,0.40,7,0.5714,2,2.0000,0,754,0.0169,0.2075,0,19014,0.4258,0.2626,0.4426,0.4702,768,3489.1,,0.0000,
0001,千房直営,000004,第4エリア,113   ,ぷれじでんとRetreat,2026/08/09,日,日祝,,晴,34.0,28.0,計,,0,,0.8404,44960,0.0000,,,,0,0,,4,0.0000,0,,,0.2075,0,0,,0.2626,,0.4702,0,,,,
0001,千房直営,000004,第4エリア,113   ,ぷれじでんとRetreat,2026/08/10,月,平日,,晴,35.0,27.0,計,33410,75000,0.4455,0.8001,,,5,2,6682.0,0.50,7,0.7143,,,0,,0.0000,0.1957,0,18549,0.5552,0.2793,0.5552,0.4750,761,2634.2,,0.0000,
0001,千房直営,000004,第4エリア,113   ,ぷれじでんとRetreat,2026/08/11,火,日祝,,晴,31.0,25.0,計,0,0,,0.8001,,,0,0,,0.00,0,,,,0,,,0.1957,0,0,,0.2793,,0.4750,0,,,,
0001,千房直営,000004,第4エリア,113   ,ぷれじでんとRetreat,2026/08/12,水,平日,,雨,26.0,23.0,計,52705,80000,0.6588,0.7862,90780,0.5806,4,1,13176.3,0.40,6,0.6667,10,0.4000,0,,0.0000,0.1796,0,16674,0.3164,0.2823,0.3164,0.4620,686,4609.8,,0.0000,
0001,千房直営,000004,第4エリア,113   ,ぷれじでんとRetreat,2026/08/13,木,平日,,曇,31.0,24.0,計,,0,,0.7862,,,,,,0,0,,,,0,,,0.1796,0,0,,0.2823,,0.4620,0,,,,
0001,千房直営,000004,第4エリア,113   ,ぷれじでんとRetreat,2026/08/14,金,平日,,曇,33.0,24.0,計,,0,,0.7862,0,,,,,0,0,,0,,0,,,0.1796,0,0,,0.2823,,0.4620,0,,,,
0001,千房直営,000004,第4エリア,113   ,ぷれじでんとRetreat,2026/08/15,土,土曜,,晴,32.0,26.0,計,,0,,0.7862,40260,0.0000,,,,0,0,,3,0.0000,0,,,0.1796,0,0,,0.2823,,0.4620,0,,,,
0001,千房直営,000004,第4エリア,113   ,ぷれじでんとRetreat,2026/08/16,日,日祝,,曇,32.0,26.0,計,,0,,0.7862,,,,,,0,0,,,,0,,,0.1796,0,0,,0.2823,,0.4620,0,,,,
0001,千房直営,000001,第1エリア,301   ,道頓堀ビル店,2026/08/01,土,土曜,,晴,36.0,29.0,計,1645418,2000000,0.8227,0.8227,1824722,0.9017,712,250,2311.0,3.85,0,,849,0.8386,0,657016,0.3993,0.3993,0,312388,0.1899,0.1899,0.5892,0.5892,13664,7225.2,,0.0000,
0001,千房直営,000001,第1エリア,301   ,道頓堀ビル店,2026/08/02,日,日祝,,曇,37.0,30.0,計,1611160,2000000,0.8056,0.8141,2020565,0.7974,704,243,2288.6,3.81,0,,906,0.7770,0,,0.0000,0.2018,0,299330,0.1858,0.1878,0.1858,0.3896,13183,7332.9,,0.0000,
0001,千房直営,000001,第1エリア,301   ,道頓堀ビル店,2026/08/03,月,平日,,曇,38.0,28.0,計,1340307,1800000,0.7446,0.7926,1720063,0.7792,561,191,2389.1,3.03,0,,808,0.6943,0,341155,0.2545,0.2171,0,269716,0.2012,0.1917,0.4558,0.4089,11955,6726.8,,0.0000,
0001,千房直営,000001,第1エリア,301   ,道頓堀ビル店,2026/08/04,火,平日,,晴,34.0,27.0,計,1246297,1800000,0.6924,0.7688,1440200,0.8654,596,202,2091.1,3.22,0,,657,0.9072,0,414043,0.3322,0.2417,0,268653,0.2156,0.1968,0.5478,0.4385,11814,6329.6,,0.0000,
0001,千房直営,000001,第1エリア,301   ,道頓堀ビル店,2026/08/05,水,平日,,晴,35.0,27.0,計,1208312,1800000,0.6713,0.7502,1438845,0.8398,510,193,2369.2,2.76,0,,657,0.7763,0,379522,0.3141,0.2541,0,243266,0.2013,0.1976,0.5154,0.4517,10890,6657.4,,0.0000,
0001,千房直営,000001,第1エリア,301   ,道頓堀ビル店,2026/08/06,木,平日,,曇,35.0,28.0,計,1091125,1800000,0.6062,0.7270,1513051,0.7211,456,157,2392.8,2.46,0,,692,0.6590,0,161144,0.1477,0.2398,0,255128,0.2338,0.2025,0.3815,0.4423,11325,5780.8,,0.0000,
0001,千房直営,000001,第1エリア,301   ,道頓堀ビル店,2026/08/07,金,平日,,曇,35.0,28.0,計,1299108,1800000,0.7217,0.7263,1185565,1.0958,569,205,2283.1,3.08,0,,556,1.0234,0,382206,0.2942,0.2473,0,276244,0.2126,0.2039,0.5068,0.4512,12069,6458.4,,0.0000,
0001,千房直営,000001,第1エリア,301   ,道頓堀ビル店,2026/08/08,土,土曜,,晴,34.0,27.0,計,1430800,1800000,0.7949,0.7346,1960835,0.7297,674,212,2122.8,3.64,0,,907,0.7431,0,594607,0.4156,0.2695,0,313598,0.2192,0.2059,0.6348,0.4753,13722,6256.2,,0.0000,
0001,千房直営,000001,第1エリア,301   ,道頓堀ビル店,2026/08/09,日,日祝,,晴,34.0,28.0,計,1769934,2000000,0.8850,0.7525,2250725,0.7864,767,270,2307.6,4.15,0,,1064,0.7209,0,,0.0000,0.2317,0,302467,0.1709,0.2010,0.1709,0.4327,13403,7923.3,,0.0000,
0001,千房直営,000001,第1エリア,301   ,道頓堀ビル店,2026/08/10,月,平日,,晴,35.0,28.0,計,1748338,2000000,0.8742,0.7655,2390814,0.7313,830,262,2106.4,4.49,0,,1144,0.7255,0,960006,0.5491,0.2703,0,341057,0.1951,0.2003,0.7442,0.4705,15129,6933.7,,0.0000,
0001,千房直営,000001,第1エリア,301   ,道頓堀ビル店,2026/08/11,火,日祝,,晴,31.0,25.0,計,2004058,2200000,0.9109,0.7807,2350556,0.8526,822,288,2438.0,4.44,0,,1089,0.7548,0,390751,0.1950,0.2611,0,316149,0.1578,0.1951,0.3527,0.4561,14091,8533.4,,0.0000,
0001,千房直営,000001,第1エリア,301   ,道頓堀ビル店,2026/08/12,水,平日,,雨,26.0,23.0,計,1695486,2200000,0.7707,0.7798,2251640,0.7530,683,242,2482.4,3.69,0,,956,0.7144,0,165285,0.0975,0.2458,0,320521,0.1890,0.1945,0.2865,0.4402,14217,7155.5,,0.0000,
0001,千房直営,000001,第1エリア,301   ,道頓堀ビル店,2026/08/13,木,平日,,曇,31.0,24.0,計,2014166,2200000,0.9155,0.7915,2218815,0.9078,791,270,2546.4,4.28,0,,965,0.8197,0,194780,0.0967,0.2308,0,340756,0.1692,0.1920,0.2659,0.4228,14984,8065.3,,0.0000,
0001,千房直営,000001,第1エリア,301   ,道頓堀ビル店,2026/08/14,金,平日,,曇,33.0,25.0,計,1971150,2200000,0.8960,0.7998,2197919,0.8968,785,284,2511.0,4.24,0,,913,0.8598,0,135650,0.0688,0.2164,0,329483,0.1672,0.1897,0.2360,0.4061,14458,8180.2,,0.0000,
0001,千房直営,000001,第1エリア,301   ,道頓堀ビル店,2026/08/15,土,土曜,,晴,32.0,26.0,計,1975107,2200000,0.8978,0.8071,2048581,0.9641,800,251,2468.9,4.32,0,,876,0.9132,0,30612,0.0155,0.1999,0,302960,0.1534,0.1868,0.1689,0.3866,13266,8933.1,,0.0000,
0001,千房直営,000001,第1エリア,301   ,道頓堀ビル店,2026/08/16,日,日祝,,曇,32.0,26.0,計,1547195,1600000,0.9670,0.8152,1707565,0.9061,601,205,2574.4,3.25,0,,713,0.8429,0,,0.0000,0.1878,0,282515,0.1826,0.1865,0.1826,0.3743,12371,7504.0,,0.0000,
0001,千房直営,600000,本社,333   ,検証,2026/08/01,土,土曜,,晴,36.0,29.0,計,,,,,,,,,,,,,,,,,,,,0,,,,,0,,,,
0001,千房直営,600000,本社,333   ,検証,2026/08/02,日,日祝,,曇,37.0,30.0,計,,,,,,,,,,,,,,,,,,,,0,,,,,0,,,,
0001,千房直営,600000,本社,333   ,検証,2026/08/03,月,平日,,曇,38.0,28.0,計,,,,,,,,,,,,,,,,,,,,0,,,,,0,,,,
0001,千房直営,600000,本社,333   ,検証,2026/08/04,火,平日,,晴,34.0,27.0,計,,,,,,,,,,,,,,,,,,,,0,,,,,0,,,,
0001,千房直営,600000,本社,333   ,検証,2026/08/05,水,平日,,晴,35.0,27.0,計,,,,,,,,,,,,,,,,,,,,0,,,,,0,,,,
0001,千房直営,600000,本社,333   ,検証,2026/08/06,木,平日,,曇,35.0,28.0,計,,,,,,,,,,,,,,,,,,,,0,,,,,0,,,,
0001,千房直営,600000,本社,333   ,検証,2026/08/07,金,平日,,曇,35.0,28.0,計,,,,,,,,,,,,,,,,,,,,0,,,,,0,,,,
0001,千房直営,600000,本社,333   ,検証,2026/08/08,土,土曜,,晴,34.0,27.0,計,,,,,,,,,,,,,,,,,,,,0,,,,,0,,,,
0001,千房直営,600000,本社,333   ,検証,2026/08/09,日,日祝,,晴,34.0,28.0,計,,,,,,,,,,,,,,,,,,,,0,,,,,0,,,,
0001,千房直営,600000,本社,333   ,検証,2026/08/10,月,平日,,晴,35.0,28.0,計,,,,,,,,,,,,,,,,,,,,0,,,,,0,,,,
0001,千房直営,600000,本社,333   ,検証,2026/08/11,火,日祝,,晴,31.0,25.0,計,,,,,,,,,,,,,,,,,,,,0,,,,,0,,,,
0001,千房直営,600000,本社,333   ,検証,2026/08/12,水,平日,,雨,26.0,23.0,計,,,,,,,,,,,,,,,,,,,,0,,,,,0,,,,
0001,千房直営,600000,本社,333   ,検証,2026/08/13,木,平日,,曇,31.0,24.0,計,,,,,,,,,,,,,,,,,,,,0,,,,,0,,,,
0001,千房直営,600000,本社,333   ,検証,2026/08/14,金,平日,,曇,33.0,25.0,計,,,,,,,,,,,,,,,,,,,,0,,,,,0,,,,
0001,千房直営,600000,本社,333   ,検証,2026/08/15,土,土曜,,晴,32.0,26.0,計,,,,,,,,,,,,,,,,,,,,0,,,,,0,,,,
0001,千房直営,600000,本社,333   ,検証,2026/08/16,日,日祝,,曇,32.0,26.0,計,,,,,,,,,,,,,,,,,,,,0,,,,,0,,,,
0001,千房直営,600000,本社,350   ,直営統括共通,2026/08/01,土,土曜,,晴,36.0,29.0,計,,,,,,,,,,,,,,,,,,,,0,,,,,0,,,,
0001,千房直営,600000,本社,350   ,直営統括共通,2026/08/02,日,日祝,,曇,37.0,30.0,計,,,,,,,,,,,,,,,,,,,,0,,,,,0,,,,
0001,千房直営,600000,本社,350   ,直営統括共通,2026/08/03,月,平日,,曇,38.0,28.0,計,,,,,,,,,,,,,,,,,,,,0,,,,,0,,,,
0001,千房直営,600000,本社,350   ,直営統括共通,2026/08/04,火,平日,,曇,34.0,27.0,計,,,,,,,,,,,,,,,,,,,,0,,,,,0,,,,
0001,千房直営,600000,本社,350   ,直営統括共通,2026/08/05,水,平日,,晴,36.0,27.0,計,,,,,,,,,,,,,,,,,,,,0,,,,,0,,,,
0001,千房直営,600000,本社,350   ,直営統括共通,2026/08/06,木,平日,,曇,35.0,28.0,計,,,,,,,,,,,,,,,,,,,,0,,,,,0,,,,
0001,千房直営,600000,本社,350   ,直営統括共通,2026/08/07,金,平日,,曇,35.0,28.0,計,,,,,,,,,,,,,,,,,,,,0,,,,,0,,,,
0001,千房直営,600000,本社,350   ,直営統括共通,2026/08/08,土,土曜,,晴,35.0,27.0,計,,,,,,,,,,,,,,,,,,,,0,,,,,0,,,,
0001,千房直営,600000,本社,350   ,直営統括共通,2026/08/09,日,日祝,,晴,34.0,28.0,計,,,,,,,,,,,,,,,,,,,,0,,,,,0,,,,
0001,千房直営,600000,本社,350   ,直営統括共通,2026/08/10,月,平日,,晴,35.0,28.0,計,,,,,,,,,,,,,,,,,,,,0,,,,,0,,,,
0001,千房直営,600000,本社,350   ,直営統括共通,2026/08/11,火,日祝,,晴,31.0,25.0,計,,,,,,,,,,,,,,,,,,,,0,,,,,0,,,,
0001,千房直営,600000,本社,350   ,直営統括共通,2026/08/12,水,平日,,雨,26.0,23.0,計,,,,,,,,,,,,,,,,,,,,0,,,,,0,,,,
0001,千房直営,600000,本社,350   ,直営統括共通,2026/08/13,木,平日,,曇,31.0,24.0,計,,,,,,,,,,,,,,,,,,,,0,,,,,0,,,,
0001,千房直営,600000,本社,350   ,直営統括共通,2026/08/14,金,平日,,曇,33.0,25.0,計,,,,,,,,,,,,,,,,,,,,0,,,,,0,,,,
0001,千房直営,600000,本社,350   ,直営統括共通,2026/08/15,土,土曜,,曇,32.0,26.0,計,,,,,,,,,,,,,,,,,,,,0,,,,,0,,,,
0001,千房直営,600000,本社,350   ,直営統括共通,2026/08/16,日,日祝,,曇,32.0,27.0,計,,,,,,,,,,,,,,,,,,,,0,,,,,0,,,,
0001,千房直営,600000,本社,352   ,商品企画,2026/08/01,土,土曜,,晴,36.0,29.0,計,,,,,,,,,,,,,,,,,,,,0,,,,,0,,,,
0001,千房直営,600000,本社,352   ,商品企画,2026/08/02,日,日祝,,曇,37.0,30.0,計,,,,,,,,,,,,,,,,,,,,0,,,,,0,,,,
0001,千房直営,600000,本社,352   ,商品企画,2026/08/03,月,平日,,曇,38.0,28.0,計,,,,,,,,,,,,,,,,,,,,0,,,,,0,,,,
0001,千房直営,600000,本社,352   ,商品企画,2026/08/04,火,平日,,曇,34.0,27.0,計,,,,,,,,,,,,,,,,,,,,0,,,,,0,,,,
0001,千房直営,600000,本社,352   ,商品企画,2026/08/05,水,平日,,晴,36.0,27.0,計,,,,,,,,,,,,,,,,,,,,0,,,,,0,,,,
0001,千房直営,600000,本社,352   ,商品企画,2026/08/06,木,平日,,曇,35.0,28.0,計,,,,,,,,,,,,,,,,,,,,0,,,,,0,,,,
0001,千房直営,600000,本社,352   ,商品企画,2026/08/07,金,平日,,曇,35.0,28.0,計,,,,,,,,,,,,,,,,,,,,0,,,,,0,,,,
0001,千房直営,600000,本社,352   ,商品企画,2026/08/08,土,土曜,,晴,35.0,27.0,計,,,,,,,,,,,,,,,,,,,,0,,,,,0,,,,
0001,千房直営,600000,本社,352   ,商品企画,2026/08/09,日,日祝,,晴,34.0,28.0,計,,,,,,,,,,,,,,,,,,,,0,,,,,0,,,,
0001,千房直営,600000,本社,352   ,商品企画,2026/08/10,月,平日,,晴,35.0,28.0,計,,,,,,,,,,,,,,,,,,,,0,,,,,0,,,,
0001,千房直営,600000,本社,352   ,商品企画,2026/08/11,火,日祝,,晴,31.0,25.0,計,,,,,,,,,,,,,,,,,,,,0,,,,,0,,,,
0001,千房直営,600000,本社,352   ,商品企画,2026/08/12,水,平日,,雨,26.0,23.0,計,,,,,,,,,,,,,,,,,,,,0,,,,,0,,,,
0001,千房直営,600000,本社,352   ,商品企画,2026/08/13,木,平日,,曇,31.0,24.0,計,,,,,,,,,,,,,,,,,,,,0,,,,,0,,,,
0001,千房直営,600000,本社,352   ,商品企画,2026/08/14,金,平日,,曇,33.0,25.0,計,,,,,,,,,,,,,,,,,,,,0,,,,,0,,,,
0001,千房直営,600000,本社,352   ,商品企画,2026/08/15,土,土曜,,曇,32.0,26.0,計,,,,,,,,,,,,,,,,,,,,0,,,,,0,,,,
0001,千房直営,600000,本社,352   ,商品企画,2026/08/16,日,日祝,,曇,32.0,27.0,計,,,,,,,,,,,,,,,,,,,,0,,,,,0,,,,
0001,千房直営,000001,第1エリア,702   ,Chibo`s Kitchen ららぽーと甲子園店,2026/08/01,土,土曜,,晴,35.0,28.0,計,184514,250000,0.7381,0.7381,222769,0.8283,152,152,1213.9,,0,,203,0.7488,0,53064,0.2876,0.2876,0,52277,0.2833,0.2833,0.5709,0.5709,2415,4584.2,,0.0000,
0001,千房直営,000001,第1エリア,702   ,Chibo`s Kitchen ららぽーと甲子園店,2026/08/02,日,日祝,,晴,36.0,30.0,計,209994,300000,0.7000,0.7173,227886,0.9215,204,204,1029.4,,0,,231,0.8831,0,,0.0000,0.1345,0,59057,0.2812,0.2822,0.2812,0.4167,2757,4570.1,,0.0000,
0001,千房直営,000001,第1エリア,702   ,Chibo`s Kitchen ららぽーと甲子園店,2026/08/03,月,平日,,曇,37.0,28.0,計,97939,120000,0.8162,0.7350,127792,0.7664,120,120,816.2,,0,,160,0.7500,0,175487,1.7918,0.4641,0,40804,0.4166,0.3089,2.2084,0.7731,1649,3563.6,,0.0000,
0001,千房直営,000001,第1エリア,702   ,Chibo`s Kitchen ららぽーと甲子園店,2026/08/04,火,平日,,晴,33.0,27.0,計,111058,120000,0.9255,0.7639,151629,0.7324,115,115,965.7,,0,,140,0.8214,0,15007,0.1351,0.4036,0,40720,0.3667,0.3196,0.5018,0.7231,1705,3908.2,,0.0000,
0001,千房直営,000001,第1エリア,702   ,Chibo`s Kitchen ららぽーと甲子園店,2026/08/05,水,平日,,晴,35.0,27.0,計,143244,200000,0.7162,0.7543,198184,0.7228,126,126,1136.9,,0,,204,0.6176,0,50950,0.3557,0.3944,0,53286,0.3720,0.3296,0.7277,0.7240,2325,3696.6,,0.0000,
0001,千房直営,000001,第1エリア,702   ,Chibo`s Kitchen ららぽーと甲子園店,2026/08/06,木,平日,,曇,34.0,28.0,計,173466,200000,0.8673,0.7733,201719,0.8599,159,159,1091.0,,0,,191,0.8325,0,9629,0.0555,0.3305,0,48297,0.2784,0.3200,0.3339,0.6505,2027,5134.7,,0.0000,
0001,千房直営,000001,第1エリア,702   ,Chibo`s Kitchen ららぽーと甲子園店,2026/08/07,金,平日,,曇,35.0,29.0,計,214957,200000,1.0748,0.8167,231534,0.9284,189,189,1137.3,,0,,231,0.8182,0,146381,0.6810,0.3969,0,59823,0.2783,0.3121,0.9593,0.7090,2638,4889.1,,0.0000,
0001,千房直営,000001,第1エリア,702   ,Chibo`s Kitchen ららぽーと甲子園店,2026/08/08,土,土曜,,晴,33.0,27.0,計,278239,300000,0.9275,0.8363,327728,0.8490,231,231,1204.5,,0,,315,0.7333,0,73812,0.2653,0.3710,0,56800,0.2041,0.2908,0.4694,0.6618,2458,6791.8,,0.0000,
0001,千房直営,000001,第1エリア,702   ,Chibo`s Kitchen ららぽーと甲子園店,2026/08/09,日,日祝,,晴,33.0,28.0,計,383985,300000,1.2800,0.9032,303544,1.2650,300,300,1280.0,,0,,267,1.1236,0,50950,0.1327,0.3201,0,75607,0.1969,0.2708,0.3296,0.5908,3349,6879.4,,0.0000,
0001,千房直営,000001,第1エリア,702   ,Chibo`s Kitchen ららぽーと甲子園店,2026/08/10,月,平日,,晴,34.0,27.0,計,340130,200000,1.7007,0.9760,334745,1.0161,270,270,1259.7,,0,,307,0.8795,0,68250,0.2007,0.3011,0,53584,0.1575,0.2527,0.3582,0.5538,2339,8725.0,,0.0000,
0001,千房直営,000001,第1エリア,702   ,Chibo`s Kitchen ららぽーと甲子園店,2026/08/11,火,日祝,,晴,31.0,25.0,計,370558,300000,1.2352,1.0073,305414,1.2133,299,299,1239.3,,0,,269,1.1115,0,14742,0.0398,0.2625,0,76210,0.2057,0.2458,0.2454,0.5083,3247,6847.4,,0.0000,
0001,千房直営,000001,第1エリア,702   ,Chibo`s Kitchen ららぽーと甲子園店,2026/08/12,水,平日,,雨,27.0,23.0,計,314709,200000,1.5735,1.0494,327304,0.9615,241,241,1305.8,,0,,291,0.8282,0,,0.0000,0.2332,0,59066,0.1877,0.2393,0.1877,0.4725,2556,7387.5,,0.0000,
0001,千房直営,000001,第1エリア,702   ,Chibo`s Kitchen ららぽーと甲子園店,2026/08/13,木,平日,,曇,31.0,24.0,計,280802,200000,1.4040,1.0739,332664,0.8441,235,235,1194.9,,0,,289,0.8131,0,313822,1.1176,0.3132,0,55841,0.1989,0.2357,1.3165,0.5489,2332,7224.8,,0.0000,
0001,千房直営,000001,第1エリア,702   ,Chibo`s Kitchen ららぽーと甲子園店,2026/08/14,金,平日,,曇,32.0,25.0,計,341699,200000,1.7085,1.1150,321857,1.0616,281,281,1216.0,,0,,276,1.0181,0,2884,0.0084,0.2830,0,66737,0.1953,0.2317,0.2037,0.5146,2882,7113.8,,0.0000,
0001,千房直営,000001,第1エリア,702   ,Chibo`s Kitchen ららぽーと甲子園店,2026/08/15,土,土曜,,晴,32.0,27.0,計,309638,250000,1.2386,1.1242,356315,0.8690,269,269,1151.1,,0,,314,0.8567,0,30933,0.0999,0.2679,0,58436,0.1887,0.2281,0.2886,0.4960,2561,7254.3,,0.0000,
0001,千房直営,000001,第1エリア,702   ,Chibo`s Kitchen ららぽーと甲子園店,2026/08/16,日,日祝,,曇,31.0,27.0,計,236729,300000,0.7891,1.0966,304905,0.7764,230,230,1029.3,,0,,273,0.8425,0,,0.0000,0.2520,0,60766,0.2567,0.2298,0.2567,0.4818,2704,5252.9,,0.0000,
0001,千房直営,040000,ODEN事業部,704   ,すみ吉 心斎橋,2026/08/01,土,土曜,,晴,36.0,29.0,計,151548,130000,1.1658,1.1658,74070,2.0460,23,9,6589.0,1.35,0,,11,2.0909,0,23260,0.1535,0.1535,0,50527,0.3334,0.3334,0.4869,0.4869,1931,4708.9,,0.0000,
0001,千房直営,040000,ODEN事業部,704   ,すみ吉 心斎橋,2026/08/02,日,日祝,,曇,37.0,30.0,計,89310,110000,0.8119,1.0036,61404,1.4545,13,6,6870.0,0.76,0,,13,1.0000,0,,0.0000,0.0966,0,46570,0.5214,0.4031,0.5214,0.4997,1586,3378.7,,0.0000,
0001,千房直営,040000,ODEN事業部,704   ,すみ吉 心斎橋,2026/08/03,月,平日,,曇,38.0,28.0,計,39799,110000,0.3618,0.8019,155100,0.2566,8,4,4974.9,0.47,0,,18,0.4444,0,17472,0.4390,0.1451,0,42755,1.0743,0.4983,1.5133,0.6434,1481,1612.4,,0.0000,
0001,千房直営,040000,ODEN事業部,704   ,すみ吉 心斎橋,2026/08/04,火,平日,,晴,34.0,27.0,計,74244,110000,0.6749,0.7715,92332,0.8041,14,9,5303.1,0.82,0,,8,1.7500,0,2215,0.0298,0.1210,0,43076,0.5802,0.5154,0.6100,0.6364,1552,2870.3,,0.0000,
0001,千房直営,040000,ODEN事業部,704   ,すみ吉 心斎橋,2026/08/05,水,平日,,晴,35.0,27.0,計,,0,,0.7715,,,,,,0,0,,,,0,,,0.1210,0,0,,0.5154,,0.6364,0,,,,
0001,千房直営,040000,ODEN事業部,704   ,すみ吉 心斎橋,2026/08/06,木,平日,,曇,35.0,28.0,計,53720,110000,0.4884,0.7169,29347,1.8305,9,4,5968.9,0.53,0,,9,1.0000,0,13266,0.2469,0.1376,0,50261,0.9356,0.5707,1.1826,0.7082,1840,1751.7,,0.0000,
0001,千房直営,040000,ODEN事業部,704   ,すみ吉 心斎橋,2026/08/07,金,平日,,曇,35.0,28.0,計,49954,120000,0.4163,0.6646,142802,0.3498,8,5,6244.3,0.47,0,,13,0.6154,0,21702,0.4344,0.1699,0,46234,0.9255,0.6093,1.3600,0.7792,1776,1687.6,,0.0000,
0001,千房直営,040000,ODEN事業部,704   ,すみ吉 心斎橋,2026/08/08,土,土曜,,晴,34.0,27.0,計,56480,130000,0.4345,0.6281,56089,1.0070,9,4,6275.6,0.53,0,,11,0.8182,0,,0.0000,0.1513,0,41777,0.7397,0.6236,0.7397,0.7749,1445,2345.2,,0.0000,
0001,千房直営,040000,ODEN事業部,704   ,すみ吉 心斎橋,2026/08/09,日,日祝,,晴,34.0,28.0,計,143270,110000,1.3025,0.7079,49803,2.8767,19,6,7540.5,1.12,0,,16,1.1875,0,,0.0000,0.1184,0,50672,0.3537,0.5649,0.3537,0.6832,1858,4626.6,,0.0000,
0001,千房直営,040000,ODEN事業部,704   ,すみ吉 心斎橋,2026/08/10,月,平日,,晴,35.0,28.0,計,104115,100000,1.0412,0.7402,181911,0.5723,14,7,7436.8,0.82,0,,24,0.5833,0,13860,0.1331,0.1204,0,43216,0.4151,0.5444,0.5482,0.6648,1625,3844.2,,0.0000,
0001,千房直営,040000,ODEN事業部,704   ,すみ吉 心斎橋,2026/08/11,火,日祝,,晴,31.0,25.0,計,100572,90000,1.1175,0.7705,204915,0.4908,22,10,4571.5,1.29,0,,24,0.9167,0,9700,0.0964,0.1176,0,38812,0.3859,0.5259,0.4824,0.6435,1475,4091.1,,0.0000,
0001,千房直営,040000,ODEN事業部,704   ,すみ吉 心斎橋,2026/08/12,水,平日,,雨,26.0,23.0,計,,0,,0.7705,,,,,,0,0,,,,0,,,0.1176,0,0,,0.5259,,0.6435,0,,,,
0001,千房直営,040000,ODEN事業部,704   ,すみ吉 心斎橋,2026/08/13,木,平日,,曇,31.0,24.0,計,123046,120000,1.0254,0.7952,90041,1.3666,15,6,8203.1,0.88,0,,14,1.0714,0,2150,0.0175,0.1051,0,36481,0.2965,0.4973,0.3140,0.6024,1177,6272.5,,0.0000,
0001,千房直営,040000,ODEN事業部,704   ,すみ吉 心斎橋,2026/08/14,金,平日,,曇,33.0,25.0,計,125653,130000,0.9666,0.8115,203922,0.6162,19,8,6613.3,1.12,0,,22,0.8636,0,3476,0.0277,0.0963,0,33051,0.2630,0.4708,0.2907,0.5672,1063,7092.4,,0.0000,
0001,千房直営,040000,ODEN事業部,704   ,すみ吉 心斎橋,2026/08/15,土,土曜,,晴,32.0,26.0,計,140107,130000,1.0777,0.8345,134108,1.0447,21,12,6671.8,1.24,0,,18,1.1667,0,,0.0000,0.0856,0,48559,0.3466,0.4569,0.3466,0.5425,1693,4965.4,,0.0000,
0001,千房直営,040000,ODEN事業部,704   ,すみ吉 心斎橋,2026/08/16,日,日祝,,曇,32.0,26.0,計,93674,100000,0.9367,0.8409,90551,1.0345,16,8,5854.6,0.94,0,,16,1.0000,0,,0.0000,0.0796,0,47669,0.5089,0.4605,0.5089,0.5401,1661,3383.8,,0.0000,
0001,千房直営,030000,キッチンカー,800   ,キッチンカー,2026/08/01,土,土曜,,晴,36.0,29.0,計,,,,,,,,,,,,,,,,,,,,0,,,,,0,,,,
0001,千房直営,030000,キッチンカー,800   ,キッチンカー,2026/08/02,日,日祝,,曇,37.0,30.0,計,,,,,,,,,,,,,,,,,,,,0,,,,,0,,,,
0001,千房直営,030000,キッチンカー,800   ,キッチンカー,2026/08/03,月,平日,,曇,38.0,28.0,計,,,,,,,,,,,,,,,,,,,,0,,,,,0,,,,
0001,千房直営,030000,キッチンカー,800   ,キッチンカー,2026/08/04,火,平日,,晴,34.0,27.0,計,,,,,,,,,,,,,,,,,,,,0,,,,,0,,,,
0001,千房直営,030000,キッチンカー,800   ,キッチンカー,2026/08/05,水,平日,,晴,35.0,27.0,計,,,,,,,,,,,,,,,,,,,,0,,,,,0,,,,
0001,千房直営,030000,キッチンカー,800   ,キッチンカー,2026/08/06,木,平日,,曇,35.0,28.0,計,,,,,,,,,,,,,,,,,,,,0,,,,,0,,,,
0001,千房直営,030000,キッチンカー,800   ,キッチンカー,2026/08/07,金,平日,,曇,35.0,28.0,計,,,,,,,,,,,,,,,,,,,,0,,,,,0,,,,
0001,千房直営,030000,キッチンカー,800   ,キッチンカー,2026/08/08,土,土曜,,晴,34.0,27.0,計,,,,,,,,,,,,,,,,,,,,0,,,,,0,,,,
0001,千房直営,030000,キッチンカー,800   ,キッチンカー,2026/08/09,日,日祝,,晴,34.0,28.0,計,,,,,,,,,,,,,,,,,,,,0,,,,,0,,,,
0001,千房直営,030000,キッチンカー,800   ,キッチンカー,2026/08/10,月,平日,,晴,35.0,28.0,計,,,,,,,,,,,,,,,,,,,,0,,,,,0,,,,
0001,千房直営,030000,キッチンカー,800   ,キッチンカー,2026/08/11,火,日祝,,晴,31.0,25.0,計,,,,,,,,,,,,,,,,,,,,0,,,,,0,,,,
0001,千房直営,030000,キッチンカー,800   ,キッチンカー,2026/08/12,水,平日,,雨,26.0,23.0,計,,,,,,,,,,,,,,,,,,,,0,,,,,0,,,,
0001,千房直営,030000,キッチンカー,800   ,キッチンカー,2026/08/13,木,平日,,曇,31.0,24.0,計,,,,,,,,,,,,,,,,,,,,0,,,,,0,,,,
0001,千房直営,030000,キッチンカー,800   ,キッチンカー,2026/08/14,金,平日,,曇,33.0,25.0,計,,,,,,,,,,,,,,,,,,,,0,,,,,0,,,,
0001,千房直営,030000,キッチンカー,800   ,キッチンカー,2026/08/15,土,土曜,,晴,32.0,26.0,計,,,,,,,,,,,,,,,,,,,,0,,,,,0,,,,
0001,千房直営,030000,キッチンカー,800   ,キッチンカー,2026/08/16,日,日祝,,曇,32.0,26.0,計,,,,,,,,,,,,,,,,,,,,0,,,,,0,,,,
0002,千房FC,500002,FC第2エリア,515   ,大和郡山店,2026/08/01,土,土曜,,曇,36.0,26.0,計,,110000,0.0000,0.0000,,,,,,0,59,0.0000,,,0,,,,,0,,,,,0,,,,
0002,千房FC,500002,FC第2エリア,515   ,大和郡山店,2026/08/02,日,日祝,,曇,36.0,27.0,計,,110000,0.0000,0.0000,,,,,,0,59,0.0000,,,0,,,,,0,,,,,0,,,,
0002,千房FC,500002,FC第2エリア,515   ,大和郡山店,2026/08/03,月,平日,休,曇,37.0,28.0,計,,0,,0.0000,,,,,,0,0,,,,0,,,,,0,,,,,0,,,,
0002,千房FC,500002,FC第2エリア,515   ,大和郡山店,2026/08/04,火,平日,,晴,35.0,27.0,計,,50000,0.0000,0.0000,,,,,,0,26,0.0000,,,0,10425,,,,0,,,,,0,,,,
0002,千房FC,500002,FC第2エリア,515   ,大和郡山店,2026/08/05,水,平日,,晴,35.0,24.0,計,,50000,0.0000,0.0000,,,,,,0,26,0.0000,,,0,,,,,0,,,,,0,,,,
0002,千房FC,500002,FC第2エリア,515   ,大和郡山店,2026/08/06,木,平日,,曇,33.0,27.0,計,,50000,0.0000,0.0000,,,,,,0,26,0.0000,,,0,,,,,0,,,,,0,,,,
0002,千房FC,500002,FC第2エリア,515   ,大和郡山店,2026/08/07,金,平日,,晴,34.0,27.0,計,,50000,0.0000,0.0000,,,,,,0,26,0.0000,,,0,,,,,0,,,,,0,,,,
0002,千房FC,500002,FC第2エリア,515   ,大和郡山店,2026/08/08,土,土曜,,晴,36.0,25.0,計,,110000,0.0000,0.0000,,,,,,0,59,0.0000,,,0,,,,,0,,,,,0,,,,
0002,千房FC,500002,FC第2エリア,515   ,大和郡山店,2026/08/09,日,日祝,,曇,34.0,26.0,計,,110000,0.0000,0.0000,,,,,,0,59,0.0000,,,0,,,,,0,,,,,0,,,,
0002,千房FC,500002,FC第2エリア,515   ,大和郡山店,2026/08/10,月,平日,休,晴,35.0,26.0,計,,0,,0.0000,,,,,,0,0,,,,0,,,,,0,,,,,0,,,,
0002,千房FC,500002,FC第2エリア,515   ,大和郡山店,2026/08/11,火,日祝,,晴,31.0,22.0,計,,110000,0.0000,0.0000,,,,,,0,59,0.0000,,,0,,,,,0,,,,,0,,,,
0002,千房FC,500002,FC第2エリア,515   ,大和郡山店,2026/08/12,水,平日,,雨,25.0,22.0,計,,70000,0.0000,0.0000,,,,,,0,37,0.0000,,,0,,,,,0,,,,,0,,,,
0002,千房FC,500002,FC第2エリア,515   ,大和郡山店,2026/08/13,木,平日,,曇,32.0,23.0,計,,70000,0.0000,0.0000,,,,,,0,37,0.0000,,,0,,,,,0,,,,,0,,,,
0002,千房FC,500002,FC第2エリア,515   ,大和郡山店,2026/08/14,金,平日,,雨,32.0,23.0,計,,130000,0.0000,0.0000,,,,,,0,68,0.0000,,,0,,,,,0,,,,,0,,,,
0002,千房FC,500002,FC第2エリア,515   ,大和郡山店,2026/08/15,土,土曜,,晴,32.0,24.0,計,,130000,0.0000,0.0000,,,,,,0,70,0.0000,,,0,,,,,0,,,,,0,,,,
0002,千房FC,500002,FC第2エリア,515   ,大和郡山店,2026/08/16,日,日祝,,曇,31.0,25.0,計,,130000,0.0000,0.0000,,,,,,0,70,0.0000,,,0,,,,,0,,,,,0,,,,
0002,千房FC,500003,FC第3エリア,516   ,阪急服部店,2026/08/01,土,土曜,,晴,35.0,27.0,計,152005,110000,1.3819,1.3819,134768,1.1279,55,21,2763.7,1.28,68,0.8088,61,0.9016,0,12818,0.0843,0.0843,,0,0.0000,0.0000,0.0843,0.0843,0,,,0.0000,
0002,千房FC,500003,FC第3エリア,516   ,阪急服部店,2026/08/02,日,日祝,,晴,37.0,29.0,計,152403,120000,1.2700,1.3235,105084,1.4503,68,26,2241.2,1.58,76,0.8947,50,1.3600,0,,0.0000,0.0421,,0,0.0000,0.0000,0.0000,0.0421,0,,,0.0000,
0002,千房FC,500003,FC第3エリア,516   ,阪急服部店,2026/08/03,月,平日,,曇,37.0,27.0,計,77903,60000,1.2984,1.3183,84048,0.9269,34,12,2291.3,0.79,39,0.8718,40,0.8500,0,,0.0000,0.0335,,0,0.0000,0.0000,0.0000,0.0335,0,,,0.0000,
0002,千房FC,500003,FC第3エリア,516   ,阪急服部店,2026/08/04,火,平日,,晴,34.0,26.0,計,47956,60000,0.7993,1.2293,74186,0.6464,22,13,2179.8,0.51,39,0.5641,43,0.5116,0,8851,0.1846,0.0504,,0,0.0000,0.0000,0.1846,0.0504,0,,,0.0000,
0002,千房FC,500003,FC第3エリア,516   ,阪急服部店,2026/08/05,水,平日,,晴,36.0,27.0,計,98995,60000,1.6499,1.2909,,,45,23,2199.9,1.05,39,1.1538,,,0,,0.0000,0.0409,,0,0.0000,0.0000,0.0000,0.0409,0,,,0.0000,
0002,千房FC,500003,FC第3エリア,516   ,阪急服部店,2026/08/06,木,平日,,晴,34.0,28.0,計,66209,60000,1.1035,1.2670,27182,2.4358,34,16,1947.3,0.79,39,0.8718,16,2.1250,0,50121,0.7570,0.1206,,0,0.0000,0.0000,0.7570,0.1206,0,,,0.0000,
0002,千房FC,500003,FC第3エリア,516   ,阪急服部店,2026/08/07,金,平日,,曇,36.0,28.0,計,126914,60000,2.1152,1.3630,66780,1.9005,31,19,4094.0,0.72,39,0.7949,29,1.0690,0,53186,0.4191,0.1730,,0,0.0000,0.0000,0.4191,0.1730,0,,,0.0000,
0002,千房FC,500003,FC第3エリア,516   ,阪急服部店,2026/08/08,土,土曜,,晴,35.0,27.0,計,117200,120000,0.9767,1.2917,125141,0.9365,53,23,2211.3,1.23,75,0.7067,57,0.9298,0,27608,0.2356,0.1817,,0,0.0000,0.0000,0.2356,0.1817,0,,,0.0000,
0002,千房FC,500003,FC第3エリア,516   ,阪急服部店,2026/08/09,日,日祝,,曇,34.0,27.0,計,156123,120000,1.3010,1.2931,109550,1.4251,64,29,2439.4,1.49,76,0.8421,54,1.1852,0,,0.0000,0.1532,,0,0.0000,0.0000,0.0000,0.1532,0,,,0.0000,
0002,千房FC,500003,FC第3エリア,516   ,阪急服部店,2026/08/10,月,平日,,晴,34.0,26.0,計,116613,60000,1.9436,1.3401,132827,0.8779,57,27,2045.8,1.33,39,1.4615,61,0.9344,0,66420,0.5696,0.1969,,0,0.0000,0.0000,0.5696,0.1969,0,,,0.0000,
0002,千房FC,500003,FC第3エリア,516   ,阪急服部店,2026/08/11,火,日祝,,晴,30.0,24.0,計,193097,120000,1.6091,1.3741,131094,1.4730,85,35,2271.7,1.98,76,1.1184,58,1.4655,0,,0.0000,0.1678,,0,0.0000,0.0000,0.0000,0.1678,0,,,0.0000,
0002,千房FC,500003,FC第3エリア,516   ,阪急服部店,2026/08/12,水,平日,,雨,26.0,22.0,計,74466,64644,1.1519,1.3600,150664,0.4943,37,15,2012.6,0.86,42,0.8810,69,0.5362,0,,0.0000,0.1587,,0,0.0000,0.0000,0.0000,0.1587,0,,,0.0000,
0002,千房FC,500003,FC第3エリア,516   ,阪急服部店,2026/08/13,木,平日,,曇,30.0,23.0,計,92800,60000,1.5467,1.3704,117066,0.7927,48,16,1933.3,1.12,39,1.2308,68,0.7059,0,32073,0.3456,0.1705,,0,0.0000,0.0000,0.3456,0.1705,0,,,0.0000,
0002,千房FC,500003,FC第3エリア,516   ,阪急服部店,2026/08/14,金,平日,,曇,33.0,23.0,計,123819,70000,1.7688,1.3948,151667,0.8164,59,28,2098.6,1.37,45,1.3111,74,0.7973,0,,0.0000,0.1573,,0,0.0000,0.0000,0.0000,0.1573,0,,,0.0000,
0002,千房FC,500003,FC第3エリア,516   ,阪急服部店,2026/08/15,土,土曜,,晴,32.0,25.0,計,147106,130000,1.1316,1.3679,194062,0.7580,57,24,2580.8,1.33,81,0.7037,82,0.6951,0,,0.0000,0.1440,,0,0.0000,0.0000,0.0000,0.1440,0,,,0.0000,
0002,千房FC,500003,FC第3エリア,516   ,阪急服部店,2026/08/16,日,日祝,,曇,31.0,26.0,計,153097,130000,1.1777,1.3503,111326,1.3752,68,26,2251.4,1.58,82,0.8293,55,1.2364,0,,0.0000,0.1324,,0,0.0000,0.0000,0.0000,0.1324,0,,,0.0000,
0002,千房FC,500003,FC第3エリア,522   ,金剛店,2026/08/01,土,土曜,,晴,35.0,27.0,計,182961,190000,0.9630,0.9630,136459,1.3408,102,44,1793.7,2.32,102,1.0000,70,1.4571,3599,8850,0.0484,0.0484,,36428,0.1991,0.1991,0.2475,0.2475,1673,6561.7,,0.0000,
0002,千房FC,500003,FC第3エリア,522   ,金剛店,2026/08/02,日,日祝,,曇,36.0,28.0,計,162081,200000,0.8104,0.8847,151190,1.0720,86,36,1884.7,1.95,111,0.7748,88,0.9773,3599,11000,0.0679,0.0575,,40421,0.2494,0.2227,0.3173,0.2803,1941,5010.2,,0.0000,
0002,千房FC,500003,FC第3エリア,522   ,金剛店,2026/08/03,月,平日,,曇,36.0,27.0,計,77316,80000,0.9665,0.8986,63268,1.2220,41,23,1885.8,0.93,41,1.0000,38,1.0789,1800,14760,0.1909,0.0819,,25928,0.3354,0.2433,0.5263,0.3253,1222,3796.2,,0.0000,
0002,千房FC,500003,FC第3エリア,522   ,金剛店,2026/08/04,火,平日,休,晴,34.0,27.0,計,,0,,0.8986,,,,,,0,0,,,,0,15800,,0.1194,,0,,0.2433,,0.3627,0,,,,
0002,千房FC,500003,FC第3エリア,522   ,金剛店,2026/08/05,水,平日,,晴,35.0,25.0,計,102654,80000,1.2832,0.9546,144275,0.7115,54,22,1901.0,1.23,41,1.3171,79,0.6835,1800,58229,0.5672,0.2069,,24789,0.2415,0.2430,0.8087,0.4499,1187,5188.9,,0.0000,
0002,千房FC,500003,FC第3エリア,522   ,金剛店,2026/08/06,木,平日,,曇,34.0,27.0,計,134782,80000,1.6848,1.0473,86538,1.5575,70,37,1925.5,1.59,41,1.7073,55,1.2727,1800,,0.0000,0.1647,,25359,0.1881,0.2318,0.1881,0.3964,1197,6756.0,,0.0000,
0002,千房FC,500003,FC第3エリア,522   ,金剛店,2026/08/07,金,平日,,晴,35.0,27.0,計,100233,80000,1.2529,1.0705,109890,0.9121,46,23,2179.0,1.05,41,1.1220,62,0.7419,1800,44026,0.4392,0.2009,,25392,0.2533,0.2346,0.6926,0.4355,1200,5011.7,,0.0000,
0002,千房FC,500003,FC第3エリア,522   ,金剛店,2026/08/08,土,土曜,,晴,35.0,25.0,計,180638,200000,0.9032,1.0337,220930,0.8176,96,38,1881.6,2.18,108,0.8889,107,0.8972,3599,23256,0.1287,0.1870,,44857,0.2483,0.2373,0.3771,0.4243,2142,5059.9,,0.0000,
0002,千房FC,500003,FC第3エリア,522   ,金剛店,2026/08/09,日,日祝,,曇,34.0,26.0,計,239667,230000,1.0420,1.0354,215496,1.1122,126,45,1902.1,2.86,128,0.9844,122,1.0328,3599,,0.0000,0.1490,,44841,0.1871,0.2271,0.1871,0.3761,2133,6741.7,,0.0000,
0002,千房FC,500003,FC第3エリア,522   ,金剛店,2026/08/10,月,平日,休,曇,34.0,26.0,計,,0,,1.0354,142329,0.0000,,,,0,0,,80,0.0000,1800,21700,,0.1674,,0,,0.2271,,0.3945,0,,,,
0002,千房FC,500003,FC第3エリア,522   ,金剛店,2026/08/11,火,日祝,,晴,31.0,23.0,計,298305,180000,1.6573,1.1202,,,150,54,1988.7,3.41,100,1.5000,,,0,13907,0.0466,0.1431,,47789,0.1602,0.2136,0.2068,0.3566,2207,8109.8,,0.0000,
0002,千房FC,500003,FC第3エリア,522   ,金剛店,2026/08/12,水,平日,,曇,25.0,22.0,計,190242,80000,2.3780,1.1921,188250,1.0106,96,35,1981.7,2.18,40,2.4000,102,0.9412,1800,12134,0.0638,0.1340,,35569,0.1870,0.2105,0.2507,0.3446,1686,6770.2,,0.0000,
0002,千房FC,500003,FC第3エリア,522   ,金剛店,2026/08/13,木,平日,,曇,33.0,23.0,計,210687,90000,2.3410,1.2615,219246,0.9610,120,38,1755.7,2.73,45,2.6667,116,1.0345,1800,41040,0.1948,0.1408,,35369,0.1679,0.2058,0.3627,0.3466,1720,7349.5,,0.0000,
0002,千房FC,500003,FC第3エリア,522   ,金剛店,2026/08/14,金,平日,,曇,33.0,24.0,計,186605,131448,1.4196,1.2743,241725,0.7720,108,41,1727.8,2.45,65,1.6615,123,0.8780,1800,,0.0000,0.1281,,35307,0.1892,0.2043,0.1892,0.3324,1686,6640.7,,0.0000,
0002,千房FC,500003,FC第3エリア,522   ,金剛店,2026/08/15,土,土曜,,曇,32.0,24.0,計,249093,200000,1.2455,1.2711,183132,1.3602,126,51,1976.9,2.86,108,1.1667,103,1.2233,3599,,0.0000,0.1143,,47465,0.1906,0.2028,0.1906,0.3171,2250,6642.5,,0.0000,
0002,千房FC,500003,FC第3エリア,522   ,金剛店,2026/08/16,日,日祝,,曇,31.0,25.0,計,235471,200000,1.1774,1.2618,172447,1.3655,131,47,1797.5,2.98,112,1.1696,94,1.3936,3599,,0.0000,0.1038,,44671,0.1897,0.2016,0.1897,0.3054,2137,6611.3,,0.0000,
0002,千房FC,500004,FC第4エリア,526   ,高知野市店,2026/08/01,土,土曜,,晴,32.0,24.0,計,31027,28000,1.1081,1.1081,17829,1.7403,16,8,1939.2,0.70,11,1.4545,11,1.4545,10024,25073,0.8081,0.8081,,0,0.0000,0.0000,0.8081,0.8081,0,,,0.0000,
0002,千房FC,500004,FC第4エリア,526   ,高知野市店,2026/08/02,日,日祝,,晴,34.0,27.0,計,48630,29000,1.6769,1.3975,31577,1.5400,24,11,2026.3,1.04,16,1.5000,22,1.0909,10382,2450,0.0504,0.3455,,0,0.0000,0.0000,0.0504,0.3455,0,,,0.0000,
0002,千房FC,500004,FC第4エリア,526   ,高知野市店,2026/08/03,月,平日,,曇,33.0,27.0,計,22496,22000,1.0225,1.2931,20668,1.0884,9,4,2499.6,0.39,10,0.9000,12,0.7500,7876,,0.0000,0.2694,,0,0.0000,0.0000,0.0000,0.2694,0,,,0.0000,
0002,千房FC,500004,FC第4エリア,526   ,高知野市店,2026/08/04,火,平日,,雨,29.0,26.0,計,35626,22000,1.6194,1.3641,6891,5.1699,24,10,1484.4,1.04,10,2.4000,5,4.8000,0,8357,0.2346,0.2604,,0,0.0000,0.0000,0.2346,0.2604,0,,,0.0000,
0002,千房FC,500004,FC第4エリア,526   ,高知野市店,2026/08/05,水,平日,休,曇,33.0,24.0,計,,0,,1.3641,20175,0.0000,,,,0,0,,4,0.0000,7876,,,0.2604,,0,,0.0000,,0.2604,0,,,,
0002,千房FC,500004,FC第4エリア,526   ,高知野市店,2026/08/06,木,平日,,晴,35.0,25.0,計,14504,22000,0.6593,1.2381,51338,0.2825,8,5,1813.0,0.35,10,0.8000,28,0.2857,7876,7017,0.4838,0.2817,,0,0.0000,0.0000,0.4838,0.2817,0,,,0.0000,
0002,千房FC,500004,FC第4エリア,526   ,高知野市店,2026/08/07,金,平日,,雨,31.0,25.0,計,8586,22000,0.3903,1.1094,26634,0.3224,5,3,1717.2,0.22,10,0.5000,15,0.3333,7876,,0.0000,0.2667,,0,0.0000,0.0000,0.0000,0.2667,0,,,0.0000,
0002,千房FC,500004,FC第4エリア,526   ,高知野市店,2026/08/08,土,土曜,,曇,30.0,23.0,計,59957,28000,2.1413,1.2765,29441,2.0365,36,11,1665.5,1.57,11,3.2727,21,1.7143,10024,,0.0000,0.1943,,0,0.0000,0.0000,0.0000,0.1943,0,,,0.0000,
0002,千房FC,500004,FC第4エリア,526   ,高知野市店,2026/08/09,日,日祝,,曇,31.0,23.0,計,30249,29000,1.0431,1.2429,30563,0.9897,14,6,2160.6,0.61,16,0.8750,17,0.8235,10382,2450,0.0810,0.1806,,0,0.0000,0.0000,0.0810,0.1806,0,,,0.0000,
0002,千房FC,500004,FC第4エリア,526   ,高知野市店,2026/08/10,月,平日,,曇,31.0,25.0,計,19554,22000,0.8888,1.2082,22723,0.8605,16,10,1222.1,0.70,10,1.6000,13,1.2308,7876,11905,0.6088,0.2116,,0,0.0000,0.0000,0.6088,0.2116,0,,,0.0000,
0002,千房FC,500004,FC第4エリア,526   ,高知野市店,2026/08/11,火,日祝,,晴,33.0,24.0,計,60131,40000,1.5033,1.2529,,,28,11,2147.5,1.22,20,1.4000,,,0,10308,0.1714,0.2043,,0,0.0000,0.0000,0.1714,0.2043,0,,,0.0000,
0002,千房FC,500004,FC第4エリア,526   ,高知野市店,2026/08/12,水,平日,休,曇,32.0,24.0,計,14598,0,,1.3082,37100,0.3935,7,3,2085.4,0.30,0,,21,0.3333,7876,,0.0000,0.1956,,0,0.0000,0.0000,0.0000,0.1956,0,,,0.0000,
0002,千房FC,500004,FC第4エリア,526   ,高知野市店,2026/08/13,木,平日,,曇,28.0,23.0,計,53704,35000,1.5344,1.3347,42644,1.2594,26,10,2065.5,1.13,15,1.7333,23,1.1304,7876,17226,0.3208,0.2125,,0,0.0000,0.0000,0.3208,0.2125,0,,,0.0000,
0002,千房FC,500004,FC第4エリア,526   ,高知野市店,2026/08/14,金,平日,,曇,30.0,23.0,計,61932,35000,1.7695,1.3802,39311,1.5754,29,16,2135.6,1.26,15,1.9333,23,1.2609,7876,,0.0000,0.1839,,0,0.0000,0.0000,0.0000,0.1839,0,,,0.0000,
0002,千房FC,500004,FC第4エリア,526   ,高知野市店,2026/08/15,土,土曜,,曇,31.0,23.0,計,50792,35000,1.4512,1.3870,44228,1.1484,25,12,2031.7,1.09,12,2.0833,23,1.0870,10024,16976,0.3342,0.1988,,0,0.0000,0.0000,0.3342,0.1988,0,,,0.0000,
0002,千房FC,500004,FC第4エリア,526   ,高知野市店,2026/08/16,日,日祝,,雨,28.0,24.0,計,32915,35000,0.9404,1.3483,33931,0.9701,19,11,1732.4,0.83,18,1.0556,20,0.9500,10382,,0.0000,0.1868,,0,0.0000,0.0000,0.0000,0.1868,0,,,0.0000,
0002,千房FC,500004,FC第4エリア,527   ,岡山大安寺店,2026/08/01,土,土曜,,,,,計,150455,190000,0.7919,0.7919,167350,0.8990,91,45,1653.4,0.95,152,0.5987,123,0.7398,32616,,0.0000,0.0000,,0,0.0000,0.0000,0.0000,0.0000,0,,,0.0000,
0002,千房FC,500004,FC第4エリア,527   ,岡山大安寺店,2026/08/02,日,日祝,,,,,計,158349,200000,0.7917,0.7918,203501,0.7781,97,42,1632.5,1.01,160,0.6063,156,0.6218,32600,,0.0000,0.0000,,0,0.0000,0.0000,0.0000,0.0000,0,,,0.0000,
0002,千房FC,500004,FC第4エリア,527   ,岡山大安寺店,2026/08/03,月,平日,,,,,計,49508,90000,0.5501,0.7465,62030,0.7981,36,20,1375.2,0.38,73,0.4932,66,0.5455,15450,,0.0000,0.0000,,0,0.0000,0.0000,0.0000,0.0000,0,,,0.0000,
0002,千房FC,500004,FC第4エリア,527   ,岡山大安寺店,2026/08/04,火,平日,,,,,計,114543,90000,1.2727,0.8296,96293,1.1895,63,31,1818.1,0.66,73,0.8630,77,0.8182,15450,,0.0000,0.0000,,0,0.0000,0.0000,0.0000,0.0000,0,,,0.0000,
0002,千房FC,500004,FC第4エリア,527   ,岡山大安寺店,2026/08/05,水,平日,,,,,計,80081,90000,0.8898,0.8378,118783,0.6742,55,29,1456.0,0.57,73,0.7534,66,0.8333,15450,,0.0000,0.0000,,0,0.0000,0.0000,0.0000,0.0000,0,,,0.0000,
0002,千房FC,500004,FC第4エリア,527   ,岡山大安寺店,2026/08/06,木,平日,,,,,計,91331,90000,1.0148,0.8590,48575,1.8802,61,31,1497.2,0.64,73,0.8356,51,1.1961,15450,-960,-0.0105,-0.0015,,0,0.0000,0.0000,-0.0105,-0.0015,0,,,0.0000,
0002,千房FC,500004,FC第4エリア,527   ,岡山大安寺店,2026/08/07,金,平日,,,,,計,102304,97787,1.0462,0.8806,86944,1.1767,71,27,1440.9,0.74,79,0.8987,78,0.9103,15450,,0.0000,-0.0013,,0,0.0000,0.0000,0.0000,-0.0013,0,,,0.0000,
0002,千房FC,500004,FC第4エリア,527   ,岡山大安寺店,2026/08/08,土,土曜,,,,,計,188797,190000,0.9937,0.9013,153849,1.2272,125,58,1510.4,1.30,152,0.8224,136,0.9191,32616,,0.0000,-0.0010,,0,0.0000,0.0000,0.0000,-0.0010,0,,,0.0000,
0002,千房FC,500004,FC第4エリア,527   ,岡山大安寺店,2026/08/09,日,日祝,,,,,計,232516,200000,1.1626,0.9435,239905,0.9692,163,73,1426.5,1.70,160,1.0188,165,0.9879,32600,,0.0000,-0.0008,,0,0.0000,0.0000,0.0000,-0.0008,0,,,0.0000,
0002,千房FC,500004,FC第4エリア,527   ,岡山大安寺店,2026/08/10,月,平日,,,,,計,242499,200000,1.2125,0.9809,282275,0.8591,135,66,1796.3,1.41,161,0.8385,194,0.6959,15450,,0.0000,-0.0007,,0,0.0000,0.0000,0.0000,-0.0007,0,,,0.0000,
0002,千房FC,500004,FC第4エリア,527   ,岡山大安寺店,2026/08/11,火,日祝,,,,,計,270200,250000,1.0808,0.9957,194893,1.3864,177,69,1526.6,1.84,200,0.8850,152,1.1645,32600,,0.0000,-0.0006,,0,0.0000,0.0000,0.0000,-0.0006,0,,,0.0000,
0002,千房FC,500004,FC第4エリア,527   ,岡山大安寺店,2026/08/12,水,平日,,,,,計,236111,100000,2.3611,1.0721,186099,1.2687,158,70,1494.4,1.65,81,1.9506,154,1.0260,15450,,0.0000,-0.0005,,0,0.0000,0.0000,0.0000,-0.0005,0,,,0.0000,
0002,千房FC,500004,FC第4エリア,527   ,岡山大安寺店,2026/08/13,木,平日,,,,,計,227241,100000,2.2724,1.1357,214404,1.0599,143,52,1589.1,1.49,81,1.7654,161,0.8882,15450,,0.0000,-0.0004,,0,0.0000,0.0000,0.0000,-0.0004,0,,,0.0000,
0002,千房FC,500004,FC第4エリア,527   ,岡山大安寺店,2026/08/14,金,平日,,,,,計,153283,120000,1.2774,1.1442,184659,0.8301,109,47,1406.3,1.14,97,1.1237,149,0.7315,15450,,0.0000,-0.0004,,0,0.0000,0.0000,0.0000,-0.0004,0,,,0.0000,
0002,千房FC,500004,FC第4エリア,527   ,岡山大安寺店,2026/08/15,土,土曜,,,,,計,195451,250000,0.7818,1.1040,181495,1.0769,119,48,1642.4,1.24,200,0.5950,158,0.7532,32616,,0.0000,-0.0004,,0,0.0000,0.0000,0.0000,-0.0004,0,,,0.0000,
0002,千房FC,500004,FC第4エリア,527   ,岡山大安寺店,2026/08/16,日,日祝,,,,,計,195473,230000,0.8499,1.0805,176774,1.1058,129,56,1515.3,1.34,184,0.7011,147,0.8776,32600,,0.0000,-0.0004,,0,0.0000,0.0000,0.0000,-0.0004,0,,,0.0000,
0002,千房FC,500004,FC第4エリア,529   ,高知南国店,2026/08/01,土,土曜,,晴,35.0,25.0,計,81033,120000,0.6753,0.6753,122129,0.6635,54,24,1500.6,1.23,98,0.5510,99,0.5455,25320,84342,1.0408,1.0408,,0,0.0000,0.0000,1.0408,1.0408,0,,,0.0000,
0002,千房FC,500004,FC第4エリア,529   ,高知南国店,2026/08/02,日,日祝,,晴,34.0,27.0,計,111746,120000,0.9312,0.8032,93614,1.1937,81,39,1379.6,1.84,96,0.8438,78,1.0385,29540,,0.0000,0.4375,,0,0.0000,0.0000,0.0000,0.4375,0,,,0.0000,
0002,千房FC,500004,FC第4エリア,529   ,高知南国店,2026/08/03,月,平日,,曇,34.0,28.0,計,84235,65000,1.2959,0.9082,97768,0.8616,52,23,1619.9,1.18,50,1.0400,76,0.6842,13715,5510,0.0654,0.3244,,0,0.0000,0.0000,0.0654,0.3244,0,,,0.0000,
0002,千房FC,500004,FC第4エリア,529   ,高知南国店,2026/08/04,火,平日,,曇,29.0,26.0,計,80871,65000,1.2442,0.9673,79383,1.0187,61,22,1325.8,1.39,50,1.2200,64,0.9531,13715,9605,0.1188,0.2779,,0,0.0000,0.0000,0.1188,0.2779,0,,,0.0000,
0002,千房FC,500004,FC第4エリア,529   ,高知南国店,2026/08/05,水,平日,,曇,34.0,24.0,計,60627,65000,0.9327,0.9621,52095,1.1638,40,21,1515.7,0.91,50,0.8000,45,0.8889,13715,,0.0000,0.2376,,0,0.0000,0.0000,0.0000,0.2376,0,,,0.0000,
0002,千房FC,500004,FC第4エリア,529   ,高知南国店,2026/08/06,木,平日,,晴,35.0,26.0,計,80681,65000,1.2412,0.9984,69399,1.1626,56,31,1440.7,1.27,50,1.1200,58,0.9655,13715,68254,0.8460,0.3360,,0,0.0000,0.0000,0.8460,0.3360,0,,,0.0000,
0002,千房FC,500004,FC第4エリア,529   ,高知南国店,2026/08/07,金,平日,,曇,32.0,27.0,計,64562,65000,0.9933,0.9978,107543,0.6003,43,22,1501.4,0.98,50,0.8600,84,0.5119,13715,10345,0.1602,0.3158,,0,0.0000,0.0000,0.1602,0.3158,0,,,0.0000,
0002,千房FC,500004,FC第4エリア,529   ,高知南国店,2026/08/08,土,土曜,,曇,31.0,24.0,計,96977,140000,0.6927,0.9372,128154,0.7567,63,29,1539.3,1.43,113,0.5575,96,0.6563,25320,65086,0.6711,0.3680,,0,0.0000,0.0000,0.6711,0.3680,0,,,0.0000,
0002,千房FC,500004,FC第4エリア,529   ,高知南国店,2026/08/09,日,日祝,,晴,32.0,24.0,計,134406,180000,0.7467,0.8985,142958,0.9402,93,40,1445.2,2.11,144,0.6458,105,0.8857,29540,4270,0.0318,0.3112,,0,0.0000,0.0000,0.0318,0.3112,0,,,0.0000,
0002,千房FC,500004,FC第4エリア,529   ,高知南国店,2026/08/10,月,平日,,曇,32.0,25.0,計,152603,150000,1.0174,0.9157,177247,0.8610,95,45,1606.3,2.16,115,0.8261,141,0.6738,13715,,0.0000,0.2611,,0,0.0000,0.0000,0.0000,0.2611,0,,,0.0000,
0002,千房FC,500004,FC第4エリア,529   ,高知南国店,2026/08/11,火,日祝,,晴,35.0,24.0,計,171612,150000,1.1441,0.9446,109178,1.5719,102,38,1682.5,2.32,120,0.8500,78,1.3077,29540,,0.0000,0.2210,,0,0.0000,0.0000,0.0000,0.2210,0,,,0.0000,
0002,千房FC,500004,FC第4エリア,529   ,高知南国店,2026/08/12,水,平日,休,曇,33.0,24.0,計,,0,,0.9446,,,,,,0,0,,,,0,,,0.2210,,0,,0.0000,,0.2210,0,,,,
0002,千房FC,500004,FC第4エリア,529   ,高知南国店,2026/08/13,木,平日,,曇,29.0,24.0,計,153838,65000,2.3667,1.0186,115821,1.3282,92,42,1672.2,2.09,50,1.8400,95,0.9684,13715,,0.0000,0.1943,,0,0.0000,0.0000,0.0000,0.1943,0,,,0.0000,
0002,千房FC,500004,FC第4エリア,529   ,高知南国店,2026/08/14,金,平日,,曇,31.0,24.0,計,135407,65000,2.0832,1.0712,109293,1.2389,83,38,1631.4,1.89,50,1.6600,86,0.9651,13715,,0.0000,0.1756,,0,0.0000,0.0000,0.0000,0.1756,0,,,0.0000,
0002,千房FC,500004,FC第4エリア,529   ,高知南国店,2026/08/15,土,土曜,,曇,31.0,24.0,計,133919,120000,1.1160,1.0749,147576,0.9075,101,42,1325.9,2.30,98,1.0306,111,0.9099,25320,,0.0000,0.1604,,0,0.0000,0.0000,0.0000,0.1604,0,,,0.0000,
0002,千房FC,500004,FC第4エリア,529   ,高知南国店,2026/08/16,日,日祝,,雨,29.0,25.0,計,124926,140000,0.8923,1.0587,85105,1.4679,79,37,1581.3,1.80,112,0.7054,76,1.0395,29540,-3060,-0.0245,0.1465,,0,0.0000,0.0000,-0.0245,0.1465,0,,,0.0000,
0002,千房FC,500004,FC第4エリア,531   ,高松レインボー店,2026/08/01,土,土曜,,晴,37.0,28.0,計,223377,230000,0.9712,0.9712,239212,0.9338,129,48,1731.6,2.02,115,1.1217,155,0.8323,0,72206,0.3232,0.3232,0,57302,0.2565,0.2565,0.5798,0.5798,2932,4571.2,,0.0000,
0002,千房FC,500004,FC第4エリア,531   ,高松レインボー店,2026/08/02,日,日祝,,晴,38.0,29.0,計,212486,220000,0.9658,0.9686,172847,1.2293,131,53,1622.0,2.05,111,1.1802,121,1.0826,0,,0.0000,0.1657,0,67494,0.3176,0.2863,0.3176,0.4520,3407,3742.0,,0.0000,
0002,千房FC,500004,FC第4エリア,531   ,高松レインボー店,2026/08/03,月,平日,,晴,37.0,29.0,計,101470,100000,1.0147,0.9770,94006,1.0794,62,31,1636.6,0.97,51,1.2157,63,0.9841,0,9000,0.0887,0.1511,0,42693,0.4207,0.3117,0.5094,0.4628,2162,2816.0,,0.0000,
0002,千房FC,500004,FC第4エリア,531   ,高松レインボー店,2026/08/04,火,平日,,晴,34.0,27.0,計,235067,100000,2.3507,1.1883,99722,2.3572,122,33,1926.8,1.91,51,2.3922,62,1.9677,0,26054,0.1108,0.1389,0,39225,0.1669,0.2676,0.2777,0.4065,2030,6947.8,,0.0000,
0002,千房FC,500004,FC第4エリア,531   ,高松レインボー店,2026/08/05,水,平日,,晴,35.0,27.0,計,85771,100000,0.8577,1.1442,,,49,23,1750.4,0.77,51,0.9608,,,0,9000,0.1049,0.1355,0,27979,0.3262,0.2735,0.4311,0.4090,1382,3723.8,,0.0000,
0002,千房FC,500004,FC第4エリア,531   ,高松レインボー店,2026/08/06,木,平日,,晴,35.0,27.0,計,263735,100000,2.6374,1.3199,109153,2.4162,155,30,1701.5,2.42,51,3.0392,70,2.2143,0,14369,0.0545,0.1164,0,24249,0.0919,0.2308,0.1464,0.3472,1252,12639.1,,0.0000,
0002,千房FC,500004,FC第4エリア,531   ,高松レインボー店,2026/08/07,金,平日,,晴,35.0,28.0,計,153085,130000,1.1776,1.3010,123764,1.2369,87,39,1759.6,1.36,66,1.3182,80,1.0875,0,,0.0000,0.1025,0,42011,0.2744,0.2360,0.2744,0.3385,2146,4280.1,,0.0000,
0002,千房FC,500004,FC第4エリア,531   ,高松レインボー店,2026/08/08,土,土曜,,晴,34.0,27.0,計,221114,230000,0.9614,1.2365,167375,1.3211,141,53,1568.2,2.20,115,1.2261,125,1.1280,0,182349,0.8247,0.2092,0,54753,0.2476,0.2378,1.0723,0.4470,2993,4432.6,,0.0000,
0002,千房FC,500004,FC第4エリア,531   ,高松レインボー店,2026/08/09,日,日祝,,晴,32.0,26.0,計,262381,230000,1.1408,1.2212,267588,0.9805,168,64,1561.8,2.63,116,1.4483,187,0.8984,0,,0.0000,0.1780,0,40102,0.1528,0.2251,0.1528,0.4031,1955,8052.6,,0.0000,
0002,千房FC,500004,FC第4エリア,531   ,高松レインボー店,2026/08/10,月,平日,,晴,33.0,27.0,計,227954,230000,0.9911,1.1895,260441,0.8753,159,61,1433.7,2.48,117,1.3590,191,0.8325,0,,0.0000,0.1576,0,67342,0.2954,0.2332,0.2954,0.3907,3400,4022.7,,0.0000,
0002,千房FC,500004,FC第4エリア,531   ,高松レインボー店,2026/08/11,火,日祝,,晴,32.0,24.0,計,292341,240000,1.2181,1.1931,223538,1.3078,183,73,1597.5,2.86,121,1.5124,158,1.1582,0,81984,0.2804,0.1733,0,62353,0.2133,0.2306,0.4937,0.4039,3114,5632.8,,0.0000,
0002,千房FC,500004,FC第4エリア,531   ,高松レインボー店,2026/08/12,水,平日,,曇,31.0,25.0,計,254553,160000,1.5910,1.2238,,,157,58,1621.4,2.45,81,1.9383,,,0,4765,0.0187,0.1578,0,50257,0.1974,0.2273,0.2162,0.3851,2586,5906.1,,0.0000,
0002,千房FC,500004,FC第4エリア,531   ,高松レインボー店,2026/08/13,木,平日,,曇,31.0,26.0,計,298440,180000,1.6580,1.2586,200605,1.4877,185,62,1613.2,2.89,91,2.0330,138,1.3406,0,78056,0.2615,0.1687,0,44070,0.1477,0.2189,0.4092,0.3876,2269,7891.8,,0.0000,
0002,千房FC,500004,FC第4エリア,531   ,高松レインボー店,2026/08/14,金,平日,,晴,30.0,25.0,計,280782,201341,1.3946,1.2697,237376,1.1829,174,66,1613.7,2.72,101,1.7228,159,1.0943,0,13907,0.0495,0.1580,0,78538,0.2797,0.2244,0.3292,0.3823,3923,4294.4,,0.0000,
0002,千房FC,500004,FC第4エリア,531   ,高松レインボー店,2026/08/15,土,土曜,,晴,33.0,24.0,計,292362,240000,1.2182,1.2651,219988,1.3290,175,65,1670.6,2.73,120,1.4583,153,1.1438,0,,0.0000,0.1444,0,85154,0.2913,0.2301,0.2913,0.3745,4280,4098.5,,0.0000,
0002,千房FC,500004,FC第4エリア,531   ,高松レインボー店,2026/08/16,日,日祝,,雨,29.0,25.0,計,228490,240000,0.9520,1.2395,231496,0.9870,151,64,1513.2,2.36,121,1.2479,162,0.9321,0,,0.0000,0.1353,0,51375,0.2248,0.2298,0.2248,0.3651,2584,5305.5,,0.0000,
0002,千房FC,500002,FC第2エリア,534   ,札幌アスティ４５店,2026/08/01,土,土曜,,曇,23.0,19.0,計,218691,190000,1.1510,1.1510,180506,1.2115,122,55,1792.5,2.54,114,1.0702,110,1.1091,47908,76145,0.3482,0.3482,,0,0.0000,0.0000,0.3482,0.3482,0,,,0.0000,
0002,千房FC,500002,FC第2エリア,534   ,札幌アスティ４５店,2026/08/02,日,日祝,,晴,27.0,17.0,計,135253,189920,0.7122,0.9316,154509,0.8754,78,40,1734.0,1.63,113,0.6903,102,0.7647,45513,,0.0000,0.2151,,0,0.0000,0.0000,0.0000,0.2151,0,,,0.0000,
0002,千房FC,500002,FC第2エリア,534   ,札幌アスティ４５店,2026/08/03,月,平日,,晴,28.0,18.0,計,107699,115000,0.9365,0.9328,144689,0.7443,66,41,1631.8,1.38,70,0.9429,88,0.7500,26335,16962,0.1575,0.2017,,0,0.0000,0.0000,0.1575,0.2017,0,,,0.0000,
0002,千房FC,500002,FC第2エリア,534   ,札幌アスティ４５店,2026/08/04,火,平日,,晴,26.0,19.0,計,137727,115000,1.1976,0.9827,120004,1.1477,91,52,1513.5,1.90,70,1.3000,72,1.2639,26335,82987,0.6025,0.2938,,0,0.0000,0.0000,0.6025,0.2938,0,,,0.0000,
0002,千房FC,500002,FC第2エリア,534   ,札幌アスティ４５店,2026/08/05,水,平日,,晴,28.0,19.0,計,175768,115000,1.5284,1.0693,172482,1.0191,86,42,2043.8,1.79,70,1.2286,107,0.8037,26335,,0.0000,0.2272,,0,0.0000,0.0000,0.0000,0.2272,0,,,0.0000,
0002,千房FC,500002,FC第2エリア,534   ,札幌アスティ４５店,2026/08/06,木,平日,,晴,29.0,19.0,計,165516,115000,1.4393,1.1199,175234,0.9445,99,55,1671.9,2.06,70,1.4143,103,0.9612,26335,27484,0.1661,0.2164,,0,0.0000,0.0000,0.1661,0.2164,0,,,0.0000,
0002,千房FC,500002,FC第2エリア,534   ,札幌アスティ４５店,2026/08/07,金,平日,,晴,31.0,21.0,計,211752,115000,1.8413,1.2068,181626,1.1659,119,62,1779.4,2.48,70,1.7000,113,1.0531,26335,70649,0.3336,0.2380,,0,0.0000,0.0000,0.3336,0.2380,0,,,0.0000,
0002,千房FC,500002,FC第2エリア,534   ,札幌アスティ４５店,2026/08/08,土,土曜,,雨,24.0,21.0,計,204197,200000,1.0210,1.1746,230011,0.8878,104,50,1963.4,2.17,120,0.8667,104,1.0000,47908,47974,0.2349,0.2375,,0,0.0000,0.0000,0.2349,0.2375,0,,,0.0000,
0002,千房FC,500002,FC第2エリア,534   ,札幌アスティ４５店,2026/08/09,日,日祝,,晴,24.0,20.0,計,167846,190000,0.8834,1.1335,165901,1.0117,84,42,1998.2,1.75,114,0.7368,95,0.8842,45513,,0.0000,0.2114,,0,0.0000,0.0000,0.0000,0.2114,0,,,0.0000,
0002,千房FC,500002,FC第2エリア,534   ,札幌アスティ４５店,2026/08/10,月,平日,,晴,25.0,18.0,計,208503,115000,1.8131,1.1870,172288,1.2102,122,64,1709.0,2.54,70,1.7429,96,1.2708,26335,84738,0.4064,0.2348,,0,0.0000,0.0000,0.4064,0.2348,0,,,0.0000,
0002,千房FC,500002,FC第2エリア,534   ,札幌アスティ４５店,2026/08/11,火,日祝,,曇,27.0,18.0,計,194991,190000,1.0263,1.1685,100165,1.9467,121,48,1611.5,2.52,114,1.0614,67,1.8060,45513,3205,0.0164,0.2127,,0,0.0000,0.0000,0.0164,0.2127,0,,,0.0000,
0002,千房FC,500002,FC第2エリア,534   ,札幌アスティ４５店,2026/08/12,水,平日,,曇,32.0,24.0,計,170308,115000,1.4809,1.1889,129653,1.3136,99,41,1720.3,2.06,70,1.4143,77,1.2857,26335,61451,0.3608,0.2248,,0,0.0000,0.0000,0.3608,0.2248,0,,,0.0000,
0002,千房FC,500002,FC第2エリア,534   ,札幌アスティ４５店,2026/08/13,木,平日,,曇,28.0,23.0,計,172131,115000,1.4968,1.2077,116549,1.4769,87,43,1978.5,1.81,70,1.2429,72,1.2083,26335,28593,0.1661,0.2203,,0,0.0000,0.0000,0.1661,0.2203,0,,,0.0000,
0002,千房FC,500002,FC第2エリア,534   ,札幌アスティ４５店,2026/08/14,金,平日,,曇,28.0,23.0,計,186789,115000,1.6243,1.2317,186499,1.0016,95,46,1966.2,1.98,70,1.3571,112,0.8482,26335,94522,0.5060,0.2420,,0,0.0000,0.0000,0.5060,0.2420,0,,,0.0000,
0002,千房FC,500002,FC第2エリア,534   ,札幌アスティ４５店,2026/08/15,土,土曜,,曇,28.0,23.0,計,138029,200000,0.6901,1.1824,258171,0.5346,76,31,1816.2,1.58,120,0.6333,156,0.4872,47908,3150,0.0228,0.2304,,0,0.0000,0.0000,0.0228,0.2304,0,,,0.0000,
0002,千房FC,500002,FC第2エリア,534   ,札幌アスティ４５店,2026/08/16,日,日祝,,晴,29.0,22.0,計,100475,190000,0.5288,1.1303,92053,1.0915,62,28,1620.6,1.29,114,0.5439,58,1.0690,45513,,0.0000,0.2218,,0,0.0000,0.0000,0.0000,0.2218,0,,,0.0000,
0002,千房FC,500001,FC第1エリア,535   ,丸太町七本松店,2026/08/01,土,土曜,,曇,36.0,27.0,計,33800,29000,1.1655,1.1655,52746,0.6408,21,9,1609.5,0.81,16,1.3125,22,0.9545,15210,12940,0.3828,0.3828,,0,0.0000,0.0000,0.3828,0.3828,0,,,0.0000,
0002,千房FC,500001,FC第1エリア,535   ,丸太町七本松店,2026/08/02,日,日祝,,曇,36.0,28.0,計,31241,29000,1.0773,1.1214,24722,1.2637,15,11,2082.7,0.58,17,0.8824,12,1.2500,16620,,0.0000,0.1990,,0,0.0000,0.0000,0.0000,0.1990,0,,,0.0000,
0002,千房FC,500001,FC第1エリア,535   ,丸太町七本松店,2026/08/03,月,平日,,雨,35.0,28.0,計,35905,30000,1.1968,1.1471,32536,1.1035,19,10,1889.7,0.73,9,2.1111,18,1.0556,14725,1770,0.0493,0.1457,,0,0.0000,0.0000,0.0493,0.1457,0,,,0.0000,
0002,千房FC,500001,FC第1エリア,535   ,丸太町七本松店,2026/08/04,火,平日,,晴,34.0,27.0,計,16944,25000,0.6778,1.0433,19630,0.8632,11,7,1540.4,0.42,8,1.3750,13,0.8462,14725,14886,0.8785,0.2510,,0,0.0000,0.0000,0.8785,0.2510,0,,,0.0000,
0002,千房FC,500001,FC第1エリア,535   ,丸太町七本松店,2026/08/05,水,平日,休,晴,36.0,26.0,計,,0,,1.0433,,,,,,0,0,,,,0,,,0.2510,,0,,0.0000,,0.2510,0,,,,
0002,千房FC,500001,FC第1エリア,535   ,丸太町七本松店,2026/08/06,木,平日,,晴,35.0,28.0,計,28984,25000,1.1594,1.0643,13267,2.1847,15,8,1932.3,0.58,8,1.8750,10,1.5000,14725,,0.0000,0.2015,,0,0.0000,0.0000,0.0000,0.2015,0,,,0.0000,
0002,千房FC,500001,FC第1エリア,535   ,丸太町七本松店,2026/08/07,金,平日,,曇,34.0,28.0,計,4236,25000,0.1694,0.9271,17702,0.2393,4,3,1059.0,0.15,8,0.5000,10,0.4000,14725,,0.0000,0.1959,,0,0.0000,0.0000,0.0000,0.1959,0,,,0.0000,
0002,千房FC,500001,FC第1エリア,535   ,丸太町七本松店,2026/08/08,土,土曜,,晴,35.0,27.0,計,61479,50000,1.2296,0.9981,37990,1.6183,26,13,2364.6,1.00,26,1.0000,15,1.7333,15210,,0.0000,0.1392,,0,0.0000,0.0000,0.0000,0.1392,0,,,0.0000,
0002,千房FC,500001,FC第1エリア,535   ,丸太町七本松店,2026/08/09,日,日祝,,曇,34.0,27.0,計,31515,30000,1.0505,1.0045,35604,0.8852,19,10,1658.7,0.73,18,1.0556,18,1.0556,16620,1770,0.0562,0.1285,,0,0.0000,0.0000,0.0562,0.1285,0,,,0.0000,
0002,千房FC,500001,FC第1エリア,535   ,丸太町七本松店,2026/08/10,月,平日,,晴,34.0,27.0,計,35278,25000,1.4111,1.0425,11929,2.9573,20,11,1763.9,0.77,8,2.5000,6,3.3333,14725,24712,0.7005,0.2007,,0,0.0000,0.0000,0.7005,0.2007,0,,,0.0000,
0002,千房FC,500001,FC第1エリア,535   ,丸太町七本松店,2026/08/11,火,日祝,,曇,29.0,24.0,計,35622,30000,1.1874,1.0571,,,18,9,1979.0,0.69,18,1.0000,,,16620,,0.0000,0.1780,,0,0.0000,0.0000,0.0000,0.1780,0,,,0.0000,
0002,千房FC,500001,FC第1エリア,535   ,丸太町七本松店,2026/08/12,水,平日,休,雨,27.0,23.0,計,,0,,1.0571,,,,,,0,0,,,,0,,,0.1780,,0,,0.0000,,0.1780,0,,,,
0002,千房FC,500001,FC第1エリア,535   ,丸太町七本松店,2026/08/13,木,平日,休,雨,28.0,24.0,計,,0,,1.0571,,,,,,0,0,,,,14725,,,0.1780,,0,,0.0000,,0.1780,0,,,,
0002,千房FC,500001,FC第1エリア,535   ,丸太町七本松店,2026/08/14,金,平日,休,晴,34.0,23.0,計,,0,,1.0571,,,,,,0,0,,,,14725,,,0.1780,,0,,0.0000,,0.1780,0,,,,
0002,千房FC,500001,FC第1エリア,535   ,丸太町七本松店,2026/08/15,土,土曜,,曇,31.0,25.0,計,63794,30000,2.1265,1.1549,27490,2.3206,34,17,1876.3,1.31,16,2.1250,13,2.6154,15210,,0.0000,0.1480,,0,0.0000,0.0000,0.0000,0.1480,0,,,0.0000,
0002,千房FC,500001,FC第1エリア,535   ,丸太町七本松店,2026/08/16,日,日祝,,曇,32.0,26.0,計,36914,30000,1.2305,1.1612,37148,0.9937,26,11,1419.8,1.00,18,1.4444,17,1.5294,16620,,0.0000,0.1349,,0,0.0000,0.0000,0.0000,0.1349,0,,,0.0000,
0002,千房FC,500002,FC第2エリア,541   ,仙台一番町店,2026/08/01,土,土曜,,曇,24.0,21.0,計,188464,165000,1.1422,1.1422,137263,1.3730,61,22,3089.6,1.13,66,0.9242,57,1.0702,51626,-4620,-0.0245,-0.0245,,0,0.0000,0.0000,-0.0245,-0.0245,0,,,0.0000,
0002,千房FC,500002,FC第2エリア,541   ,仙台一番町店,2026/08/02,日,日祝,,雨,22.0,19.0,計,171665,155000,1.1075,1.1254,94729,1.8122,65,25,2641.0,1.20,76,0.8553,39,1.6667,48400,,0.0000,-0.0128,,0,0.0000,0.0000,0.0000,-0.0128,0,,,0.0000,
0002,千房FC,500002,FC第2エリア,541   ,仙台一番町店,2026/08/03,月,平日,,曇,23.0,19.0,計,76243,90000,0.8471,1.0643,141966,0.5371,41,18,1859.6,0.76,36,1.1389,48,0.8542,25755,,0.0000,-0.0106,,0,0.0000,0.0000,0.0000,-0.0106,0,,,0.0000,
0002,千房FC,500002,FC第2エリア,541   ,仙台一番町店,2026/08/04,火,平日,,晴,24.0,20.0,計,68277,90000,0.7586,1.0093,156860,0.4353,34,10,2008.1,0.63,36,0.9444,59,0.5763,25755,,0.0000,-0.0092,,0,0.0000,0.0000,0.0000,-0.0092,0,,,0.0000,
0002,千房FC,500002,FC第2エリア,541   ,仙台一番町店,2026/08/05,水,平日,,晴,26.0,20.0,計,147749,90000,1.6417,1.1058,113473,1.3021,69,22,2141.3,1.28,36,1.9167,57,1.2105,25755,,0.0000,-0.0071,,0,0.0000,0.0000,0.0000,-0.0071,0,,,0.0000,
0002,千房FC,500002,FC第2エリア,541   ,仙台一番町店,2026/08/06,木,平日,,曇,29.0,22.0,計,130644,90000,1.4516,1.1515,197163,0.6626,59,26,2214.3,1.09,36,1.6389,94,0.6277,25755,,0.0000,-0.0059,,0,0.0000,0.0000,0.0000,-0.0059,0,,,0.0000,
0002,千房FC,500002,FC第2エリア,541   ,仙台一番町店,2026/08/07,金,平日,,晴,31.0,25.0,計,226974,91561,2.4789,1.3091,227966,0.9956,95,30,2389.2,1.76,35,2.7143,104,0.9135,25755,,0.0000,-0.0046,,0,0.0000,0.0000,0.0000,-0.0046,0,,,0.0000,
0002,千房FC,500002,FC第2エリア,541   ,仙台一番町店,2026/08/08,土,土曜,,曇,31.0,24.0,計,238590,165000,1.4460,1.3332,76654,3.1126,106,40,2250.8,1.96,66,1.6061,34,3.1176,51626,,0.0000,-0.0037,,0,0.0000,0.0000,0.0000,-0.0037,0,,,0.0000,
0002,千房FC,500002,FC第2エリア,541   ,仙台一番町店,2026/08/09,日,日祝,,曇,28.0,23.0,計,145005,155000,0.9355,1.2767,148149,0.9788,62,24,2338.8,1.15,76,0.8158,57,1.0877,48400,,0.0000,-0.0033,,0,0.0000,0.0000,0.0000,-0.0033,0,,,0.0000,
0002,千房FC,500002,FC第2エリア,541   ,仙台一番町店,2026/08/10,月,平日,,曇,27.0,22.0,計,199082,135000,1.4747,1.2985,144570,1.3771,82,28,2427.8,1.52,54,1.5185,62,1.3226,25755,,0.0000,-0.0029,,0,0.0000,0.0000,0.0000,-0.0029,0,,,0.0000,
0002,千房FC,500002,FC第2エリア,541   ,仙台一番町店,2026/08/11,火,日祝,,雨,26.0,20.0,計,142837,155000,0.9215,1.2562,164207,0.8699,58,20,2462.7,1.07,76,0.7632,48,1.2083,48400,,0.0000,-0.0027,,0,0.0000,0.0000,0.0000,-0.0027,0,,,0.0000,
0002,千房FC,500002,FC第2エリア,541   ,仙台一番町店,2026/08/12,水,平日,,雨,24.0,23.0,計,69779,155000,0.4502,1.1749,135247,0.5159,26,12,2683.8,0.48,62,0.4194,62,0.4194,25755,,0.0000,-0.0026,,0,0.0000,0.0000,0.0000,-0.0026,0,,,0.0000,
0002,千房FC,500002,FC第2エリア,541   ,仙台一番町店,2026/08/13,木,平日,,雨,26.0,23.0,計,153081,105000,1.4579,1.1930,131339,1.1655,54,20,2834.8,1.00,42,1.2857,49,1.1020,25755,,0.0000,-0.0024,,0,0.0000,0.0000,0.0000,-0.0024,0,,,0.0000,
0002,千房FC,500002,FC第2エリア,541   ,仙台一番町店,2026/08/14,金,平日,,雨,25.0,23.0,計,153226,155000,0.9886,1.1754,159153,0.9628,69,23,2220.7,1.28,62,1.1129,80,0.8625,25755,,0.0000,-0.0022,,0,0.0000,0.0000,0.0000,-0.0022,0,,,0.0000,
0002,千房FC,500002,FC第2エリア,541   ,仙台一番町店,2026/08/15,土,土曜,,曇,27.0,23.0,計,137790,165000,0.8351,1.1467,95535,1.4423,51,22,2701.8,0.94,66,0.7727,42,1.2143,51626,,0.0000,-0.0021,,0,0.0000,0.0000,0.0000,-0.0021,0,,,0.0000,
0002,千房FC,500002,FC第2エリア,541   ,仙台一番町店,2026/08/16,日,日祝,,晴,27.0,22.0,計,99944,155000,0.6448,1.1100,461408,0.2166,42,20,2379.6,0.78,76,0.5526,298,0.1409,48400,,0.0000,-0.0020,,0,0.0000,0.0000,0.0000,-0.0020,0,,,0.0000,
0002,千房FC,500004,FC第4エリア,542   ,広島パセーラ店,2026/08/01,土,土曜,,晴,34.0,26.0,計,256401,160000,1.6025,1.6025,69552,3.6865,163,84,1573.0,2.91,104,1.5673,37,4.4054,86240,44104,0.1720,0.1720,,0,0.0000,0.0000,0.1720,0.1720,0,,,0.0000,
0002,千房FC,500004,FC第4エリア,542   ,広島パセーラ店,2026/08/02,日,日祝,,晴,36.0,27.0,計,266619,180000,1.4812,1.5383,140047,1.9038,175,80,1523.5,3.13,118,1.4831,98,1.7857,86220,,0.0000,0.0843,,0,0.0000,0.0000,0.0000,0.0843,0,,,0.0000,
0002,千房FC,500004,FC第4エリア,542   ,広島パセーラ店,2026/08/03,月,平日,,晴,37.0,29.0,計,154065,85000,1.8125,1.5931,78393,1.9653,99,40,1556.2,1.77,51,1.9412,52,1.9038,52401,,0.0000,0.0651,,0,0.0000,0.0000,0.0000,0.0651,0,,,0.0000,
0002,千房FC,500004,FC第4エリア,542   ,広島パセーラ店,2026/08/04,火,平日,,晴,34.0,29.0,計,125001,85000,1.4706,1.5727,72548,1.7230,84,38,1488.1,1.50,51,1.6471,53,1.5849,52401,117366,0.9389,0.2013,,0,0.0000,0.0000,0.9389,0.2013,0,,,0.0000,
0002,千房FC,500004,FC第4エリア,542   ,広島パセーラ店,2026/08/05,水,平日,休,晴,35.0,28.0,計,,0,,1.5727,104237,0.0000,,,,0,0,,80,0.0000,0,,,0.2013,,0,,0.0000,,0.2013,0,,,,
0002,千房FC,500004,FC第4エリア,542   ,広島パセーラ店,2026/08/06,木,平日,,晴,37.0,27.0,計,105552,85000,1.2418,1.5254,,,74,45,1426.4,1.32,51,1.4510,,,52401,123258,1.1677,0.3137,,0,0.0000,0.0000,1.1677,0.3137,0,,,0.0000,
0002,千房FC,500004,FC第4エリア,542   ,広島パセーラ店,2026/08/07,金,平日,,曇,36.0,30.0,計,151015,110000,1.3729,1.5016,110611,1.3653,99,44,1525.4,1.77,66,1.5000,87,1.1379,52401,,0.0000,0.2690,,0,0.0000,0.0000,0.0000,0.2690,0,,,0.0000,
0002,千房FC,500004,FC第4エリア,542   ,広島パセーラ店,2026/08/08,土,土曜,,曇,35.0,28.0,計,311283,160000,1.9455,1.5837,176629,1.7624,192,91,1621.3,3.43,104,1.8462,134,1.4328,86240,,0.0000,0.2078,,0,0.0000,0.0000,0.0000,0.2078,0,,,0.0000,
0002,千房FC,500004,FC第4エリア,542   ,広島パセーラ店,2026/08/09,日,日祝,,晴,33.0,27.0,計,318982,180000,1.7721,1.6162,225604,1.4139,189,84,1687.7,3.38,118,1.6017,150,1.2600,86220,,0.0000,0.1686,,0,0.0000,0.0000,0.0000,0.1686,0,,,0.0000,
0002,千房FC,500004,FC第4エリア,542   ,広島パセーラ店,2026/08/10,月,平日,,晴,33.0,28.0,計,180425,180000,1.0024,1.5260,202961,0.8890,136,57,1326.7,2.43,108,1.2593,136,1.0000,52401,,0.0000,0.1523,,0,0.0000,0.0000,0.0000,0.1523,0,,,0.0000,
0002,千房FC,500004,FC第4エリア,542   ,広島パセーラ店,2026/08/11,火,日祝,,晴,34.0,24.0,計,247085,190000,1.3004,1.4957,159277,1.5513,173,67,1428.2,3.09,124,1.3952,94,1.8404,86220,,0.0000,0.1345,,0,0.0000,0.0000,0.0000,0.1345,0,,,0.0000,
0002,千房FC,500004,FC第4エリア,542   ,広島パセーラ店,2026/08/12,水,平日,,曇,31.0,25.0,計,260632,85000,3.0663,1.5847,155666,1.6743,183,68,1424.2,3.27,0,,114,1.6053,0,,0.0000,0.1198,,0,0.0000,0.0000,0.0000,0.1198,0,,,0.0000,
0002,千房FC,500004,FC第4エリア,542   ,広島パセーラ店,2026/08/13,木,平日,,曇,30.0,26.0,計,260802,170000,1.5341,1.5796,178373,1.4621,183,69,1425.1,3.27,102,1.7941,132,1.3864,52401,,0.0000,0.1079,,0,0.0000,0.0000,0.0000,0.1079,0,,,0.0000,
0002,千房FC,500004,FC第4エリア,542   ,広島パセーラ店,2026/08/14,金,平日,,晴,33.0,26.0,計,273191,170000,1.6070,1.5821,180033,1.5175,204,75,1339.2,3.64,102,2.0000,121,1.6860,52401,,0.0000,0.0978,,0,0.0000,0.0000,0.0000,0.0978,0,,,0.0000,
0002,千房FC,500004,FC第4エリア,542   ,広島パセーラ店,2026/08/15,土,土曜,,曇,33.0,26.0,計,265479,170000,1.5616,1.5804,174296,1.5232,168,80,1580.2,3.00,110,1.5273,124,1.3548,86240,,0.0000,0.0896,,0,0.0000,0.0000,0.0000,0.0896,0,,,0.0000,
0002,千房FC,500004,FC第4エリア,542   ,広島パセーラ店,2026/08/16,日,日祝,,曇,31.0,25.0,計,185326,180000,1.0296,1.5351,182472,1.0156,143,52,1296.0,2.55,118,1.2119,101,1.4158,86220,,0.0000,0.0847,,0,0.0000,0.0000,0.0000,0.0847,0,,,0.0000,
0002,千房FC,500002,FC第2エリア,544   ,静岡パルシェ店,2026/08/01,土,土曜,,晴,32.0,26.0,計,309882,210000,1.4756,1.4756,186964,1.6574,129,59,2402.2,3.23,112,1.1518,106,1.2170,40226,8520,0.0275,0.0275,,0,0.0000,0.0000,0.0275,0.0275,0,,,0.0000,
0002,千房FC,500002,FC第2エリア,544   ,静岡パルシェ店,2026/08/02,日,日祝,,晴,34.0,28.0,計,193172,195000,0.9906,1.2421,172494,1.1199,102,43,1893.8,2.55,97,1.0515,107,0.9533,37353,,0.0000,0.0169,,0,0.0000,0.0000,0.0000,0.0169,0,,,0.0000,
0002,千房FC,500002,FC第2エリア,544   ,静岡パルシェ店,2026/08/03,月,平日,,曇,30.0,26.0,計,65907,115000,0.5731,1.0942,160419,0.4108,32,17,2059.6,0.80,69,0.4638,86,0.3721,22028,133564,2.0266,0.2497,,0,0.0000,0.0000,2.0266,0.2497,0,,,0.0000,
0002,千房FC,500002,FC第2エリア,544   ,静岡パルシェ店,2026/08/04,火,平日,,晴,31.0,25.0,計,116612,119959,0.9721,1.0713,102513,1.1375,57,34,2045.8,1.43,72,0.7917,65,0.8769,22028,19922,0.1708,0.2363,,0,0.0000,0.0000,0.1708,0.2363,0,,,0.0000,
0002,千房FC,500002,FC第2エリア,544   ,静岡パルシェ店,2026/08/05,水,平日,,晴,33.0,24.0,計,94875,120000,0.7906,1.0270,134499,0.7054,43,27,2206.4,1.08,72,0.5972,78,0.5513,22028,,0.0000,0.2076,,0,0.0000,0.0000,0.0000,0.2076,0,,,0.0000,
0002,千房FC,500002,FC第2エリア,544   ,静岡パルシェ店,2026/08/06,木,平日,,晴,33.0,26.0,計,230295,120000,1.9191,1.1486,154019,1.4952,89,41,2587.6,2.23,72,1.2361,87,1.0230,22028,48199,0.2093,0.2080,,0,0.0000,0.0000,0.2093,0.2080,0,,,0.0000,
0002,千房FC,500002,FC第2エリア,544   ,静岡パルシェ店,2026/08/07,金,平日,,晴,32.0,26.0,計,188150,160000,1.1759,1.1528,120941,1.5557,82,46,2294.5,2.05,96,0.8542,64,1.2813,22028,21090,0.1121,0.1929,,0,0.0000,0.0000,0.1121,0.1929,0,,,0.0000,
0002,千房FC,500002,FC第2エリア,544   ,静岡パルシェ店,2026/08/08,土,土曜,,晴,31.0,26.0,計,312575,250000,1.2503,1.1717,217103,1.4398,125,50,2500.6,3.13,133,0.9399,126,0.9921,40226,650,0.0021,0.1535,,0,0.0000,0.0000,0.0021,0.1535,0,,,0.0000,
0002,千房FC,500002,FC第2エリア,544   ,静岡パルシェ店,2026/08/09,日,日祝,,晴,31.0,25.0,計,288898,300000,0.9630,1.1323,317666,0.9094,130,61,2222.3,3.25,149,0.8725,180,0.7222,37353,,0.0000,0.1288,,0,0.0000,0.0000,0.0000,0.1288,0,,,0.0000,
0002,千房FC,500002,FC第2エリア,544   ,静岡パルシェ店,2026/08/10,月,平日,,曇,31.0,24.0,計,303987,270000,1.1259,1.1314,247115,1.2301,125,64,2431.9,3.13,162,0.7716,164,0.7622,22028,147809,0.4862,0.1805,,0,0.0000,0.0000,0.4862,0.1805,0,,,0.0000,
0002,千房FC,500002,FC第2エリア,544   ,静岡パルシェ店,2026/08/11,火,日祝,,曇,30.0,24.0,計,208628,270000,0.7727,1.0859,216517,0.9636,114,54,1830.1,2.85,132,0.8636,127,0.8976,37353,4112,0.0197,0.1660,,0,0.0000,0.0000,0.0197,0.1660,0,,,0.0000,
0002,千房FC,500002,FC第2エリア,544   ,静岡パルシェ店,2026/08/12,水,平日,,曇,29.0,23.0,計,270094,150000,1.8006,1.1329,187146,1.4432,122,56,2213.9,3.05,90,1.3556,102,1.1961,22028,83035,0.3074,0.1808,,0,0.0000,0.0000,0.3074,0.1808,0,,,0.0000,
0002,千房FC,500002,FC第2エリア,544   ,静岡パルシェ店,2026/08/13,木,平日,,曇,32.0,24.0,計,153331,180000,0.8518,1.1124,260076,0.5896,64,30,2395.8,1.60,108,0.5926,136,0.4706,22028,105440,0.6877,0.2092,,0,0.0000,0.0000,0.6877,0.2092,0,,,0.0000,
0002,千房FC,500002,FC第2エリア,544   ,静岡パルシェ店,2026/08/14,金,平日,,曇,31.0,25.0,計,336339,250000,1.3454,1.1339,252475,1.3322,140,69,2402.4,3.50,150,0.9333,126,1.1111,22028,13907,0.0413,0.1908,,0,0.0000,0.0000,0.0413,0.1908,0,,,0.0000,
0002,千房FC,500002,FC第2エリア,544   ,静岡パルシェ店,2026/08/15,土,土曜,,曇,30.0,25.0,計,283013,250000,1.1321,1.1337,221203,1.2794,133,56,2127.9,3.33,133,1.0000,126,1.0556,40226,8520,0.0301,0.1772,,0,0.0000,0.0000,0.0301,0.1772,0,,,0.0000,
0002,千房FC,500002,FC第2エリア,544   ,静岡パルシェ店,2026/08/16,日,日祝,,曇,31.0,25.0,計,313592,230000,1.3634,1.1503,255281,1.2284,141,66,2224.1,3.53,114,1.2368,134,1.0522,37353,,0.0000,0.1621,,0,0.0000,0.0000,0.0000,0.1621,0,,,0.0000,
0002,千房FC,500001,FC第1エリア,546   ,江坂店,2026/08/01,土,土曜,,晴,35.0,28.0,計,93624,100000,0.9362,0.9362,338065,0.2769,45,21,2080.5,1.32,50,0.9000,130,0.3462,25045,17620,0.1882,0.1882,,0,0.0000,0.0000,0.1882,0.1882,0,,,0.0000,
0002,千房FC,500001,FC第1エリア,546   ,江坂店,2026/08/02,日,日祝,,晴,37.0,29.0,計,133750,120000,1.1146,1.0335,106860,1.2516,64,29,2089.8,1.88,60,1.0667,50,1.2800,23375,,0.0000,0.0775,,0,0.0000,0.0000,0.0000,0.0775,0,,,0.0000,
0002,千房FC,500001,FC第1エリア,546   ,江坂店,2026/08/03,月,平日,,晴,37.0,28.0,計,22388,80000,0.2799,0.8325,60615,0.3693,17,12,1316.9,0.50,40,0.4250,39,0.4359,13357,14202,0.6344,0.1274,,0,0.0000,0.0000,0.6344,0.1274,0,,,0.0000,
0002,千房FC,500001,FC第1エリア,546   ,江坂店,2026/08/04,火,平日,休,晴,34.0,26.0,計,,0,,0.8325,,,,,,0,0,,,,0,,,0.1274,,0,,0.0000,,0.1274,0,,,,
0002,千房FC,500001,FC第1エリア,546   ,江坂店,2026/08/05,水,平日,,晴,36.0,26.0,計,123450,100000,1.2345,0.9330,102888,1.1998,70,26,1763.6,2.06,50,1.4000,54,1.2963,13357,14400,0.1166,0.1238,,0,0.0000,0.0000,0.1166,0.1238,0,,,0.0000,
0002,千房FC,500001,FC第1エリア,546   ,江坂店,2026/08/06,木,平日,,曇,34.0,28.0,計,57818,80000,0.7227,0.8980,55077,1.0498,31,20,1865.1,0.91,40,0.7750,42,0.7381,13357,18760,0.3245,0.1508,,0,0.0000,0.0000,0.3245,0.1508,0,,,0.0000,
0002,千房FC,500001,FC第1エリア,546   ,江坂店,2026/08/07,金,平日,,曇,35.0,28.0,計,114716,100000,1.1472,0.9409,68793,1.6676,53,30,2164.5,1.56,50,1.0600,46,1.1522,13357,26770,0.2334,0.1681,,0,0.0000,0.0000,0.2334,0.1681,0,,,0.0000,
0002,千房FC,500001,FC第1エリア,546   ,江坂店,2026/08/08,土,土曜,,晴,35.0,27.0,計,75652,130000,0.5819,0.8752,87523,0.8644,39,14,1939.8,1.15,65,0.6000,43,0.9070,25045,,0.0000,0.1477,,0,0.0000,0.0000,0.0000,0.1477,0,,,0.0000,
0002,千房FC,500001,FC第1エリア,546   ,江坂店,2026/08/09,日,日祝,,晴,34.0,27.0,計,172549,150000,1.1503,0.9232,163376,1.0561,74,27,2331.7,2.18,75,0.9867,74,1.0000,23375,,0.0000,0.1156,,0,0.0000,0.0000,0.0000,0.1156,0,,,0.0000,
0002,千房FC,500001,FC第1エリア,546   ,江坂店,2026/08/10,月,平日,,晴,35.0,26.0,計,86419,100000,0.8642,0.9170,119684,0.7221,42,20,2057.6,1.24,50,0.8400,51,0.8235,13357,37513,0.4341,0.1468,,0,0.0000,0.0000,0.4341,0.1468,0,,,0.0000,
0002,千房FC,500001,FC第1エリア,546   ,江坂店,2026/08/11,火,日祝,,晴,31.0,24.0,計,127556,120000,1.0630,0.9333,88818,1.4362,52,24,2453.0,1.53,60,0.8667,61,0.8525,23375,,0.0000,0.1282,,0,0.0000,0.0000,0.0000,0.1282,0,,,0.0000,
0002,千房FC,500001,FC第1エリア,546   ,江坂店,2026/08/12,水,平日,,雨,26.0,23.0,計,146489,100000,1.4649,0.9783,124937,1.1725,82,26,1786.5,2.41,50,1.6400,59,1.3898,13357,20755,0.1417,0.1300,,0,0.0000,0.0000,0.1417,0.1300,0,,,0.0000,
0002,千房FC,500001,FC第1エリア,546   ,江坂店,2026/08/13,木,平日,,曇,31.0,24.0,計,71405,100000,0.7141,0.9577,130889,0.5455,39,23,1830.9,1.15,50,0.7800,75,0.5200,13357,20920,0.2930,0.1395,,0,0.0000,0.0000,0.2930,0.1395,0,,,0.0000,
0002,千房FC,500001,FC第1エリア,546   ,江坂店,2026/08/14,金,平日,,曇,33.0,24.0,計,122676,90000,1.3631,0.9843,125785,0.9753,59,25,2079.3,1.74,45,1.3111,64,0.9219,13357,,0.0000,0.1268,,0,0.0000,0.0000,0.0000,0.1268,0,,,0.0000,
0002,千房FC,500001,FC第1エリア,546   ,江坂店,2026/08/15,土,土曜,,晴,32.0,25.0,計,134382,150000,0.8959,0.9756,113864,1.1802,62,27,2167.5,1.82,75,0.8267,60,1.0333,25045,7080,0.0527,0.1201,,0,0.0000,0.0000,0.0527,0.1201,0,,,0.0000,
0002,千房FC,500001,FC第1エリア,546   ,江坂店,2026/08/16,日,日祝,,曇,31.0,26.0,計,133192,120000,1.1099,0.9854,173298,0.7686,54,19,2466.5,1.59,60,0.9000,75,0.7200,23375,,0.0000,0.1102,,0,0.0000,0.0000,0.0000,0.1102,0,,,0.0000,
0002,千房FC,500002,FC第2エリア,554   ,ザ・モール仙台長町店,2026/08/01,土,土曜,,曇,25.0,22.0,計,185661,150000,1.2377,1.2377,150691,1.2321,106,49,1751.5,2.12,94,1.1277,99,1.0707,0,20351,0.1096,0.1096,,0,0.0000,0.0000,0.1096,0.1096,0,,,0.0000,
0002,千房FC,500002,FC第2エリア,554   ,ザ・モール仙台長町店,2026/08/02,日,日祝,,雨,22.0,19.0,計,192834,150000,1.2856,1.2617,182660,1.0557,121,55,1593.7,2.42,96,1.2604,120,1.0083,0,13907,0.0721,0.0905,,0,0.0000,0.0000,0.0721,0.0905,0,,,0.0000,
0002,千房FC,500002,FC第2エリア,554   ,ザ・モール仙台長町店,2026/08/03,月,平日,,曇,24.0,19.0,計,77069,80000,0.9634,1.1989,51534,1.4955,42,21,1835.0,0.84,46,0.9130,32,1.3125,0,57116,0.7411,0.2006,,0,0.0000,0.0000,0.7411,0.2006,0,,,0.0000,
0002,千房FC,500002,FC第2エリア,554   ,ザ・モール仙台長町店,2026/08/04,火,平日,,晴,25.0,20.0,計,34098,80000,0.4262,1.0645,85855,0.3972,25,15,1363.9,0.50,46,0.5435,57,0.4386,0,14342,0.4206,0.2159,,0,0.0000,0.0000,0.4206,0.2159,0,,,0.0000,
0002,千房FC,500002,FC第2エリア,554   ,ザ・モール仙台長町店,2026/08/05,水,平日,,晴,26.0,20.0,計,109392,80000,1.3674,1.1094,64592,1.6936,43,21,2544.0,0.86,46,0.9348,42,1.0238,0,57255,0.5234,0.2720,,0,0.0000,0.0000,0.5234,0.2720,0,,,0.0000,
0002,千房FC,500002,FC第2エリア,554   ,ザ・モール仙台長町店,2026/08/06,木,平日,,曇,28.0,22.0,計,80155,80000,1.0019,1.0955,70321,1.1398,50,25,1603.1,1.00,46,1.0870,47,1.0638,0,13227,0.1650,0.2594,,0,0.0000,0.0000,0.1650,0.2594,0,,,0.0000,
0002,千房FC,500002,FC第2エリア,554   ,ザ・モール仙台長町店,2026/08/07,金,平日,,晴,31.0,25.0,計,181138,100000,1.8114,1.1949,94576,1.9153,70,35,2587.7,1.40,58,1.2069,55,1.2727,0,99379,0.5486,0.3203,,0,0.0000,0.0000,0.5486,0.3203,0,,,0.0000,
0002,千房FC,500002,FC第2エリア,554   ,ザ・モール仙台長町店,2026/08/08,土,土曜,,雨,31.0,25.0,計,159632,160000,0.9977,1.1591,145383,1.0980,104,45,1534.9,2.08,100,1.0400,86,1.2093,0,35885,0.2248,0.3054,,0,0.0000,0.0000,0.2248,0.3054,0,,,0.0000,
0002,千房FC,500002,FC第2エリア,554   ,ザ・モール仙台長町店,2026/08/09,日,日祝,,雨,28.0,23.0,計,191977,170000,1.1293,1.1542,287350,0.6681,114,45,1684.0,2.28,108,1.0556,169,0.6746,0,,0.0000,0.2570,,0,0.0000,0.0000,0.0000,0.2570,0,,,0.0000,
0002,千房FC,500002,FC第2エリア,554   ,ザ・モール仙台長町店,2026/08/10,月,平日,,曇,27.0,22.0,計,178627,200000,0.8931,1.1125,157405,1.1348,109,52,1638.8,2.18,116,0.9397,98,1.1122,0,95052,0.5321,0.2923,,0,0.0000,0.0000,0.5321,0.2923,0,,,0.0000,
0002,千房FC,500002,FC第2エリア,554   ,ザ・モール仙台長町店,2026/08/11,火,日祝,,雨,26.0,20.0,計,238491,250000,0.9540,1.0860,175086,1.3621,151,53,1579.4,3.02,158,0.9557,115,1.3130,0,3986,0.0167,0.2520,,0,0.0000,0.0000,0.0167,0.2520,0,,,0.0000,
0002,千房FC,500002,FC第2エリア,554   ,ザ・モール仙台長町店,2026/08/12,水,平日,,雨,24.0,23.0,計,222274,170000,1.3075,1.1086,137029,1.6221,127,48,1750.2,2.54,97,1.3093,87,1.4598,0,94094,0.4233,0.2726,,0,0.0000,0.0000,0.4233,0.2726,0,,,0.0000,
0002,千房FC,500002,FC第2エリア,554   ,ザ・モール仙台長町店,2026/08/13,木,平日,,曇,26.0,23.0,計,158234,168000,0.9419,1.0934,143903,1.0996,99,42,1598.3,1.98,96,1.0313,81,1.2222,0,9876,0.0624,0.2560,,0,0.0000,0.0000,0.0624,0.2560,0,,,0.0000,
0002,千房FC,500002,FC第2エリア,554   ,ザ・モール仙台長町店,2026/08/14,金,平日,,雨,25.0,23.0,計,244447,180000,1.3580,1.1170,215617,1.1337,156,62,1567.0,3.12,103,1.5146,142,1.0986,0,126912,0.5192,0.2845,,0,0.0000,0.0000,0.5192,0.2845,0,,,0.0000,
0002,千房FC,500002,FC第2エリア,554   ,ザ・モール仙台長町店,2026/08/15,土,土曜,,曇,27.0,23.0,計,231917,230000,1.0083,1.1058,200161,1.1587,147,62,1577.7,2.94,143,1.0280,128,1.1484,0,19536,0.0842,0.2659,,0,0.0000,0.0000,0.0842,0.2659,0,,,0.0000,
0002,千房FC,500002,FC第2エリア,554   ,ザ・モール仙台長町店,2026/08/16,日,日祝,,晴,27.0,22.0,計,157723,200000,0.7886,1.0799,140516,1.1225,96,44,1642.9,1.92,128,0.7500,87,1.1034,0,,0.0000,0.2500,,0,0.0000,0.0000,0.0000,0.2500,0,,,0.0000,
0002,千房FC,500003,FC第3エリア,558   ,ADVANCE 広尾店,2026/08/01,土,土曜,,晴,35.0,26.0,計,238840,290000,0.8236,0.8236,166375,1.4356,16,8,14927.5,0.76,11,1.4545,15,1.0667,0,47848,0.2003,0.2003,,22181,0.0929,0.0929,0.2932,0.2932,864,16586.1,,0.0000,
0002,千房FC,500003,FC第3エリア,558   ,ADVANCE 広尾店,2026/08/02,日,日祝,,晴,34.0,25.0,計,324981,290000,1.1206,0.9721,268205,1.2117,37,13,8783.3,1.76,9,4.1111,20,1.8500,0,3745,0.0115,0.0915,,60643,0.1866,0.1469,0.1981,0.2384,2340,8332.8,,0.0000,
0002,千房FC,500003,FC第3エリア,558   ,ADVANCE 広尾店,2026/08/03,月,平日,,曇,26.0,23.0,計,42200,200000,0.2110,0.7770,73450,0.5745,4,2,10550.0,0.19,18,0.2222,7,0.5714,0,76471,1.8121,0.2113,,7793,0.1847,0.1495,1.9968,0.3608,310,8167.7,,0.0000,
0002,千房FC,500003,FC第3エリア,558   ,ADVANCE 広尾店,2026/08/04,火,平日,,晴,29.0,23.0,計,339785,200000,1.6989,0.9651,90700,3.7463,16,5,21236.6,0.76,18,0.8889,8,2.0000,0,15186,0.0447,0.1515,,30542,0.0899,0.1281,0.1346,0.2796,1151,17712.5,,0.0000,
0002,千房FC,500003,FC第3エリア,558   ,ADVANCE 広尾店,2026/08/05,水,平日,,曇,30.0,23.0,計,289350,200000,1.4468,1.0467,391810,0.7385,18,7,16075.0,0.86,18,1.0000,23,0.7826,0,12737,0.0440,0.1263,,26431,0.0913,0.1195,0.1354,0.2458,1004,17291.8,,0.0000,
0002,千房FC,500003,FC第3エリア,558   ,ADVANCE 広尾店,2026/08/06,木,平日,,晴,31.0,23.0,計,150530,200000,0.7527,1.0041,303955,0.4952,10,4,15053.0,0.48,18,0.5556,11,0.9091,0,28637,0.1902,0.1332,,28692,0.1906,0.1272,0.3808,0.2605,1127,8014.0,,0.0000,
0002,千房FC,500003,FC第3エリア,558   ,ADVANCE 広尾店,2026/08/07,金,平日,,晴,33.0,26.0,計,255990,200000,1.2800,1.0390,269150,0.9511,17,7,15058.2,0.81,18,0.9444,16,1.0625,0,50204,0.1961,0.1430,,27313,0.1067,0.1240,0.3028,0.2671,1050,14628.0,,0.0000,
0002,千房FC,500003,FC第3エリア,558   ,ADVANCE 広尾店,2026/08/08,土,土曜,,晴,33.0,27.0,計,113728,280000,0.4062,0.9438,308186,0.3690,9,5,12636.4,0.43,11,0.8182,20,0.4500,0,84027,0.7388,0.1816,,32968,0.2899,0.1348,1.0287,0.3164,1298,5257.1,,0.0000,
0002,千房FC,500003,FC第3エリア,558   ,ADVANCE 広尾店,2026/08/09,日,日祝,,晴,33.0,25.0,計,297135,280000,1.0612,0.9591,304774,0.9749,21,9,14149.3,1.00,9,2.3333,28,0.7500,0,2584,0.0087,0.1566,,44492,0.1497,0.1369,0.1584,0.2935,1697,10505.7,,0.0000,
0002,千房FC,500003,FC第3エリア,558   ,ADVANCE 広尾店,2026/08/10,月,平日,,晴,30.0,24.0,計,103455,280739,0.3685,0.8906,194297,0.5325,9,2,11495.0,0.43,25,0.3600,14,0.6429,0,48954,0.4732,0.1718,,5450,0.0527,0.1329,0.5259,0.3047,218,28473.9,,0.0000,
0002,千房FC,500003,FC第3エリア,558   ,ADVANCE 広尾店,2026/08/11,火,日祝,,雨,29.0,22.0,計,117700,300000,0.3923,0.8357,94400,1.2468,6,3,19616.7,0.29,10,0.6000,8,0.7500,0,11681,0.0992,0.1680,,22924,0.1948,0.1361,0.2940,0.3041,892,7917.0,,0.0000,
0002,千房FC,500003,FC第3エリア,558   ,ADVANCE 広尾店,2026/08/12,水,平日,,曇,29.0,23.0,計,183050,300000,0.6102,0.8133,173343,1.0560,12,5,15254.2,0.57,26,0.4615,10,1.2000,0,39787,0.2174,0.1717,,22626,0.1236,0.1352,0.3410,0.3069,897,12244.1,,0.0000,
0002,千房FC,500003,FC第3エリア,558   ,ADVANCE 広尾店,2026/08/13,木,平日,,雨,27.0,24.0,計,206244,300000,0.6875,0.8019,192865,1.0694,10,5,20624.4,0.48,0,,15,0.6667,0,74601,0.3617,0.1864,,34754,0.1685,0.1377,0.5302,0.3242,1349,9173.2,,0.0000,
0002,千房FC,500003,FC第3エリア,558   ,ADVANCE 広尾店,2026/08/14,金,平日,,曇,30.0,23.0,計,146995,300000,0.4900,0.7761,413100,0.3558,7,3,20999.3,0.33,26,0.2692,20,0.3500,0,12099,0.0823,0.1810,,35507,0.2416,0.1432,0.3239,0.3242,1404,6281.8,,0.0000,
0002,千房FC,500003,FC第3エリア,558   ,ADVANCE 広尾店,2026/08/15,土,土曜,,雨,28.0,24.0,計,309487,300000,1.0316,0.7956,643565,0.4809,25,10,12379.5,1.19,12,2.0833,32,0.7813,0,4290,0.0139,0.1644,,46170,0.1492,0.1438,0.1630,0.3082,1769,10497.0,,0.0000,
0002,千房FC,500003,FC第3エリア,558   ,ADVANCE 広尾店,2026/08/16,日,日祝,,雨,26.0,23.0,計,269991,300000,0.9000,0.8030,242075,1.1153,17,4,15881.8,0.81,10,1.7000,25,0.6800,0,,0.0000,0.1513,,26032,0.0964,0.1400,0.0964,0.2913,1050,15428.1,,0.0000,
0002,千房FC,500004,FC第4エリア,560   ,イオンモール白山店,2026/08/01,土,土曜,,晴,31.0,26.0,計,221427,200000,1.1071,1.1071,184429,1.2006,158,63,1401.4,3.16,136,1.1618,129,1.2248,0,4260,0.0192,0.0192,,0,0.0000,0.0000,0.0192,0.0192,0,,,0.0000,
0002,千房FC,500004,FC第4エリア,560   ,イオンモール白山店,2026/08/02,日,日祝,,晴,32.0,27.0,計,217329,200000,1.0866,1.0969,218315,0.9955,150,61,1448.9,3.00,140,1.0714,164,0.9146,0,4260,0.0196,0.0194,,0,0.0000,0.0000,0.0196,0.0194,0,,,0.0000,
0002,千房FC,500004,FC第4エリア,560   ,イオンモール白山店,2026/08/03,月,平日,,晴,32.0,26.0,計,86596,93000,0.9311,1.0656,82974,1.0437,58,26,1493.0,1.16,61,0.9508,60,0.9667,0,975,0.0113,0.0181,,0,0.0000,0.0000,0.0113,0.0181,0,,,0.0000,
0002,千房FC,500004,FC第4エリア,560   ,イオンモール白山店,2026/08/04,火,平日,,晴,31.0,27.0,計,53472,93000,0.5750,0.9878,94476,0.5660,43,20,1243.5,0.86,61,0.7049,67,0.6418,0,5650,0.1057,0.0262,,0,0.0000,0.0000,0.1057,0.0262,0,,,0.0000,
0002,千房FC,500004,FC第4エリア,560   ,イオンモール白山店,2026/08/05,水,平日,,曇,32.0,26.0,計,82031,93000,0.8821,0.9733,129340,0.6342,54,25,1519.1,1.08,61,0.8852,108,0.5000,0,,0.0000,0.0229,,0,0.0000,0.0000,0.0000,0.0229,0,,,0.0000,
0002,千房FC,500004,FC第4エリア,560   ,イオンモール白山店,2026/08/06,木,平日,,曇,34.0,27.0,計,79951,93000,0.8597,0.9596,67256,1.1888,55,23,1453.7,1.10,61,0.9016,44,1.2500,0,64427,0.8058,0.1074,,0,0.0000,0.0000,0.8058,0.1074,0,,,0.0000,
0002,千房FC,500004,FC第4エリア,560   ,イオンモール白山店,2026/08/07,金,平日,,曇,34.0,27.0,計,111283,93000,1.1966,0.9851,102925,1.0812,80,37,1391.0,1.60,61,1.3115,77,1.0390,0,48214,0.4333,0.1500,,0,0.0000,0.0000,0.4333,0.1500,0,,,0.0000,
0002,千房FC,500004,FC第4エリア,560   ,イオンモール白山店,2026/08/08,土,土曜,,曇,32.0,25.0,計,230801,200000,1.1540,1.0168,241994,0.9537,179,71,1289.4,3.58,136,1.3162,167,1.0719,0,4260,0.0185,0.1219,,0,0.0000,0.0000,0.0185,0.1219,0,,,0.0000,
0002,千房FC,500004,FC第4エリア,560   ,イオンモール白山店,2026/08/09,日,日祝,,晴,30.0,24.0,計,262927,260000,1.0113,1.0157,297902,0.8826,177,72,1485.5,3.54,182,0.9725,231,0.7662,0,8440,0.0321,0.1044,,0,0.0000,0.0000,0.0321,0.1044,0,,,0.0000,
0002,千房FC,500004,FC第4エリア,560   ,イオンモール白山店,2026/08/10,月,平日,,晴,30.0,24.0,計,232644,200000,1.1632,1.0351,271956,0.8554,168,64,1384.8,3.36,131,1.2824,200,0.8400,0,4260,0.0183,0.0917,,0,0.0000,0.0000,0.0183,0.0917,0,,,0.0000,
0002,千房FC,500004,FC第4エリア,560   ,イオンモール白山店,2026/08/11,火,日祝,,曇,28.0,22.0,計,223622,240000,0.9318,1.0210,208245,1.0738,162,60,1380.4,3.24,168,0.9643,153,1.0588,0,8440,0.0377,0.0850,,0,0.0000,0.0000,0.0377,0.0850,0,,,0.0000,
0002,千房FC,500004,FC第4エリア,560   ,イオンモール白山店,2026/08/12,水,平日,,雨,30.0,23.0,計,187083,240000,0.7795,0.9921,211298,0.8854,134,52,1396.1,2.68,156,0.8590,160,0.8375,0,261648,1.3986,0.2085,,0,0.0000,0.0000,1.3986,0.2085,0,,,0.0000,
0002,千房FC,500004,FC第4エリア,560   ,イオンモール白山店,2026/08/13,木,平日,,雨,30.0,22.0,計,229935,260000,0.8844,0.9797,294224,0.7815,161,61,1428.2,3.22,168,0.9583,216,0.7454,0,14000,0.0609,0.1932,,0,0.0000,0.0000,0.0609,0.1932,0,,,0.0000,
0002,千房FC,500004,FC第4エリア,560   ,イオンモール白山店,2026/08/14,金,平日,,雨,30.0,24.0,計,308218,300000,1.0274,0.9853,256046,1.2038,215,77,1433.6,4.30,196,1.0969,183,1.1749,0,8440,0.0274,0.1730,,0,0.0000,0.0000,0.0274,0.1730,0,,,0.0000,
0002,千房FC,500004,FC第4エリア,560   ,イオンモール白山店,2026/08/15,土,土曜,,曇,32.0,25.0,計,284924,270000,1.0553,0.9920,319063,0.8930,197,73,1446.3,3.94,184,1.0707,224,0.8795,0,8440,0.0296,0.1585,,0,0.0000,0.0000,0.0296,0.1585,0,,,0.0000,
0002,千房FC,500004,FC第4エリア,560   ,イオンモール白山店,2026/08/16,日,日祝,,雨,31.0,24.0,計,223856,280000,0.7995,0.9747,233552,0.9585,147,62,1522.8,2.94,196,0.7500,171,0.8596,0,8440,0.0377,0.1496,,0,0.0000,0.0000,0.0377,0.1496,0,,,0.0000,
0002,千房FC,500001,FC第1エリア,561   ,京都祇園店,2026/08/01,土,土曜,,曇,35.0,26.0,計,,130000,0.0000,0.0000,86441,0.0000,,,,0,52,0.0000,34,0.0000,0,,,,,0,,,,,0,,,,
0002,千房FC,500001,FC第1エリア,561   ,京都祇園店,2026/08/02,日,日祝,,曇,35.0,27.0,計,,130000,0.0000,0.0000,102988,0.0000,,,,0,52,0.0000,49,0.0000,0,,,,,0,,,,,0,,,,
0002,千房FC,500001,FC第1エリア,561   ,京都祇園店,2026/08/03,月,平日,,曇,35.0,27.0,計,,100000,0.0000,0.0000,99626,0.0000,,,,0,33,0.0000,48,0.0000,0,,,,,0,,,,,0,,,,
0002,千房FC,500001,FC第1エリア,561   ,京都祇園店,2026/08/04,火,平日,,晴,34.0,26.0,計,,100000,0.0000,0.0000,110289,0.0000,,,,0,33,0.0000,51,0.0000,0,,,,,0,,,,,0,,,,
0002,千房FC,500001,FC第1エリア,561   ,京都祇園店,2026/08/05,水,平日,,晴,35.0,25.0,計,,100000,0.0000,0.0000,129893,0.0000,,,,0,33,0.0000,63,0.0000,0,,,,,0,,,,,0,,,,
0002,千房FC,500001,FC第1エリア,561   ,京都祇園店,2026/08/06,木,平日,,晴,34.0,27.0,計,,100000,0.0000,0.0000,167539,0.0000,,,,0,33,0.0000,73,0.0000,0,,,,,0,,,,,0,,,,
0002,千房FC,500001,FC第1エリア,561   ,京都祇園店,2026/08/07,金,平日,,曇,34.0,27.0,計,,100000,0.0000,0.0000,68929,0.0000,,,,0,33,0.0000,29,0.0000,0,,,,,0,,,,,0,,,,
0002,千房FC,500001,FC第1エリア,561   ,京都祇園店,2026/08/08,土,土曜,,晴,35.0,27.0,計,,130000,0.0000,0.0000,156499,0.0000,,,,0,52,0.0000,59,0.0000,0,,,,,0,,,,,0,,,,
0002,千房FC,500001,FC第1エリア,561   ,京都祇園店,2026/08/09,日,日祝,,曇,33.0,26.0,計,,130000,0.0000,0.0000,66124,0.0000,,,,0,52,0.0000,34,0.0000,0,,,,,0,,,,,0,,,,
0002,千房FC,500001,FC第1エリア,561   ,京都祇園店,2026/08/10,月,平日,,晴,33.0,26.0,計,,110000,0.0000,0.0000,128338,0.0000,,,,0,36,0.0000,68,0.0000,0,,,,,0,,,,,0,,,,
0002,千房FC,500001,FC第1エリア,561   ,京都祇園店,2026/08/11,火,日祝,,曇,29.0,23.0,計,,120000,0.0000,0.0000,103218,0.0000,,,,0,48,0.0000,52,0.0000,0,,,,,0,,,,,0,,,,
0002,千房FC,500001,FC第1エリア,561   ,京都祇園店,2026/08/12,水,平日,,雨,26.0,23.0,計,,100000,0.0000,0.0000,141713,0.0000,,,,0,33,0.0000,61,0.0000,0,,,,,0,,,,,0,,,,
0002,千房FC,500001,FC第1エリア,561   ,京都祇園店,2026/08/13,木,平日,,雨,27.0,24.0,計,,100000,0.0000,0.0000,184194,0.0000,,,,0,33,0.0000,76,0.0000,0,,,,,0,,,,,0,,,,
0002,千房FC,500001,FC第1エリア,561   ,京都祇園店,2026/08/14,金,平日,,曇,33.0,23.0,計,,100000,0.0000,0.0000,163012,0.0000,,,,0,33,0.0000,83,0.0000,0,,,,,0,,,,,0,,,,
0002,千房FC,500001,FC第1エリア,561   ,京都祇園店,2026/08/15,土,土曜,,雨,31.0,24.0,計,,130000,0.0000,0.0000,142966,0.0000,,,,0,52,0.0000,63,0.0000,0,,,,,0,,,,,0,,,,
0002,千房FC,500001,FC第1エリア,561   ,京都祇園店,2026/08/16,日,日祝,,曇,31.0,26.0,計,,120000,0.0000,0.0000,81999,0.0000,,,,0,48,0.0000,39,0.0000,0,,,,,0,,,,,0,,,,
0002,千房FC,500002,FC第2エリア,562   ,せんちゅうパル店,2026/08/01,土,土曜,,晴,35.0,27.0,計,264031,200000,1.3202,1.3202,240808,1.0964,151,63,1748.5,5.59,128,1.1797,158,0.9557,0,62317,0.2360,0.2360,0,87794,0.3325,0.3325,0.5685,0.5685,3883,4079.8,,0.0000,
0002,千房FC,500002,FC第2エリア,562   ,せんちゅうパル店,2026/08/02,日,日祝,,晴,37.0,29.0,計,251718,230000,1.0944,1.1994,256458,0.9815,135,56,1864.6,5.00,149,0.9060,142,0.9507,0,,0.0000,0.1208,0,66880,0.2657,0.2999,0.2657,0.4207,2907,5195.4,,0.0000,
0002,千房FC,500002,FC第2エリア,562   ,せんちゅうパル店,2026/08/03,月,平日,,曇,37.0,27.0,計,127811,190000,0.6727,1.0380,166697,0.7667,74,37,1727.2,2.74,132,0.5606,110,0.6727,0,75223,0.5885,0.2137,0,72184,0.5648,0.3525,1.1533,0.5662,3157,2429.1,,0.0000,
0002,千房FC,500002,FC第2エリア,562   ,せんちゅうパル店,2026/08/04,火,平日,,晴,34.0,26.0,計,145470,190000,0.7656,0.9741,179514,0.8104,95,48,1531.3,3.52,132,0.7197,114,0.8333,0,58441,0.4017,0.2484,0,77537,0.5330,0.3858,0.9347,0.6342,3369,2590.7,,0.0000,
0002,千房FC,500002,FC第2エリア,562   ,せんちゅうパル店,2026/08/05,水,平日,休,晴,36.0,27.0,計,,0,,0.9741,,,,,,0,0,,,,0,,,0.2484,0,0,,0.3858,,0.6342,0,,,,
0002,千房FC,500002,FC第2エリア,562   ,せんちゅうパル店,2026/08/06,木,平日,,晴,34.0,28.0,計,177649,190000,0.9350,0.9667,168839,1.0522,103,49,1724.7,3.81,132,0.7803,109,0.9450,0,19175,0.1079,0.2226,0,64418,0.3626,0.3815,0.4706,0.6041,3023,3525.9,,0.0000,
0002,千房FC,500002,FC第2エリア,562   ,せんちゅうパル店,2026/08/07,金,平日,,曇,36.0,28.0,計,245698,190000,1.2931,1.0188,204165,1.2034,126,65,1950.0,4.67,132,0.9545,129,0.9767,0,25600,0.1042,0.1986,0,84353,0.3433,0.3738,0.4475,0.5724,3725,3957.6,,0.0000,
0002,千房FC,500002,FC第2エリア,562   ,せんちゅうパル店,2026/08/08,土,土曜,,晴,35.0,27.0,計,247409,250000,0.9896,1.0137,274560,0.9011,127,62,1948.1,4.70,161,0.7888,167,0.7605,0,71113,0.2874,0.2136,0,77772,0.3143,0.3637,0.6018,0.5774,3581,4145.4,,0.0000,
0002,千房FC,500002,FC第2エリア,562   ,せんちゅうパル店,2026/08/09,日,日祝,,曇,34.0,27.0,計,279437,260000,1.0748,1.0231,265993,1.0505,137,56,2039.7,5.07,169,0.8107,173,0.7919,0,,0.0000,0.1793,0,74475,0.2665,0.3481,0.2665,0.5274,3172,5285.7,,0.0000,
0002,千房FC,500002,FC第2エリア,562   ,せんちゅうパル店,2026/08/10,月,平日,,晴,34.0,26.0,計,372621,200000,1.8631,1.1115,239269,1.5573,145,60,2569.8,5.37,138,1.0507,157,0.9236,0,,0.0000,0.1477,0,80369,0.2157,0.3247,0.2157,0.4724,3505,6378.7,,0.0000,
0002,千房FC,500002,FC第2エリア,562   ,せんちゅうパル店,2026/08/11,火,日祝,,晴,30.0,24.0,計,255559,254000,1.0061,1.0991,249990,1.0223,139,60,1838.6,5.15,165,0.8424,160,0.8688,0,,0.0000,0.1317,0,70505,0.2759,0.3195,0.2759,0.4512,3355,4570.4,,0.0000,
0002,千房FC,500002,FC第2エリア,562   ,せんちゅうパル店,2026/08/12,水,平日,休,雨,26.0,22.0,計,,0,,1.0991,,,,,,0,0,,,,0,,,0.1317,0,0,,0.3195,,0.4512,0,,,,
0002,千房FC,500002,FC第2エリア,562   ,せんちゅうパル店,2026/08/13,木,平日,,曇,30.0,23.0,計,263252,250000,1.0530,1.0943,227275,1.1583,132,61,1994.3,4.89,173,0.7630,148,0.8919,0,,0.0000,0.1186,0,81456,0.3094,0.3185,0.3094,0.4370,3559,4438.1,,0.0000,
0002,千房FC,500002,FC第2エリア,562   ,せんちゅうパル店,2026/08/14,金,平日,,曇,33.0,23.0,計,221372,250000,0.8855,1.0746,230613,0.9599,125,56,1771.0,4.63,173,0.7225,147,0.8503,0,,0.0000,0.1094,0,79188,0.3577,0.3215,0.3577,0.4309,3515,3778.8,,0.0000,
0002,千房FC,500002,FC第2エリア,562   ,せんちゅうパル店,2026/08/15,土,土曜,,晴,32.0,25.0,計,231756,250000,0.9270,1.0619,279244,0.8299,134,55,1729.5,4.96,161,0.8323,167,0.8024,0,,0.0000,0.1011,0,76829,0.3315,0.3223,0.3315,0.4234,3294,4221.4,,0.0000,
0002,千房FC,500002,FC第2エリア,562   ,せんちゅうパル店,2026/08/16,日,日祝,,曇,31.0,26.0,計,223480,260000,0.8595,1.0453,218612,1.0223,127,53,1759.7,4.70,169,0.7515,142,0.8944,0,,0.0000,0.0943,0,64463,0.2885,0.3200,0.2885,0.4143,2572,5213.4,,0.0000,
0002,千房FC,500003,FC第3エリア,563   ,北新地,2026/08/01,土,土曜,,晴,35.0,28.0,計,314540,250000,1.2582,1.2582,135710,2.3177,19,5,16554.7,,25,0.7600,14,1.3571,9226,35034,0.1114,0.1114,,0,0.0000,0.0000,0.1114,0.1114,0,,,0.0000,
0002,千房FC,500003,FC第3エリア,563   ,北新地,2026/08/02,日,日祝,休,曇,37.0,29.0,計,,0,,1.2582,,,,,,,0,,,,0,,,0.1114,,0,,0.0000,,0.1114,0,,,,
0002,千房FC,500003,FC第3エリア,563   ,北新地,2026/08/03,月,平日,,曇,38.0,28.0,計,204153,170000,1.2009,1.2350,140420,1.4539,18,9,11341.8,,19,0.9474,13,1.3846,6727,11754,0.0576,0.0902,,0,0.0000,0.0000,0.0576,0.0902,0,,,0.0000,
0002,千房FC,500003,FC第3エリア,563   ,北新地,2026/08/04,火,平日,,晴,34.0,27.0,計,89930,170000,0.5290,1.0316,177950,0.5054,12,6,7494.2,,19,0.6316,18,0.6667,6727,,0.0000,0.0769,,0,0.0000,0.0000,0.0000,0.0769,0,,,0.0000,
0002,千房FC,500003,FC第3エリア,563   ,北新地,2026/08/05,水,平日,,晴,35.0,26.0,計,139020,170000,0.8178,0.9837,226130,0.6148,19,7,7316.8,,19,1.0000,14,1.3571,6727,,0.0000,0.0626,,0,0.0000,0.0000,0.0000,0.0626,0,,,0.0000,
0002,千房FC,500003,FC第3エリア,563   ,北新地,2026/08/06,木,平日,,曇,35.0,28.0,計,84266,170000,0.4957,0.8945,57100,1.4758,13,6,6482.0,,19,0.6842,12,1.0833,6727,,0.0000,0.0562,,0,0.0000,0.0000,0.0000,0.0562,0,,,0.0000,
0002,千房FC,500003,FC第3エリア,563   ,北新地,2026/08/07,金,平日,,曇,35.0,28.0,計,257150,170000,1.5126,0.9901,186570,1.3783,29,12,8867.2,,19,1.5263,19,1.5263,6727,29600,0.1151,0.0701,,0,0.0000,0.0000,0.1151,0.0701,0,,,0.0000,
0002,千房FC,500003,FC第3エリア,563   ,北新地,2026/08/08,土,土曜,,晴,35.0,26.0,計,177253,280000,0.6330,0.9176,95750,1.8512,17,6,10426.6,,28,0.6071,15,1.1333,9226,11586,0.0654,0.0695,,0,0.0000,0.0000,0.0654,0.0695,0,,,0.0000,
0002,千房FC,500003,FC第3エリア,563   ,北新地,2026/08/09,日,日祝,休,晴,34.0,28.0,計,,0,,0.9176,,,,,,,0,,,,0,,,0.0695,,0,,0.0000,,0.0695,0,,,,
0002,千房FC,500003,FC第3エリア,563   ,北新地,2026/08/10,月,平日,,晴,35.0,27.0,計,153996,175000,0.8800,0.9134,,,11,7,13999.6,,20,0.5500,,,6727,7768,0.0504,0.0674,,0,0.0000,0.0000,0.0504,0.0674,0,,,0.0000,
0002,千房FC,500003,FC第3エリア,563   ,北新地,2026/08/11,火,日祝,,晴,31.0,25.0,計,111093,170000,0.6535,0.8878,26299,4.2242,10,5,11109.3,,0,,5,2.0000,7689,,0.0000,0.0625,,0,0.0000,0.0000,0.0000,0.0625,0,,,0.0000,
0002,千房FC,500003,FC第3エリア,563   ,北新地,2026/08/12,水,平日,,雨,26.0,23.0,計,97950,160000,0.6122,0.8644,166640,0.5878,13,5,7534.6,,18,0.7222,13,1.0000,6727,,0.0000,0.0588,,0,0.0000,0.0000,0.0000,0.0588,0,,,0.0000,
0002,千房FC,500003,FC第3エリア,563   ,北新地,2026/08/13,木,平日,,曇,31.0,24.0,計,19456,175000,0.1112,0.8004,80400,0.2420,9,5,2161.8,,20,0.4500,21,0.4286,6727,,0.0000,0.0581,,0,0.0000,0.0000,0.0000,0.0581,0,,,0.0000,
0002,千房FC,500003,FC第3エリア,563   ,北新地,2026/08/14,金,平日,,曇,33.0,24.0,計,222644,175000,1.2723,0.8373,33770,6.5930,30,9,7421.5,,20,1.5000,5,6.0000,6727,,0.0000,0.0512,,0,0.0000,0.0000,0.0000,0.0512,0,,,0.0000,
0002,千房FC,500003,FC第3エリア,563   ,北新地,2026/08/15,土,土曜,,晴,32.0,26.0,計,,280000,0.0000,0.7441,170830,0.0000,,,,,28,0.0000,20,0.0000,9226,,,0.0512,,0,,0.0000,,0.0512,0,,,,
0002,千房FC,500003,FC第3エリア,563   ,北新地,2026/08/16,日,日祝,休,曇,32.0,26.0,計,,0,,0.7441,,,,,,,0,,,,0,,,0.0512,,0,,0.0000,,0.0512,0,,,,
1004,千房フロンティア,300000,IZAKAYA事業部,703   ,いやさか 福島本店,2026/08/01,土,土曜,,晴,36.0,28.0,計,271043,360000,0.7529,0.7529,274184,0.9885,71,22,3817.5,0.99,94,0.7553,85,0.8353,0,65898,0.2431,0.2431,0,71052,0.2621,0.2621,0.5053,0.5053,3044,5342.5,,0.0000,
1004,千房フロンティア,300000,IZAKAYA事業部,703   ,いやさか 福島本店,2026/08/02,日,日祝,,曇,37.0,30.0,計,,0,,0.7529,,,,,,0,0,,,,0,,,0.2431,0,0,,0.2621,,0.5053,0,,,,
1004,千房フロンティア,300000,IZAKAYA事業部,703   ,いやさか 福島本店,2026/08/03,月,平日,,曇,38.0,28.0,計,307688,350000,0.8791,0.8151,271237,1.1344,80,14,3846.1,1.11,92,0.8696,73,1.0959,0,114814,0.3732,0.3123,0,81365,0.2644,0.2634,0.6376,0.5756,3479,5306.5,,0.0000,
1004,千房フロンティア,300000,IZAKAYA事業部,703   ,いやさか 福島本店,2026/08/04,火,平日,,晴,34.0,27.0,計,336107,350000,0.9603,0.8631,312788,1.0746,95,18,3538.0,1.32,92,1.0326,83,1.1446,0,55729,0.1658,0.2585,0,87519,0.2604,0.2623,0.4262,0.5207,3849,5239.4,,0.0000,
1004,千房フロンティア,300000,IZAKAYA事業部,703   ,いやさか 福島本店,2026/08/05,水,平日,,晴,36.0,27.0,計,439716,350000,1.2563,0.9607,385481,1.1407,103,14,4269.1,1.43,92,1.1196,102,1.0098,0,72458,0.1648,0.2280,0,94879,0.2158,0.2472,0.3806,0.4752,4061,6496.7,,0.0000,
1004,千房フロンティア,300000,IZAKAYA事業部,703   ,いやさか 福島本店,2026/08/06,木,平日,,雨,35.0,28.0,計,374531,350000,1.0701,0.9824,418826,0.8942,98,21,3821.7,1.36,92,1.0652,95,1.0316,0,64235,0.1715,0.2158,0,81674,0.2181,0.2409,0.3896,0.4567,3515,6393.1,,0.0000,
1004,千房フロンティア,300000,IZAKAYA事業部,703   ,いやさか 福島本店,2026/08/07,金,平日,,曇,35.0,28.0,計,463982,360000,1.2888,1.0345,410671,1.1298,108,19,4296.1,1.50,94,1.1489,112,0.9643,0,120411,0.2595,0.2250,0,83146,0.1792,0.2278,0.4387,0.4529,3538,7868.5,,0.0000,
1004,千房フロンティア,300000,IZAKAYA事業部,703   ,いやさか 福島本店,2026/08/08,土,土曜,,晴,35.0,27.0,計,252244,350000,0.7207,0.9900,265882,0.9487,71,18,3552.7,0.99,92,0.7717,85,0.8353,0,67462,0.2674,0.2294,0,84059,0.3332,0.2387,0.6007,0.4681,3601,4202.9,,0.0000,
1004,千房フロンティア,300000,IZAKAYA事業部,703   ,いやさか 福島本店,2026/08/09,日,日祝,,晴,34.0,28.0,計,,0,,0.9900,352900,0.0000,,,,0,0,,84,0.0000,0,,,0.2294,0,0,,0.2387,,0.4681,0,,,,
1004,千房フロンティア,300000,IZAKAYA事業部,703   ,いやさか 福島本店,2026/08/10,月,平日,,晴,35.0,27.0,計,371473,350000,1.0614,0.9989,,,93,25,3994.3,1.29,92,1.0109,,,0,125485,0.3378,0.2437,0,95497,0.2571,0.2411,0.5949,0.4848,4203,5303.0,,0.0000,
1004,千房フロンティア,300000,IZAKAYA事業部,703   ,いやさか 福島本店,2026/08/11,火,日祝,,晴,31.0,25.0,計,270693,350000,0.7734,0.9740,156856,1.7257,69,19,3923.1,0.96,92,0.7500,51,1.3529,0,40712,0.1504,0.2355,0,76755,0.2836,0.2448,0.4339,0.4804,3313,4902.4,,0.0000,
1004,千房フロンティア,300000,IZAKAYA事業部,703   ,いやさか 福島本店,2026/08/12,水,平日,,雨,26.0,23.0,計,165817,350000,0.4738,0.9242,243551,0.6808,49,15,3384.0,0.68,92,0.5326,73,0.6712,0,50652,0.3055,0.2391,0,54911,0.3312,0.2492,0.6366,0.4883,2323,4282.8,,0.0000,
1004,千房フロンティア,300000,IZAKAYA事業部,703   ,いやさか 福島本店,2026/08/13,木,平日,,曇,31.0,24.0,計,256690,350000,0.7334,0.9070,271309,0.9461,76,19,3377.5,1.06,92,0.8261,85,0.8941,0,51705,0.2014,0.2363,0,58462,0.2278,0.2477,0.4292,0.4840,2499,6163.0,,0.0000,
1004,千房フロンティア,300000,IZAKAYA事業部,703   ,いやさか 福島本店,2026/08/14,金,平日,,曇,33.0,24.0,計,249984,360000,0.6944,0.8889,321054,0.7786,77,25,3246.5,1.07,94,0.8191,96,0.8021,0,35919,0.1437,0.2302,0,68558,0.2743,0.2494,0.4179,0.4796,2965,5058.7,,0.0000,
1004,千房フロンティア,300000,IZAKAYA事業部,703   ,いやさか 福島本店,2026/08/15,土,土曜,,曇,32.0,26.0,計,103088,350000,0.2945,0.8435,237162,0.4347,37,15,2786.2,0.51,92,0.4022,72,0.5139,0,,0.0000,0.2240,0,46589,0.4519,0.2548,0.4519,0.4789,1976,3130.2,,0.0000,
1004,千房フロンティア,300000,IZAKAYA事業部,703   ,いやさか 福島本店,2026/08/16,日,日祝,,曇,32.0,27.0,計,,0,,0.8435,,,,,,0,0,,,,0,,,0.2240,0,0,,0.2548,,0.4789,0,,,,
1004,千房フロンティア,300000,IZAKAYA事業部,705   ,ときわ福島,2026/08/01,土,土曜,,晴,36.0,28.0,計,86513,110000,0.7865,0.7865,128495,0.6733,29,9,2983.2,0.73,30,0.9667,33,0.8788,0,8958,0.1035,0.1035,0,14214,0.1643,0.1643,0.2678,0.2678,554,9369.6,,0.0000,
1004,千房フロンティア,300000,IZAKAYA事業部,705   ,ときわ福島,2026/08/02,日,日祝,,曇,37.0,30.0,計,,0,,0.7865,,,,,,0,0,,,,0,,,0.1035,0,0,,0.1643,,0.2678,0,,,,
1004,千房フロンティア,300000,IZAKAYA事業部,705   ,ときわ福島,2026/08/03,月,平日,,曇,38.0,28.0,計,121049,110000,1.1004,0.9435,108338,1.1173,34,8,3560.3,0.85,30,1.1333,27,1.2593,0,34077,0.2815,0.2073,0,29331,0.2423,0.2098,0.5238,0.4171,1292,5621.5,,0.0000,
1004,千房フロンティア,300000,IZAKAYA事業部,705   ,ときわ福島,2026/08/04,火,平日,,晴,34.0,27.0,計,156294,110000,1.4209,1.1026,100740,1.5515,41,9,3812.0,1.03,30,1.3667,29,1.4138,0,34828,0.2228,0.2140,0,12443,0.0796,0.1539,0.3024,0.3679,472,19867.9,,0.0000,
1004,千房フロンティア,300000,IZAKAYA事業部,705   ,ときわ福島,2026/08/05,水,平日,,晴,36.0,27.0,計,120976,110000,1.0998,1.1019,128912,0.9384,34,7,3558.1,0.85,30,1.1333,49,0.6939,0,21088,0.1743,0.2041,0,19117,0.1580,0.1549,0.3323,0.3590,806,9005.7,,0.0000,
1004,千房フロンティア,300000,IZAKAYA事業部,705   ,ときわ福島,2026/08/06,木,平日,,雨,35.0,28.0,計,128941,110000,1.1722,1.1160,119665,1.0775,35,10,3684.0,0.88,30,1.1667,29,1.2069,0,19100,0.1481,0.1923,0,20410,0.1583,0.1556,0.3064,0.3480,839,9221.0,,0.0000,
1004,千房フロンティア,300000,IZAKAYA事業部,705   ,ときわ福島,2026/08/07,金,平日,,曇,35.0,28.0,計,144321,120000,1.2027,1.1315,140140,1.0298,34,8,4244.7,0.85,33,1.0303,40,0.8500,0,26677,0.1848,0.1909,0,34651,0.2401,0.1717,0.4249,0.3626,1504,5757.5,,0.0000,
1004,千房フロンティア,300000,IZAKAYA事業部,705   ,ときわ福島,2026/08/08,土,土曜,,晴,35.0,27.0,計,144313,110000,1.3119,1.1569,122185,1.1811,38,10,3797.7,0.95,30,1.2667,34,1.1176,0,18826,0.1305,0.1812,0,15337,0.1063,0.1612,0.2367,0.3425,590,14675.9,,0.0000,
1004,千房フロンティア,300000,IZAKAYA事業部,705   ,ときわ福島,2026/08/09,日,日祝,,晴,34.0,28.0,計,,0,,1.1569,51810,0.0000,,,,0,0,,14,0.0000,0,,,0.1812,0,0,,0.1612,,0.3425,0,,,,
1004,千房フロンティア,300000,IZAKAYA事業部,705   ,ときわ福島,2026/08/10,月,平日,,晴,35.0,27.0,計,148160,110000,1.3469,1.1804,,,37,10,4004.3,0.93,30,1.2333,,,0,43677,0.2948,0.1973,0,21436,0.1447,0.1589,0.4395,0.3562,1005,8845.4,,0.0000,
1004,千房フロンティア,300000,IZAKAYA事業部,705   ,ときわ福島,2026/08/11,火,日祝,,晴,31.0,25.0,計,103147,110000,0.9377,1.1537,131659,0.7834,28,6,3683.8,0.70,30,0.9333,34,0.8235,0,9728,0.0943,0.1881,0,0,0.0000,0.1447,0.0943,0.3328,0,,,0.0000,
1004,千房フロンティア,300000,IZAKAYA事業部,705   ,ときわ福島,2026/08/12,水,平日,,雨,26.0,23.0,計,56412,110000,0.5128,1.0902,60720,0.9291,20,8,2820.6,0.50,30,0.6667,20,1.0000,0,35409,0.6277,0.2085,0,29755,0.5275,0.1625,1.1551,0.3711,1289,2625.8,,0.0000,
1004,千房フロンティア,300000,IZAKAYA事業部,705   ,ときわ福島,2026/08/13,木,平日,,曇,31.0,24.0,計,128305,110000,1.1664,1.0971,121287,1.0579,31,8,4138.9,0.78,30,1.0333,34,0.9118,0,40020,0.3119,0.2185,0,31898,0.2486,0.1708,0.5605,0.3892,1404,5483.1,,0.0000,
1004,千房フロンティア,300000,IZAKAYA事業部,705   ,ときわ福島,2026/08/14,金,平日,,曇,33.0,24.0,計,63458,120000,0.5288,1.0462,40983,1.5484,22,9,2884.5,0.55,33,0.6667,11,2.0000,0,33388,0.5261,0.2324,0,15699,0.2474,0.1743,0.7735,0.4066,647,5884.8,,0.0000,
1004,千房フロンティア,300000,IZAKAYA事業部,705   ,ときわ福島,2026/08/15,土,土曜,,曇,32.0,26.0,計,53229,110000,0.4839,1.0035,108660,0.4899,17,6,3131.1,0.43,30,0.5667,33,0.5152,0,3248,0.0610,0.2261,0,16758,0.3148,0.1794,0.3758,0.4055,691,4621.9,,0.0000,
1004,千房フロンティア,300000,IZAKAYA事業部,705   ,ときわ福島,2026/08/16,日,日祝,,曇,32.0,27.0,計,,0,,1.0035,,,,,,0,0,,,,0,,,0.2261,0,0,,0.1794,,0.4055,0,,,,
1004,千房フロンティア,300000,IZAKAYA事業部,706   ,いやさか別邸(旧 大阪吉野工房),2026/08/01,土,土曜,,晴,36.0,28.0,計,3417,2000,1.7085,1.7085,0,,1,1,3417.0,,1,1.0000,0,,0,10962,3.2081,3.2081,0,0,0.0000,0.0000,3.2081,3.2081,0,,,0.0000,
1004,千房フロンティア,300000,IZAKAYA事業部,706   ,いやさか別邸(旧 大阪吉野工房),2026/08/02,日,日祝,,曇,37.0,30.0,計,,0,,1.7085,,,,,,,0,,,,0,,,3.2081,0,0,,0.0000,,3.2081,0,,,,
1004,千房フロンティア,300000,IZAKAYA事業部,706   ,いやさか別邸(旧 大阪吉野工房),2026/08/03,月,平日,,曇,38.0,28.0,計,0,2000,0.0000,0.8543,0,,0,0,,,1,0.0000,0,,0,12504,,6.8674,0,0,,0.0000,,6.8674,0,,,,
1004,千房フロンティア,300000,IZAKAYA事業部,706   ,いやさか別邸(旧 大阪吉野工房),2026/08/04,火,平日,,晴,34.0,27.0,計,0,2000,0.0000,0.5695,0,,0,0,,,1,0.0000,0,,0,1288,,7.2444,0,0,,0.0000,,7.2444,0,,,,
1004,千房フロンティア,300000,IZAKAYA事業部,706   ,いやさか別邸(旧 大阪吉野工房),2026/08/05,水,平日,,晴,36.0,27.0,計,0,2000,0.0000,0.4271,954,0.0000,0,0,,,1,0.0000,1,0.0000,0,22390,,13.7969,0,0,,0.0000,,13.7969,0,,,,
1004,千房フロンティア,300000,IZAKAYA事業部,706   ,いやさか別邸(旧 大阪吉野工房),2026/08/06,木,平日,,雨,35.0,28.0,計,0,2000,0.0000,0.3417,0,,0,0,,,1,0.0000,0,,0,4918,,15.2362,0,0,,0.0000,,15.2362,0,,,,
1004,千房フロンティア,300000,IZAKAYA事業部,706   ,いやさか別邸(旧 大阪吉野工房),2026/08/07,金,平日,,曇,35.0,28.0,計,2278,2000,1.1390,0.4746,0,,1,1,2278.0,,1,1.0000,0,,0,,0.0000,9.1417,0,0,0.0000,0.0000,0.0000,9.1417,0,,,0.0000,
1004,千房フロンティア,300000,IZAKAYA事業部,706   ,いやさか別邸(旧 大阪吉野工房),2026/08/08,土,土曜,,晴,35.0,27.0,計,2278,2000,1.1390,0.5695,9122,0.2497,1,1,2278.0,,1,1.0000,22,0.0455,0,,0.0000,6.5298,0,0,0.0000,0.0000,0.0000,6.5298,0,,,0.0000,
1004,千房フロンティア,300000,IZAKAYA事業部,706   ,いやさか別邸(旧 大阪吉野工房),2026/08/09,日,日祝,,晴,34.0,28.0,計,,0,,0.5695,1047,0.0000,,,,,0,,1,0.0000,0,,,6.5298,0,0,,0.0000,,6.5298,0,,,,
1004,千房フロンティア,300000,IZAKAYA事業部,706   ,いやさか別邸(旧 大阪吉野工房),2026/08/10,月,平日,,晴,35.0,27.0,計,0,2000,0.0000,0.4983,,,0,0,,,1,0.0000,,,0,,,6.5298,0,0,,0.0000,,6.5298,0,,,,
1004,千房フロンティア,300000,IZAKAYA事業部,706   ,いやさか別邸(旧 大阪吉野工房),2026/08/11,火,日祝,,晴,31.0,25.0,計,0,2000,0.0000,0.4429,11112,0.0000,0,0,,,1,0.0000,1,0.0000,0,,,6.5298,0,0,,0.0000,,6.5298,0,,,,
1004,千房フロンティア,300000,IZAKAYA事業部,706   ,いやさか別邸(旧 大阪吉野工房),2026/08/12,水,平日,,雨,26.0,23.0,計,0,2000,0.0000,0.3987,954,0.0000,0,0,,,1,0.0000,1,0.0000,0,,,6.5298,0,0,,0.0000,,6.5298,0,,,,
1004,千房フロンティア,300000,IZAKAYA事業部,706   ,いやさか別邸(旧 大阪吉野工房),2026/08/13,木,平日,,曇,31.0,24.0,計,0,2000,0.0000,0.3624,0,,0,0,,,1,0.0000,0,,0,,,6.5298,0,0,,0.0000,,6.5298,0,,,,
1004,千房フロンティア,300000,IZAKAYA事業部,706   ,いやさか別邸(旧 大阪吉野工房),2026/08/14,金,平日,,曇,33.0,24.0,計,0,2000,0.0000,0.3322,2093,0.0000,0,0,,,1,0.0000,1,0.0000,0,,,6.5298,0,0,,0.0000,,6.5298,0,,,,
1004,千房フロンティア,300000,IZAKAYA事業部,706   ,いやさか別邸(旧 大阪吉野工房),2026/08/15,土,土曜,,曇,32.0,26.0,計,0,2000,0.0000,0.3067,0,,0,0,,,1,0.0000,0,,0,,,6.5298,0,0,,0.0000,,6.5298,0,,,,
1004,千房フロンティア,300000,IZAKAYA事業部,706   ,いやさか別邸(旧 大阪吉野工房),2026/08/16,日,日祝,,曇,32.0,27.0,計,,0,,0.3067,,,,,,,0,,,,0,,,6.5298,0,0,,0.0000,,6.5298,0,,,,
1004,千房フロンティア,600000,本社,707   ,ニューイヤサカ,2026/08/01,土,土曜,,晴,36.0,28.0,計,,,,,,,,,,0,,,,,,,,,,0,,,,,0,,,,
1004,千房フロンティア,600000,本社,707   ,ニューイヤサカ,2026/08/02,日,日祝,,曇,37.0,30.0,計,,,,,,,,,,0,,,,,,,,,,0,,,,,0,,,,
1004,千房フロンティア,600000,本社,707   ,ニューイヤサカ,2026/08/03,月,平日,,曇,38.0,28.0,計,,,,,,,,,,0,,,,,,,,,,0,,,,,0,,,,
1004,千房フロンティア,600000,本社,707   ,ニューイヤサカ,2026/08/04,火,平日,,晴,34.0,27.0,計,,,,,,,,,,0,,,,,,,,,,0,,,,,0,,,,
1004,千房フロンティア,600000,本社,707   ,ニューイヤサカ,2026/08/05,水,平日,,晴,36.0,27.0,計,,,,,,,,,,0,,,,,,,,,,0,,,,,0,,,,
1004,千房フロンティア,600000,本社,707   ,ニューイヤサカ,2026/08/06,木,平日,,雨,35.0,28.0,計,,,,,,,,,,0,,,,,,,,,,0,,,,,0,,,,
1004,千房フロンティア,600000,本社,707   ,ニューイヤサカ,2026/08/07,金,平日,,曇,35.0,28.0,計,,,,,,,,,,0,,,,,,,,,,0,,,,,0,,,,
1004,千房フロンティア,600000,本社,707   ,ニューイヤサカ,2026/08/08,土,土曜,,晴,35.0,27.0,計,,,,,,,,,,0,,,,,,,,,,0,,,,,0,,,,
1004,千房フロンティア,600000,本社,707   ,ニューイヤサカ,2026/08/09,日,日祝,,晴,34.0,28.0,計,,,,,,,,,,0,,,,,,,,,,0,,,,,0,,,,
1004,千房フロンティア,600000,本社,707   ,ニューイヤサカ,2026/08/10,月,平日,,晴,35.0,27.0,計,,,,,,,,,,0,,,,,,,,,,0,,,,,0,,,,
1004,千房フロンティア,600000,本社,707   ,ニューイヤサカ,2026/08/11,火,日祝,,晴,31.0,25.0,計,,,,,,,,,,0,,,,,,,,,,0,,,,,0,,,,
1004,千房フロンティア,600000,本社,707   ,ニューイヤサカ,2026/08/12,水,平日,,雨,26.0,23.0,計,,,,,,,,,,0,,,,,,,,,,0,,,,,0,,,,
1004,千房フロンティア,600000,本社,707   ,ニューイヤサカ,2026/08/13,木,平日,,曇,31.0,24.0,計,,,,,,,,,,0,,,,,,,,,,0,,,,,0,,,,
1004,千房フロンティア,600000,本社,707   ,ニューイヤサカ,2026/08/14,金,平日,,曇,33.0,24.0,計,,,,,,,,,,0,,,,,,,,,,0,,,,,0,,,,
1004,千房フロンティア,600000,本社,707   ,ニューイヤサカ,2026/08/15,土,土曜,,曇,32.0,26.0,計,,,,,,,,,,0,,,,,,,,,,0,,,,,0,,,,
1004,千房フロンティア,600000,本社,707   ,ニューイヤサカ,2026/08/16,日,日祝,,曇,32.0,27.0,計,,,,,,,,,,0,,,,,,,,,,0,,,,,0,,,,
