業態コード,業態名称,営業部コード,営業部名称,店舗コード,店舗名称,営業日,曜日,曜日区分,店休,天候,最高気温,最低気温,売上分類,売上実績,売上月次予算,売上予算比,売上累計予算比,売上前年,売上前年比,客数実績,組数実績,客数客単価,客数回転数,客数月次予算,客数予算比,客数前年,客数前年比,仕入月次予算,仕入実績,売上仕入率,累計仕入率,人件費月次予算,人件費実績,売上人件費率,累計人件費率,売上FL率,累計FL率,労働時間,人時売上,廃棄額,売上廃棄率,イベント
0001,千房直営,000001,第1エリア,002   ,千日前本店,2026/08/17,月,平日,,曇,31.0,26.0,計,526955,450000,1.1710,1.1710,518832,1.0157,251,102,2099.4,2.85,195,1.2872,232,1.0819,0,106619,0.2023,0.2023,0,116481,0.2210,0.2210,0.4234,0.4234,4954,6382.2,,0.0000,
0001,千房直営,000001,第1エリア,002   ,千日前本店,2026/08/18,火,平日,,曇,32.0,26.0,計,413029,500000,0.8261,0.9895,494291,0.8356,190,78,2173.8,2.16,217,0.8756,214,0.8879,0,120264,0.2912,0.2414,0,104690,0.2535,0.2353,0.5446,0.4767,4625,5358.2,,0.0000,
0001,千房直営,000001,第1エリア,002   ,千日前本店,2026/08/19,水,平日,,晴,34.0,26.0,計,538075,500000,1.0762,1.0194,464339,1.1588,254,106,2118.4,2.89,217,1.1705,214,1.1869,0,47704,0.0887,0.1858,0,111482,0.2072,0.2251,0.2958,0.4108,4847,6660.7,,0.0000,
0001,千房直営,000001,第1エリア,002   ,千日前本店,2026/08/20,木,平日,,晴,34.0,27.0,計,566226,500000,1.1325,1.0484,633711,0.8935,273,94,2074.1,3.10,217,1.2581,291,0.9381,0,79370,0.1402,0.1731,0,114581,0.2024,0.2188,0.3425,0.3919,5073,6696.9,,0.0000,
0001,千房直営,000001,第1エリア,002   ,千日前本店,2026/08/21,金,平日,,晴,35.0,28.0,計,529563,550000,0.9628,1.0295,667515,0.7933,237,101,2234.4,2.69,238,0.9958,269,0.8810,0,133731,0.2525,0.1895,0,98451,0.1859,0.2120,0.4384,0.4015,4311,7370.4,,0.0000,
0001,千房直営,000001,第1エリア,002   ,千日前本店,2026/08/22,土,土曜,,晴,35.0,28.0,計,806726,800000,1.0084,1.0244,908679,0.8878,351,136,2298.4,3.99,347,1.0115,387,0.9070,0,188252,0.2334,0.1999,0,143227,0.1775,0.2038,0.4109,0.4037,6196,7812.1,,0.0000,
0001,千房直営,000001,第1エリア,002   ,千日前本店,2026/08/23,日,日祝,,晴,36.0,28.0,計,568114,750000,0.7575,0.9750,779562,0.7288,266,98,2135.8,3.02,325,0.8185,353,0.7535,0,,0.0000,0.1712,0,156424,0.2753,0.2141,0.2753,0.3853,6822,4996.6,,0.0000,
0001,千房直営,000001,第1エリア,002   ,千日前本店,2026/08/24,月,平日,,晴,35.0,29.0,計,372756,500000,0.7455,0.9498,500255,0.7451,169,64,2205.7,1.92,217,0.7788,219,0.7717,0,100064,0.2684,0.1796,0,96309,0.2584,0.2179,0.5268,0.3975,4182,5348.0,,0.0000,
0001,千房直営,000001,第1エリア,002   ,千日前本店,2026/08/25,火,平日,,晴,34.0,29.0,計,494684,500000,0.9894,0.9537,450643,1.0977,202,84,2448.9,2.30,217,0.9309,173,1.1676,0,49762,0.1006,0.1715,0,107780,0.2179,0.2179,0.3185,0.3894,4758,6238.1,,0.0000,
0001,千房直営,000001,第1エリア,002   ,千日前本店,2026/08/26,水,平日,,晴,35.0,28.0,計,467085,500000,0.9342,0.9519,393455,1.1871,199,75,2347.2,2.26,217,0.9171,187,1.0642,0,7840,0.0168,0.1578,0,116105,0.2486,0.2206,0.2654,0.3784,4767,5879.0,,0.0000,
0001,千房直営,000001,第1エリア,002   ,千日前本店,2026/08/27,木,平日,,晴,34.0,30.0,計,449687,550000,0.8176,0.9398,566749,0.7935,209,74,2151.6,2.38,238,0.8782,258,0.8101,0,35910,0.0799,0.1517,0,110211,0.2451,0.2225,0.3249,0.3742,4483,6018.6,,0.0000,
0001,千房直営,000001,第1エリア,002   ,千日前本店,2026/08/28,金,平日,,曇,32.0,24.0,計,574267,550000,1.0441,0.9484,664277,0.8645,266,93,2158.9,3.02,238,1.1176,269,0.9888,0,,0.0000,0.1379,0,132304,0.2304,0.2232,0.2304,0.3611,5057,6813.5,,0.0000,
0001,千房直営,000001,第1エリア,002   ,千日前本店,2026/08/29,土,土曜,,晴,33.0,27.0,計,619936,800000,0.7749,0.9298,775688,0.7992,264,99,2348.2,3.00,347,0.7608,342,0.7719,0,,0.0000,0.1255,0,151298,0.2441,0.2251,0.2441,0.3506,6283,5920.1,,0.0000,
0001,千房直営,000001,第1エリア,002   ,千日前本店,2026/08/30,日,日祝,,晴,34.0,29.0,計,708886,750000,0.9452,0.9312,588528,1.2045,359,122,1974.6,4.08,325,1.1046,318,1.1289,0,,0.0000,0.1139,0,174693,0.2464,0.2271,0.2464,0.3410,6709,6339.7,,0.0000,
0001,千房直営,000002,第2エリア,005   ,リノアス八尾支店,2026/08/17,月,平日,,曇,32.0,25.0,計,105352,200000,0.5268,0.5268,197715,0.5328,57,33,1848.3,0.65,105,0.5429,105,0.5429,0,88417,0.8393,0.8393,0,42548,0.4039,0.4039,1.2431,1.2431,2021,3127.7,,0.0000,
0001,千房直営,000002,第2エリア,005   ,リノアス八尾支店,2026/08/18,火,平日,,曇,32.0,26.0,計,147940,110000,1.3449,0.8171,116317,1.2719,87,47,1700.5,0.99,63,1.3810,59,1.4746,0,32095,0.2169,0.4758,0,56280,0.3804,0.3902,0.5974,0.8660,2522,3519.6,,0.0000,
0001,千房直営,000002,第2エリア,005   ,リノアス八尾支店,2026/08/19,水,平日,,晴,34.0,25.0,計,135855,200000,0.6793,0.7630,204358,0.6648,72,39,1886.9,0.82,84,0.8571,115,0.6261,0,44235,0.3256,0.4234,0,51894,0.3820,0.3873,0.7076,0.8107,2244,3632.5,,0.0000,
0001,千房直営,000002,第2エリア,005   ,リノアス八尾支店,2026/08/20,木,平日,,晴,34.0,27.0,計,191371,120000,1.5948,0.9215,121334,1.5772,117,64,1635.6,1.33,153,0.7647,73,1.6027,0,45728,0.2389,0.3626,0,64165,0.3353,0.3702,0.5742,0.7327,2884,3981.4,,0.0000,
0001,千房直営,000002,第2エリア,005   ,リノアス八尾支店,2026/08/21,金,平日,,晴,35.0,27.0,計,143828,160000,0.8989,0.9169,158897,0.9052,70,36,2054.7,0.80,84,0.8333,92,0.7609,0,122266,0.8501,0.4594,0,53292,0.3705,0.3702,1.2206,0.8296,2370,3641.2,,0.0000,
0001,千房直営,000002,第2エリア,005   ,リノアス八尾支店,2026/08/22,土,土曜,,晴,35.0,27.0,計,255696,290000,0.8817,0.9074,287484,0.8894,120,61,2130.8,1.36,153,0.7843,147,0.8163,0,19614,0.0767,0.3595,0,88382,0.3457,0.3638,0.4224,0.7234,3816,4020.4,,0.0000,
0001,千房直営,000002,第2エリア,005   ,リノアス八尾支店,2026/08/23,日,日祝,,晴,36.0,27.0,計,326111,360000,0.9059,0.9071,356089,0.9158,177,77,1842.4,2.01,189,0.9365,180,0.9833,0,,0.0000,0.2698,0,94846,0.2908,0.3456,0.2908,0.6154,4099,4773.5,,0.0000,
0001,千房直営,000002,第2エリア,005   ,リノアス八尾支店,2026/08/24,月,平日,,晴,35.0,27.0,計,147118,160000,0.9195,0.9083,167083,0.8805,75,35,1961.6,0.85,84,0.8929,89,0.8427,0,70667,0.4803,0.2911,0,56549,0.3844,0.3495,0.8647,0.6406,2492,3542.2,,0.0000,
0001,千房直営,000002,第2エリア,005   ,リノアス八尾支店,2026/08/25,火,平日,,晴,34.0,27.0,計,115483,120000,0.9624,0.9121,119272,0.9682,58,32,1991.1,0.66,63,0.9206,70,0.8286,0,15527,0.1345,0.2796,0,55420,0.4799,0.3591,0.6144,0.6387,2583,2682.5,,0.0000,
0001,千房直営,000002,第2エリア,005   ,リノアス八尾支店,2026/08/26,水,平日,,晴,35.0,27.0,計,121490,140000,0.8678,0.9087,135809,0.8946,69,39,1760.7,0.78,74,0.9324,82,0.8415,0,17395,0.1432,0.2698,0,54637,0.4497,0.3656,0.5929,0.6354,2414,3019.6,,0.0000,
0001,千房直営,000002,第2エリア,005   ,リノアス八尾支店,2026/08/27,木,平日,,晴,33.0,28.0,計,125738,150000,0.8383,0.9035,152664,0.8236,68,37,1849.1,0.77,79,0.8608,92,0.7391,0,11584,0.0921,0.2575,0,47076,0.3744,0.3662,0.4665,0.6237,2177,3465.4,,0.0000,
0001,千房直営,000002,第2エリア,005   ,リノアス八尾支店,2026/08/28,金,平日,,曇,32.0,25.0,計,138753,120000,1.1563,0.9177,125614,1.1046,61,33,2274.6,0.69,63,0.9683,73,0.8356,0,55931,0.4031,0.2678,0,54337,0.3916,0.3680,0.7947,0.6358,2375,3505.3,,0.0000,
0001,千房直営,000002,第2エリア,005   ,リノアス八尾支店,2026/08/29,土,土曜,,晴,33.0,27.0,計,298224,300000,0.9941,0.9271,296947,1.0043,154,69,1936.5,1.75,158,0.9747,140,1.1000,0,38628,0.1295,0.2495,0,105035,0.3522,0.3659,0.4817,0.6154,4361,4103.1,,0.0000,
0001,千房直営,000002,第2エリア,005   ,リノアス八尾支店,2026/08/30,日,日祝,,晴,35.0,28.0,計,335906,310000,1.0836,0.9448,309493,1.0853,168,73,1999.4,1.91,163,1.0307,166,1.0120,0,,0.0000,0.2171,0,101425,0.3019,0.3576,0.3019,0.5748,4203,4795.2,,0.0000,
0001,千房直営,000001,第1エリア,010   ,京都アバンティ支店,2026/08/17,月,平日,,曇,31.0,26.0,計,203690,250000,0.8148,0.8148,202854,1.0041,104,48,1958.6,3.06,159,0.6541,81,1.2840,0,48819,0.2397,0.2397,0,59165,0.2905,0.2905,0.5301,0.5301,2598,4704.2,,0.0000,
0001,千房直営,000001,第1エリア,010   ,京都アバンティ支店,2026/08/18,火,平日,,曇,32.0,26.0,計,119451,250000,0.4778,0.6463,290365,0.4114,64,32,1866.4,1.88,159,0.4025,123,0.5203,0,8784,0.0735,0.1783,0,47315,0.3961,0.3295,0.4696,0.5078,2212,3240.1,,0.0000,
0001,千房直営,000001,第1エリア,010   ,京都アバンティ支店,2026/08/19,水,平日,,曇,35.0,25.0,計,226840,250000,0.9074,0.7333,218479,1.0383,101,47,2245.9,2.97,159,0.6352,121,0.8347,0,30664,0.1352,0.1605,0,55693,0.2455,0.2949,0.3807,0.4554,2389,5697.1,,0.0000,
0001,千房直営,000001,第1エリア,010   ,京都アバンティ支店,2026/08/20,木,平日,,晴,36.0,26.0,計,220321,250000,0.8813,0.7703,226261,0.9737,125,66,1762.6,3.68,159,0.7862,100,1.2500,0,38299,0.1738,0.1643,0,57404,0.2605,0.2851,0.4344,0.4494,2397,5514.9,,0.0000,
0001,千房直営,000001,第1エリア,010   ,京都アバンティ支店,2026/08/21,金,平日,,曇,34.0,27.0,計,201263,250000,0.8051,0.7773,241532,0.8333,106,52,1898.7,3.12,159,0.6667,102,1.0392,0,72447,0.3600,0.2048,0,59561,0.2959,0.2873,0.6559,0.4921,2628,4595.0,,0.0000,
0001,千房直営,000001,第1エリア,010   ,京都アバンティ支店,2026/08/22,土,土曜,,曇,36.0,26.0,計,238549,360000,0.6626,0.7516,303930,0.7849,121,55,1971.5,3.56,276,0.4384,135,0.8963,0,24757,0.1038,0.1849,0,60610,0.2541,0.2808,0.3579,0.4657,2712,5277.6,,0.0000,
0001,千房直営,000001,第1エリア,010   ,京都アバンティ支店,2026/08/23,日,日祝,,曇,38.0,27.0,計,292327,360000,0.8120,0.7627,338128,0.8645,133,58,2197.9,3.91,288,0.4618,149,0.8926,0,3360,0.0115,0.1512,0,64918,0.2221,0.2693,0.2336,0.4205,2862,6128.4,,0.0000,
0001,千房直営,000001,第1エリア,010   ,京都アバンティ支店,2026/08/24,月,平日,,雨,38.0,27.0,計,244725,250000,0.9789,0.7870,172698,1.4171,112,51,2185.0,3.29,159,0.7044,81,1.3827,0,100606,0.4111,0.1876,0,54628,0.2232,0.2629,0.6343,0.4505,2333,6293.8,,0.0000,
0001,千房直営,000001,第1エリア,010   ,京都アバンティ支店,2026/08/25,火,平日,,晴,37.0,27.0,計,211811,250000,0.8472,0.7931,267963,0.7904,106,59,1998.2,3.12,159,0.6667,122,0.8689,0,32358,0.1528,0.1838,0,59867,0.2826,0.2650,0.4354,0.4488,2479,5126.5,,0.0000,
0001,千房直営,000001,第1エリア,010   ,京都アバンティ支店,2026/08/26,水,平日,,晴,37.0,27.0,計,177149,250000,0.7086,0.7853,230323,0.7691,82,39,2160.4,2.41,159,0.5157,103,0.7961,0,20886,0.1179,0.1784,0,53640,0.3028,0.2681,0.4207,0.4465,2137,4973.8,,0.0000,
0001,千房直営,000001,第1エリア,010   ,京都アバンティ支店,2026/08/27,木,平日,,晴,34.0,28.0,計,217230,250000,0.8689,0.7924,238519,0.9107,102,51,2129.7,3.00,159,0.6415,108,0.9444,0,63849,0.2939,0.1890,0,59282,0.2729,0.2686,0.5668,0.4576,2262,5762.1,,0.0000,
0001,千房直営,000001,第1エリア,010   ,京都アバンティ支店,2026/08/28,金,平日,,晴,31.0,24.0,計,129385,250000,0.5175,0.7710,240070,0.5389,57,32,2269.9,1.68,159,0.3585,94,0.6064,0,87353,0.6751,0.2144,0,45757,0.3537,0.2730,1.0288,0.4874,1986,3908.9,,0.0000,
0001,千房直営,000001,第1エリア,010   ,京都アバンティ支店,2026/08/29,土,土曜,,曇,32.0,25.0,計,242368,360000,0.6732,0.7612,252464,0.9600,104,48,2330.5,3.06,276,0.3768,116,0.8966,0,13020,0.0537,0.2001,0,61721,0.2547,0.2714,0.3084,0.4715,2718,5350.3,,0.0000,
0001,千房直営,000001,第1エリア,010   ,京都アバンティ支店,2026/08/30,日,日祝,,曇,35.0,26.0,計,236016,360000,0.6556,0.7516,210623,1.1206,105,47,2247.8,3.09,288,0.3646,102,1.0294,0,1680,0.0071,0.1847,0,66130,0.2802,0.2721,0.2873,0.4568,2528,5601.6,,0.0000,
0001,千房直営,000001,第1エリア,013   ,堺東支店,2026/08/17,月,平日,,雨,32.0,25.0,計,236634,160000,1.4790,1.4790,321605,0.7358,104,63,2275.3,1.86,83,1.2530,161,0.6460,0,192446,0.8133,0.8133,0,58535,0.2474,0.2474,1.0606,1.0606,2654,5349.7,,0.0000,
0001,千房直営,000001,第1エリア,013   ,堺東支店,2026/08/18,火,平日,,曇,33.0,26.0,計,233005,160000,1.4563,1.4676,339335,0.6867,115,60,2026.1,2.05,83,1.3855,201,0.5721,0,35963,0.1543,0.4864,0,62580,0.2686,0.2579,0.4229,0.7442,2681,5214.6,,0.0000,
0001,千房直営,000001,第1エリア,013   ,堺東支店,2026/08/19,水,平日,,晴,34.0,26.0,計,193318,200000,0.9666,1.2749,,,95,62,2034.9,1.70,103,0.9223,,,0,18155,0.0939,0.3719,0,73299,0.3792,0.2933,0.4731,0.6652,3140,3694.0,,0.0000,
0001,千房直営,000001,第1エリア,013   ,堺東支店,2026/08/20,木,平日,,晴,34.0,27.0,計,205534,180000,1.1419,1.2407,271484,0.7571,127,74,1618.4,2.27,98,1.2959,163,0.7791,0,62517,0.3042,0.3559,0,64828,0.3154,0.2985,0.6196,0.6544,2652,4650.1,,0.0000,
0001,千房直営,000001,第1エリア,013   ,堺東支店,2026/08/21,金,平日,,晴,34.0,26.0,計,262203,200000,1.3110,1.2563,296371,0.8847,107,64,2450.5,1.91,103,1.0388,161,0.6646,0,49390,0.1884,0.3170,0,62172,0.2371,0.2843,0.4255,0.6013,2668,5896.6,,0.0000,
0001,千房直営,000001,第1エリア,013   ,堺東支店,2026/08/22,土,土曜,,晴,34.0,27.0,計,236565,270000,0.8762,1.1686,393207,0.6016,118,61,2004.8,2.11,145,0.8138,207,0.5700,0,20889,0.0883,0.2775,0,77108,0.3259,0.2915,0.4143,0.5689,3214,4416.3,,0.0000,
0001,千房直営,000001,第1エリア,013   ,堺東支店,2026/08/23,日,日祝,,曇,36.0,27.0,計,336328,290000,1.1598,1.1668,405532,0.8294,136,77,2473.0,2.43,148,0.9189,202,0.6733,0,,0.0000,0.2227,0,76695,0.2280,0.2790,0.2280,0.5016,3207,6292.4,,0.0000,
0001,千房直営,000001,第1エリア,013   ,堺東支店,2026/08/24,月,平日,,晴,35.0,28.0,計,184759,160000,1.1547,1.1656,230454,0.8017,79,43,2338.7,1.41,83,0.9518,132,0.5985,0,85702,0.4639,0.2463,0,61595,0.3334,0.2843,0.7972,0.5306,2799,3960.5,,0.0000,
0001,千房直営,000001,第1エリア,013   ,堺東支店,2026/08/25,火,平日,,晴,34.0,28.0,計,169892,160000,1.0618,1.1563,268537,0.6327,74,48,2295.8,1.32,83,0.8916,139,0.5324,0,29704,0.1748,0.2404,0,62434,0.3675,0.2911,0.5423,0.5315,2745,3713.5,,0.0000,
0001,千房直営,000001,第1エリア,013   ,堺東支店,2026/08/26,水,平日,,晴,35.0,27.0,計,142032,200000,0.7102,1.1112,264224,0.5375,82,56,1732.1,1.46,103,0.7961,154,0.5325,0,,0.0000,0.2249,0,55649,0.3918,0.2976,0.3918,0.5225,2561,3327.6,,0.0000,
0001,千房直営,000001,第1エリア,013   ,堺東支店,2026/08/27,木,平日,,曇,33.0,29.0,計,160972,180000,0.8943,1.0932,252274,0.6381,80,52,2012.2,1.43,98,0.8163,134,0.5970,0,,0.0000,0.2095,0,58291,0.3621,0.3020,0.3621,0.5116,2470,3910.3,,0.0000,
0001,千房直営,000001,第1エリア,013   ,堺東支店,2026/08/28,金,平日,,曇,32.0,26.0,計,167553,200000,0.8378,1.0715,295110,0.5678,81,53,2068.6,1.45,103,0.7864,150,0.5400,0,,0.0000,0.1957,0,66335,0.3959,0.3083,0.3959,0.5039,2935,3425.3,,0.0000,
0001,千房直営,000001,第1エリア,013   ,堺東支店,2026/08/29,土,土曜,,晴,34.0,28.0,計,304969,270000,1.1295,1.0775,382765,0.7968,132,73,2310.4,2.36,145,0.9103,186,0.7097,0,,0.0000,0.1746,0,97369,0.3193,0.3094,0.3193,0.4840,3799,4816.6,,0.0000,
0001,千房直営,000001,第1エリア,013   ,堺東支店,2026/08/30,日,日祝,,晴,35.0,29.0,計,295146,290000,1.0177,1.0715,389899,0.7570,156,74,1892.0,2.79,148,1.0541,196,0.7959,0,,0.0000,0.1581,0,81012,0.2745,0.3061,0.2745,0.4643,3338,5305.2,,0.0000,
0001,千房直営,000001,第1エリア,014   ,高槻阪急スクエア支店,2026/08/17,月,平日,,曇,31.0,25.0,計,244660,200000,1.2233,1.2233,166190,1.4722,140,65,1747.6,2.64,0,,96,1.4583,0,112310,0.4590,0.4590,0,67927,0.2776,0.2776,0.7367,0.7367,3019,4862.4,,0.0000,
0001,千房直営,000001,第1エリア,014   ,高槻阪急スクエア支店,2026/08/18,火,平日,,曇,33.0,26.0,計,188024,200000,0.9401,1.0817,202747,0.9274,93,53,2021.8,1.75,0,,127,0.7323,0,39920,0.2123,0.3518,0,62996,0.3350,0.3026,0.5474,0.6544,2841,3970.9,,0.0000,
0001,千房直営,000001,第1エリア,014   ,高槻阪急スクエア支店,2026/08/19,水,平日,,曇,35.0,25.0,計,190400,200000,0.9520,1.0385,219041,0.8692,104,59,1830.8,1.96,0,,150,0.6933,0,108160,0.5681,0.4179,0,64789,0.3403,0.3141,0.9083,0.7320,2937,3889.7,,0.0000,
0001,千房直営,000001,第1エリア,014   ,高槻阪急スクエア支店,2026/08/20,木,平日,,晴,35.0,25.0,計,189401,250000,0.7576,0.9559,199152,0.9510,134,83,1413.4,2.53,0,,109,1.2294,0,41986,0.2217,0.3722,0,70499,0.3722,0.3277,0.5939,0.6998,3161,3595.1,,0.0000,
0001,千房直営,000001,第1エリア,014   ,高槻阪急スクエア支店,2026/08/21,金,平日,,晴,36.0,27.0,計,204658,200000,1.0233,0.9687,236953,0.8637,101,53,2026.3,1.91,0,,127,0.7953,0,107298,0.5243,0.4028,0,64234,0.3139,0.3249,0.8381,0.7276,2852,4305.6,,0.0000,
0001,千房直営,000001,第1エリア,014   ,高槻阪急スクエア支店,2026/08/22,土,土曜,,晴,36.0,26.0,計,351445,400000,0.8786,0.9439,374452,0.9386,176,83,1996.8,3.32,0,,221,0.7964,0,26407,0.0751,0.3186,0,99748,0.2838,0.3143,0.3590,0.6330,4501,4684.9,,0.0000,
0001,千房直営,000001,第1エリア,014   ,高槻阪急スクエア支店,2026/08/23,日,日祝,,晴,37.0,27.0,計,342416,350000,0.9783,0.9506,416870,0.8214,179,76,1912.9,3.38,0,,221,0.8100,0,,0.0000,0.2549,0,83256,0.2431,0.3001,0.2431,0.5550,3765,5456.8,,0.0000,
0001,千房直営,000001,第1エリア,014   ,高槻阪急スクエア支店,2026/08/24,月,平日,,晴,36.0,27.0,計,138043,200000,0.6902,0.9245,177752,0.7766,79,45,1747.4,1.49,0,,94,0.8404,0,70873,0.5134,0.2742,0,55030,0.3986,0.3074,0.9121,0.5816,2532,3271.2,,0.0000,
0001,千房直営,000001,第1エリア,014   ,高槻阪急スクエア支店,2026/08/25,火,平日,,晴,36.0,27.0,計,162472,200000,0.8124,0.9143,188530,0.8618,93,46,1747.0,1.75,0,,107,0.8692,0,21349,0.1314,0.2626,0,54720,0.3368,0.3098,0.4682,0.5725,2470,3946.7,,0.0000,
0001,千房直営,000001,第1エリア,014   ,高槻阪急スクエア支店,2026/08/26,水,平日,,晴,36.0,26.0,計,128233,200000,0.6412,0.8916,204520,0.6270,82,47,1563.8,1.55,0,,113,0.7257,0,,0.0000,0.2469,0,55186,0.4304,0.3170,0.4304,0.5639,2466,3120.0,,0.0000,
0001,千房直営,000001,第1エリア,014   ,高槻阪急スクエア支店,2026/08/27,木,平日,,晴,33.0,28.0,計,191339,200000,0.9567,0.8966,138858,1.3779,103,53,1857.7,1.94,0,,82,1.2561,0,11044,0.0577,0.2314,0,62237,0.3253,0.3177,0.3830,0.5491,2747,4179.2,,0.0000,
0001,千房直営,000001,第1エリア,014   ,高槻阪急スクエア支店,2026/08/28,金,平日,,雨,30.0,24.0,計,204577,200000,1.0229,0.9056,189127,1.0817,119,53,1719.1,2.25,0,,122,0.9754,0,56891,0.2781,0.2351,0,62313,0.3046,0.3167,0.5827,0.5518,2670,4597.2,,0.0000,
0001,千房直営,000001,第1エリア,014   ,高槻阪急スクエア支店,2026/08/29,土,土曜,,晴,32.0,25.0,計,337774,350000,0.9651,0.9122,306126,1.1034,184,83,1835.7,3.47,0,,175,1.0514,0,35046,0.1038,0.2197,0,105317,0.3118,0.3161,0.4156,0.5358,4419,4586.2,,0.0000,
0001,千房直営,000001,第1エリア,014   ,高槻阪急スクエア支店,2026/08/30,日,日祝,,晴,34.0,26.0,計,336734,320000,1.0523,0.9251,301690,1.1162,185,77,1820.2,3.49,0,,168,1.1012,0,,0.0000,0.1967,0,88124,0.2617,0.3104,0.2617,0.5070,3824,5283.5,,0.0000,
0001,千房直営,000002,第2エリア,015   ,曽根崎支店,2026/08/17,月,平日,,曇,31.0,25.0,計,,0,,,,,,,,0,0,,,,0,2049,,,0,0,,,,,0,,,,
0001,千房直営,000002,第2エリア,015   ,曽根崎支店,2026/08/18,火,平日,,曇,32.0,26.0,計,127663,220000,0.5803,0.5803,202343,0.6309,35,12,3647.5,0.73,73,0.4795,67,0.5224,0,35420,0.2774,0.2935,0,41027,0.3214,0.3214,0.5988,0.6149,1783,4296.0,,0.0000,
0001,千房直営,000002,第2エリア,015   ,曽根崎支店,2026/08/19,水,平日,,晴,34.0,26.0,計,109756,240000,0.4573,0.5161,171692,0.6393,37,19,2966.4,0.77,80,0.4625,58,0.6379,0,18581,0.1693,0.2361,0,44938,0.4094,0.3621,0.5787,0.5982,1937,3399.8,,0.0000,
0001,千房直営,000002,第2エリア,015   ,曽根崎支店,2026/08/20,木,平日,,晴,34.0,27.0,計,196598,260000,0.7561,0.6028,214287,0.9175,63,26,3120.6,1.31,86,0.7326,67,0.9403,0,27288,0.1388,0.1920,0,42967,0.2186,0.2971,0.3574,0.4891,1864,6328.3,,0.0000,
0001,千房直営,000002,第2エリア,015   ,曽根崎支店,2026/08/21,金,平日,,晴,35.0,28.0,計,298488,280000,1.0660,0.7325,256827,1.1622,101,37,2955.3,2.10,93,1.0860,88,1.1477,0,48884,0.1638,0.1805,0,48251,0.1617,0.2419,0.3254,0.4224,2029,8826.7,,0.0000,
0001,千房直営,000002,第2エリア,015   ,曽根崎支店,2026/08/22,土,土曜,,晴,35.0,28.0,計,247599,500000,0.4952,0.6534,475389,0.5208,99,41,2501.0,2.06,166,0.5964,177,0.5593,0,82376,0.3327,0.2190,0,73515,0.2969,0.2558,0.6296,0.4747,3204,4636.7,,0.0000,
0001,千房直営,000002,第2エリア,015   ,曽根崎支店,2026/08/23,日,日祝,,晴,36.0,28.0,計,158502,470000,0.3372,0.5780,428966,0.3695,65,26,2438.5,1.35,156,0.4167,160,0.4063,0,,0.0000,0.1885,0,67907,0.4284,0.2798,0.4284,0.4683,2923,3253.5,,0.0000,
0001,千房直営,000002,第2エリア,015   ,曽根崎支店,2026/08/24,月,平日,,晴,35.0,28.0,計,,0,,0.5780,,,,,,0,0,,,,0,180,,0.1886,0,0,,0.2798,,0.4685,0,,,,
0001,千房直営,000002,第2エリア,015   ,曽根崎支店,2026/08/25,火,平日,,晴,34.0,28.0,計,108811,220000,0.4946,0.5696,129633,0.8394,44,21,2473.0,0.92,73,0.6027,48,0.9167,0,14356,0.1319,0.1837,0,28516,0.2621,0.2783,0.3940,0.4620,1228,5316.5,,0.0000,
0001,千房直営,000002,第2エリア,015   ,曽根崎支店,2026/08/26,水,平日,,晴,35.0,28.0,計,151722,240000,0.6322,0.5758,258605,0.5867,47,20,3228.1,0.98,80,0.5875,87,0.5402,0,6350,0.0419,0.1683,0,41103,0.2709,0.2775,0.3128,0.4458,1685,5402.6,,0.0000,
0001,千房直営,000002,第2エリア,015   ,曽根崎支店,2026/08/27,木,平日,,晴,33.0,29.0,計,141054,260000,0.5425,0.5726,224274,0.6289,45,20,3134.5,0.94,86,0.5233,83,0.5422,0,15023,0.1065,0.1626,0,39085,0.2771,0.2774,0.3836,0.4401,1654,5116.8,,0.0000,
0001,千房直営,000002,第2エリア,015   ,曽根崎支店,2026/08/28,金,平日,,曇,32.0,24.0,計,173946,280000,0.6212,0.5772,302783,0.5745,59,26,2948.2,1.23,93,0.6344,94,0.6277,0,17378,0.0999,0.1563,0,52928,0.3043,0.2802,0.4042,0.4364,2097,4977.0,,0.0000,
0001,千房直営,000002,第2エリア,015   ,曽根崎支店,2026/08/29,土,土曜,,晴,32.0,27.0,計,190644,500000,0.3813,0.5489,278410,0.6848,76,35,2508.5,1.58,166,0.4578,105,0.7238,0,61012,0.3200,0.1727,0,78380,0.4111,0.2933,0.7312,0.4659,3106,3682.8,,0.0000,
0001,千房直営,000002,第2エリア,015   ,曽根崎支店,2026/08/30,日,日祝,,晴,35.0,28.0,計,172161,470000,0.3663,0.5271,346990,0.4962,74,32,2326.5,1.54,156,0.4744,120,0.6167,0,,0.0000,0.1584,0,76221,0.4427,0.3057,0.4427,0.4640,3008,3434.1,,0.0000,
0001,千房直営,000004,第4エリア,034   ,華 恵比寿ガーデンプレイス店,2026/08/17,月,平日,,晴,29.0,23.0,計,387799,200000,1.9390,1.9390,218603,1.7740,50,16,7756.0,1.00,30,1.6667,43,1.1628,0,22849,0.0589,0.0589,0,84402,0.2176,0.2176,0.2766,0.2766,3495,6657.5,,0.0000,
0001,千房直営,000004,第4エリア,034   ,華 恵比寿ガーデンプレイス店,2026/08/18,火,平日,,晴,31.0,24.0,計,132839,250000,0.5314,1.1570,211392,0.6284,29,13,4580.7,0.58,40,0.7250,36,0.8056,0,38656,0.2910,0.1181,0,81455,0.6132,0.3186,0.9042,0.4367,3374,2362.3,,0.0000,
0001,千房直営,000004,第4エリア,034   ,華 恵比寿ガーデンプレイス店,2026/08/19,水,平日,,晴,32.0,25.0,計,371443,250000,1.4858,1.2744,298745,1.2433,45,16,8254.3,0.90,40,1.1250,41,1.0976,0,15206,0.0409,0.0860,0,65331,0.1759,0.2592,0.2168,0.3451,2694,8272.7,,0.0000,
0001,千房直営,000004,第4エリア,034   ,華 恵比寿ガーデンプレイス店,2026/08/20,木,平日,,晴,32.0,25.0,計,311038,250000,1.2442,1.2664,321289,0.9681,44,18,7069.0,0.88,40,1.1000,50,0.8800,0,46210,0.1486,0.1022,0,84298,0.2710,0.2622,0.4196,0.3644,3435,5433.0,,0.0000,
0001,千房直営,000004,第4エリア,034   ,華 恵比寿ガーデンプレイス店,2026/08/21,金,平日,,雨,31.0,26.0,計,287912,300000,0.9597,1.1928,385569,0.7467,51,21,5645.3,1.02,50,1.0200,72,0.7083,0,195187,0.6779,0.2133,0,81288,0.2823,0.2661,0.9603,0.4795,3469,4979.7,,0.0000,
0001,千房直営,000004,第4エリア,034   ,華 恵比寿ガーデンプレイス店,2026/08/22,土,土曜,,雨,30.0,25.0,計,575312,550000,1.0460,1.1480,580822,0.9905,94,34,6120.3,1.88,100,0.9400,89,1.0562,0,135143,0.2349,0.2193,0,132912,0.2310,0.2563,0.4659,0.4757,5473,6307.1,,0.0000,
0001,千房直営,000004,第4エリア,034   ,華 恵比寿ガーデンプレイス店,2026/08/23,日,日祝,,晴,30.0,24.0,計,446112,550000,0.8111,1.0691,498062,0.8957,73,36,6111.1,1.46,91,0.8022,87,0.8391,0,,0.0000,0.1804,0,115965,0.2599,0.2570,0.2599,0.4374,4879,5486.1,,0.0000,
0001,千房直営,000004,第4エリア,034   ,華 恵比寿ガーデンプレイス店,2026/08/24,月,平日,,晴,32.0,26.0,計,224617,200000,1.1231,1.0734,308887,0.7272,42,16,5348.0,0.84,30,1.4000,42,1.0000,0,119507,0.5320,0.2093,0,69606,0.3099,0.2613,0.8419,0.4706,2962,4550.0,,0.0000,
0001,千房直営,000004,第4エリア,034   ,華 恵比寿ガーデンプレイス店,2026/08/25,火,平日,,晴,34.0,27.0,計,143302,250000,0.5732,1.0287,228224,0.6279,32,12,4478.2,0.64,40,0.8000,37,0.8649,0,37500,0.2617,0.2119,0,69125,0.4824,0.2723,0.7441,0.4842,2869,2996.9,,0.0000,
0001,千房直営,000004,第4エリア,034   ,華 恵比寿ガーデンプレイス店,2026/08/26,水,平日,,晴,33.0,28.0,計,278200,250000,1.1128,1.0356,202666,1.3727,32,11,8693.8,0.64,40,0.8000,33,0.9697,0,75203,0.2703,0.2170,0,70748,0.2543,0.2707,0.5246,0.4877,2934,5689.2,,0.0000,
0001,千房直営,000004,第4エリア,034   ,華 恵比寿ガーデンプレイス店,2026/08/27,木,平日,,曇,29.0,23.0,計,375238,250000,1.5010,1.0709,421596,0.8900,48,19,7817.5,0.96,40,1.2000,72,0.6667,0,39464,0.1052,0.2051,0,86150,0.2296,0.2664,0.3348,0.4715,3422,6579.3,,0.0000,
0001,千房直営,000004,第4エリア,034   ,華 恵比寿ガーデンプレイス店,2026/08/28,金,平日,,晴,31.0,25.0,計,192100,300000,0.6403,1.0350,330571,0.5811,29,12,6624.1,0.58,50,0.5800,49,0.5918,0,118620,0.6175,0.2264,0,77078,0.4012,0.2733,1.0187,0.4997,3156,3652.1,,0.0000,
0001,千房直営,000004,第4エリア,034   ,華 恵比寿ガーデンプレイス店,2026/08/29,土,土曜,,雨,26.0,20.0,計,402505,550000,0.7318,0.9948,389636,1.0330,81,33,4969.2,1.62,90,0.9000,80,1.0125,0,75382,0.1873,0.2226,0,112198,0.2787,0.2738,0.4660,0.4964,4436,5444.2,,0.0000,
0001,千房直営,000004,第4エリア,034   ,華 恵比寿ガーデンプレイス店,2026/08/30,日,日祝,,曇,26.0,20.0,計,564138,550000,1.0257,0.9984,538857,1.0469,87,33,6484.3,1.74,90,0.9667,99,0.8788,0,19602,0.0347,0.2000,0,138089,0.2448,0.2704,0.2795,0.4704,5060,6689.4,,0.0000,
0001,千房直営,000002,第2エリア,035   ,京橋京阪モール支店,2026/08/17,月,平日,,曇,31.0,25.0,計,160909,140000,1.1494,1.1494,169859,0.9473,77,38,2089.7,2.03,73,1.0548,89,0.8652,0,36787,0.2286,0.2286,0,50050,0.3110,0.3110,0.5397,0.5397,2206,4376.5,,0.0000,
0001,千房直営,000002,第2エリア,035   ,京橋京阪モール支店,2026/08/18,火,平日,,曇,32.0,26.0,計,159909,140000,1.1422,1.1458,187440,0.8531,86,48,1859.4,2.26,73,1.1781,86,1.0000,0,9759,0.0610,0.1451,0,47643,0.2979,0.3045,0.3590,0.4496,2148,4466.7,,0.0000,
0001,千房直営,000002,第2エリア,035   ,京橋京阪モール支店,2026/08/19,水,平日,,晴,34.0,26.0,計,122024,140000,0.8716,1.0544,227049,0.5374,67,35,1821.3,1.76,73,0.9178,112,0.5982,0,15374,0.1260,0.1398,0,43387,0.3556,0.3186,0.4816,0.4584,1933,3787.6,,0.0000,
0001,千房直営,000002,第2エリア,035   ,京橋京阪モール支店,2026/08/20,木,平日,,晴,34.0,27.0,計,149903,150000,0.9994,1.0399,163744,0.9155,76,45,1972.4,2.00,78,0.9744,93,0.8172,0,35117,0.2343,0.1637,0,44210,0.2949,0.3126,0.5292,0.4763,1954,4603.0,,0.0000,
0001,千房直営,000002,第2エリア,035   ,京橋京阪モール支店,2026/08/21,金,平日,,晴,35.0,28.0,計,178584,140000,1.2756,1.0864,208609,0.8561,86,50,2076.6,2.26,73,1.1781,102,0.8431,0,72218,0.4044,0.2194,0,47363,0.2652,0.3016,0.6696,0.5211,2095,5114.6,,0.0000,
0001,千房直営,000002,第2エリア,035   ,京橋京阪モール支店,2026/08/22,土,土曜,,晴,35.0,28.0,計,219438,250000,0.8778,1.0320,331829,0.6613,114,60,1924.9,3.00,131,0.8702,168,0.6786,0,28796,0.1312,0.1999,0,66859,0.3047,0.3023,0.4359,0.5022,2861,4602.0,,0.0000,
0001,千房直営,000002,第2エリア,035   ,京橋京阪モール支店,2026/08/23,日,日祝,,晴,36.0,28.0,計,222139,250000,0.8886,1.0024,293004,0.7581,212,61,1047.8,5.58,131,1.6183,150,1.4133,0,,0.0000,0.1633,0,67690,0.3047,0.3027,0.3047,0.4660,2895,4603.9,,0.0000,
0001,千房直営,000002,第2エリア,035   ,京橋京阪モール支店,2026/08/24,月,平日,,晴,35.0,28.0,計,128189,140000,0.9156,0.9934,145007,0.8840,70,40,1831.3,1.84,73,0.9589,75,0.9333,0,54638,0.4262,0.1884,0,47739,0.3724,0.3094,0.7986,0.4978,2162,3557.5,,0.0000,
0001,千房直営,000002,第2エリア,035   ,京橋京阪モール支店,2026/08/25,火,平日,,晴,34.0,28.0,計,177510,140000,1.2679,1.0192,138218,1.2843,97,50,1830.0,2.55,73,1.3288,71,1.3662,0,29030,0.1635,0.1855,0,51713,0.2913,0.3073,0.4549,0.4928,2321,4588.8,,0.0000,
0001,千房直営,000002,第2エリア,035   ,京橋京阪モール支店,2026/08/26,水,平日,,晴,35.0,28.0,計,163449,140000,1.1675,1.0319,132169,1.2367,85,47,1922.9,2.24,73,1.1644,81,1.0494,0,,0.0000,0.1675,0,44298,0.2710,0.3038,0.2710,0.4713,1951,5026.6,,0.0000,
0001,千房直営,000002,第2エリア,035   ,京橋京阪モール支店,2026/08/27,木,平日,,晴,33.0,29.0,計,118983,140000,0.8499,1.0175,131390,0.9056,46,27,2586.6,1.21,73,0.6301,69,0.6667,0,28235,0.2373,0.1721,0,45713,0.3842,0.3091,0.6215,0.4812,2021,3532.4,,0.0000,
0001,千房直営,000002,第2エリア,035   ,京橋京阪モール支店,2026/08/28,金,平日,,曇,32.0,24.0,計,171227,140000,1.2231,1.0326,154246,1.1101,83,38,2063.0,2.18,73,1.1370,80,1.0375,0,65819,0.3844,0.1905,0,46298,0.2704,0.3057,0.6548,0.4963,1942,5290.2,,0.0000,
0001,千房直営,000002,第2エリア,035   ,京橋京阪モール支店,2026/08/29,土,土曜,,晴,32.0,27.0,計,237502,250000,0.9500,1.0230,275514,0.8620,145,61,1637.9,3.82,131,1.1069,156,0.9295,0,22214,0.0935,0.1801,0,74009,0.3116,0.3064,0.4051,0.4865,3024,4712.3,,0.0000,
0001,千房直営,000002,第2エリア,035   ,京橋京阪モール支店,2026/08/30,日,日祝,,晴,35.0,28.0,計,213103,250000,0.8524,1.0053,342714,0.6218,128,56,1664.9,3.37,131,0.9771,179,0.7151,0,,0.0000,0.1643,0,70828,0.3324,0.3086,0.3324,0.4729,2792,4579.6,,0.0000,
0001,千房直営,000002,第2エリア,040   ,ハービスＰＬＡＺＡ梅田支店,2026/08/17,月,平日,,曇,31.0,25.0,計,135735,200000,0.6787,0.6787,232479,0.5839,76,35,1786.0,2.17,76,1.0000,119,0.6387,0,32252,0.2376,0.2376,0,55008,0.4053,0.4053,0.6429,0.6429,2436,3343.2,,0.0000,
0001,千房直営,000002,第2エリア,040   ,ハービスＰＬＡＺＡ梅田支店,2026/08/18,火,平日,,曇,32.0,26.0,計,143753,210000,0.6845,0.6817,,,63,28,2281.8,1.80,80,0.7875,,,0,20714,0.1441,0.1895,0,53641,0.3731,0.3887,0.5172,0.5783,2328,3705.0,,0.0000,
0001,千房直営,000002,第2エリア,040   ,ハービスＰＬＡＺＡ梅田支店,2026/08/19,水,平日,,晴,34.0,26.0,計,127265,210000,0.6060,0.6561,277396,0.4588,56,25,2272.6,1.60,80,0.7000,130,0.4308,0,20956,0.1647,0.1817,0,50093,0.3936,0.3903,0.5583,0.5720,2228,3427.2,,0.0000,
0001,千房直営,000002,第2エリア,040   ,ハービスＰＬＡＺＡ梅田支店,2026/08/20,木,平日,,晴,34.0,27.0,計,202972,210000,0.9665,0.7346,250302,0.8109,108,51,1879.4,3.09,80,1.3500,117,0.9231,0,29787,0.1468,0.1701,0,55020,0.2711,0.3506,0.4178,0.5207,2428,5015.8,,0.0000,
0001,千房直営,000002,第2エリア,040   ,ハービスＰＬＡＺＡ梅田支店,2026/08/21,金,平日,,晴,35.0,28.0,計,207417,210000,0.9877,0.7857,198993,1.0423,101,51,2053.6,2.89,80,1.2625,94,1.0745,0,104333,0.5030,0.2546,0,59648,0.2876,0.3346,0.7906,0.5892,2599,4788.4,,0.0000,
0001,千房直営,000002,第2エリア,040   ,ハービスＰＬＡＺＡ梅田支店,2026/08/22,土,土曜,,晴,35.0,28.0,計,312669,320000,0.9771,0.8307,392649,0.7963,140,60,2233.4,4.00,123,1.1382,167,0.8383,0,49253,0.1575,0.2277,0,64505,0.2063,0.2991,0.3638,0.5268,2866,6545.8,,0.0000,
0001,千房直営,000002,第2エリア,040   ,ハービスＰＬＡＺＡ梅田支店,2026/08/23,日,日祝,,晴,36.0,28.0,計,320205,320000,1.0006,0.8631,261391,1.2250,146,64,2193.2,4.17,123,1.1870,113,1.2920,0,,0.0000,0.1774,0,74147,0.2316,0.2842,0.2316,0.4616,3254,5904.2,,0.0000,
0001,千房直営,000002,第2エリア,040   ,ハービスＰＬＡＺＡ梅田支店,2026/08/24,月,平日,,晴,35.0,28.0,計,151564,210000,0.7217,0.8474,220582,0.6871,54,20,2806.7,1.54,80,0.6750,105,0.5143,0,62632,0.4132,0.1998,0,46525,0.3070,0.2863,0.7202,0.4861,2057,4420.9,,0.0000,
0001,千房直営,000002,第2エリア,040   ,ハービスＰＬＡＺＡ梅田支店,2026/08/25,火,平日,,晴,34.0,28.0,計,,0,,0.8474,207444,0.0000,,,,0,0,,112,0.0000,0,,,0.1998,0,0,,0.2863,,0.4861,0,,,,
0001,千房直営,000002,第2エリア,040   ,ハービスＰＬＡＺＡ梅田支店,2026/08/26,水,平日,,晴,35.0,28.0,計,129943,220000,0.5907,0.8206,221646,0.5863,67,33,1939.4,1.91,83,0.8072,108,0.6204,0,41968,0.3230,0.2090,0,50656,0.3898,0.2941,0.7128,0.5031,2209,3529.5,,0.0000,
0001,千房直営,000002,第2エリア,040   ,ハービスＰＬＡＺＡ梅田支店,2026/08/27,木,平日,,晴,33.0,29.0,計,176696,220000,0.8032,0.8190,241475,0.7317,70,36,2524.2,2.00,83,0.8434,102,0.6863,0,21821,0.1235,0.2011,0,62537,0.3539,0.2996,0.4774,0.5007,2459,4311.4,,0.0000,
0001,千房直営,000002,第2エリア,040   ,ハービスＰＬＡＺＡ梅田支店,2026/08/28,金,平日,,曇,32.0,24.0,計,194149,220000,0.8825,0.8245,251275,0.7727,85,41,2284.1,2.43,83,1.0241,98,0.8673,0,36540,0.1882,0.1999,0,65805,0.3389,0.3033,0.5271,0.5032,2609,4464.9,,0.0000,
0001,千房直営,000002,第2エリア,040   ,ハービスＰＬＡＺＡ梅田支店,2026/08/29,土,土曜,,晴,32.0,27.0,計,231322,320000,0.7229,0.8131,368682,0.6274,112,48,2065.4,3.20,123,0.9106,162,0.6914,0,37411,0.1617,0.1961,0,77438,0.3348,0.3064,0.4965,0.5025,3001,4624.9,,0.0000,
0001,千房直営,000002,第2エリア,040   ,ハービスＰＬＡＺＡ梅田支店,2026/08/30,日,日祝,,晴,35.0,28.0,計,206589,320000,0.6456,0.7963,312517,0.6610,95,47,2174.6,2.71,122,0.7787,131,0.7252,0,,0.0000,0.1802,0,75907,0.3674,0.3114,0.3674,0.4915,3059,4052.1,,0.0000,
0001,千房直営,000003,第3エリア,052   ,有楽町ビックカメラ支店,2026/08/17,月,平日,,晴,29.0,22.0,計,140357,260000,0.5398,0.5398,174697,0.8034,52,28,2699.2,0.93,84,0.6190,49,1.0612,0,73200,0.5215,0.5215,0,84085,0.5991,0.5991,1.1206,1.1206,3021,2787.6,,0.0000,
0001,千房直営,000003,第3エリア,052   ,有楽町ビックカメラ支店,2026/08/18,火,平日,,晴,31.0,24.0,計,214901,260000,0.8265,0.6832,179400,1.1979,77,40,2790.9,1.38,84,0.9167,66,1.1667,0,60116,0.2797,0.3753,0,68604,0.3192,0.4298,0.5990,0.8051,2514,5128.9,,0.0000,
0001,千房直営,000003,第3エリア,052   ,有楽町ビックカメラ支店,2026/08/19,水,平日,,晴,32.0,24.0,計,257897,270000,0.9552,0.7761,288804,0.8930,91,44,2834.0,1.63,87,1.0460,104,0.8750,0,5314,0.0206,0.2261,0,82372,0.3194,0.3834,0.3400,0.6095,2955,5236.5,,0.0000,
0001,千房直営,000003,第3エリア,052   ,有楽町ビックカメラ支店,2026/08/20,木,平日,,晴,32.0,25.0,計,320172,270000,1.1858,0.8805,267522,1.1968,133,52,2407.3,2.38,87,1.5287,92,1.4457,0,46680,0.1458,0.1985,0,89355,0.2791,0.3476,0.4249,0.5461,3392,5663.4,,0.0000,
0001,千房直営,000003,第3エリア,052   ,有楽町ビックカメラ支店,2026/08/21,金,平日,,雨,32.0,26.0,計,336139,310000,1.0843,0.9266,320370,1.0492,111,54,3028.3,1.98,100,1.1100,111,1.0000,0,143122,0.4258,0.2587,0,93428,0.2779,0.3291,0.7037,0.5879,3342,6034.8,,0.0000,
0001,千房直営,000003,第3エリア,052   ,有楽町ビックカメラ支店,2026/08/22,土,土曜,,曇,31.0,24.0,計,477393,500000,0.9548,0.9341,556963,0.8571,188,81,2539.3,3.36,200,0.9400,235,0.8000,0,35774,0.0749,0.2085,0,113188,0.2371,0.3040,0.3120,0.5125,4103,6981.1,,0.0000,
0001,千房直営,000003,第3エリア,052   ,有楽町ビックカメラ支店,2026/08/23,日,日祝,,曇,30.0,24.0,計,515814,500000,1.0316,0.9547,522227,0.9877,216,96,2388.0,3.86,209,1.0335,207,1.0435,0,,0.0000,0.1610,0,126777,0.2458,0.2907,0.2458,0.4517,4681,6611.6,,0.0000,
0001,千房直営,000003,第3エリア,052   ,有楽町ビックカメラ支店,2026/08/24,月,平日,,晴,33.0,25.0,計,165147,260000,0.6352,0.9231,206540,0.7996,65,35,2540.7,1.16,84,0.7738,76,0.8553,0,128865,0.7803,0.2031,0,72298,0.4378,0.3007,1.2181,0.5038,2830,3501.3,,0.0000,
0001,千房直営,000003,第3エリア,052   ,有楽町ビックカメラ支店,2026/08/25,火,平日,,晴,34.0,26.0,計,276726,260000,1.0643,0.9358,189248,1.4622,106,45,2610.6,1.89,84,1.2619,71,1.4930,0,68502,0.2475,0.2076,0,81973,0.2962,0.3003,0.5438,0.5079,3197,5193.5,,0.0000,
0001,千房直営,000003,第3エリア,052   ,有楽町ビックカメラ支店,2026/08/26,水,平日,,晴,33.0,27.0,計,271643,270000,1.0061,0.9418,265101,1.0247,113,58,2403.9,2.02,87,1.2989,82,1.3780,0,70151,0.2582,0.2123,0,69665,0.2565,0.2963,0.5147,0.5085,2821,5777.6,,0.0000,
0001,千房直営,000003,第3エリア,052   ,有楽町ビックカメラ支店,2026/08/27,木,平日,,曇,30.0,22.0,計,212174,270000,0.7858,0.9296,299698,0.7080,67,29,3166.8,1.20,87,0.7701,103,0.6505,0,54144,0.2552,0.2151,0,78804,0.3714,0.3013,0.6266,0.5164,2920,4359.7,,0.0000,
0001,千房直営,000003,第3エリア,052   ,有楽町ビックカメラ支店,2026/08/28,金,平日,,晴,32.0,24.0,計,312884,310000,1.0093,0.9362,277990,1.1255,116,61,2697.3,2.07,100,1.1600,105,1.1048,0,85565,0.2735,0.2203,0,95903,0.3065,0.3017,0.5800,0.5221,3443,5452.5,,0.0000,
0001,千房直営,000003,第3エリア,052   ,有楽町ビックカメラ支店,2026/08/29,土,土曜,,雨,27.0,20.0,計,468873,500000,0.9377,0.9363,389243,1.2046,204,93,2298.4,3.64,200,1.0200,154,1.3247,0,37058,0.0790,0.2036,0,119199,0.2542,0.2961,0.3333,0.4998,4404,6387.9,,0.0000,
0001,千房直営,000003,第3エリア,052   ,有楽町ビックカメラ支店,2026/08/30,日,日祝,,曇,26.0,20.0,計,426861,500000,0.8537,0.9276,257262,1.6592,208,85,2052.2,3.71,209,0.9952,105,1.9810,0,52151,0.1222,0.1957,0,123044,0.2883,0.2954,0.4104,0.4911,4372,5858.1,,0.0000,
0001,千房直営,000003,第3エリア,053   ,そごう横浜店,2026/08/17,月,平日,,曇,30.0,24.0,計,176659,180000,0.9814,0.9814,199165,0.8870,76,40,2324.5,1.52,72,1.0556,91,0.8352,0,144786,0.8196,0.8196,0,66983,0.3792,0.3792,1.1987,1.1987,2907,3646.2,,0.0000,
0001,千房直営,000003,第3エリア,053   ,そごう横浜店,2026/08/18,火,平日,,曇,30.0,25.0,計,198622,180000,1.1035,1.0424,210865,0.9419,99,46,2006.3,1.98,72,1.3750,96,1.0313,0,50921,0.2564,0.5215,0,57831,0.2912,0.3326,0.5475,0.8541,2539,4693.7,,0.0000,
0001,千房直営,000003,第3エリア,053   ,そごう横浜店,2026/08/19,水,平日,,晴,32.0,25.0,計,147249,180000,0.8181,0.9676,300798,0.4895,74,37,1989.9,1.48,72,1.0278,157,0.4713,0,44095,0.2995,0.4589,0,81880,0.5561,0.3956,0.8555,0.8545,3489,2532.2,,0.0000,
0001,千房直営,000003,第3エリア,053   ,そごう横浜店,2026/08/20,木,平日,,晴,31.0,25.0,計,274210,180000,1.5234,1.1066,192371,1.4254,153,85,1792.2,3.06,72,2.1250,93,1.6452,0,23683,0.0864,0.3307,0,74912,0.2732,0.3534,0.3596,0.6842,3231,5092.1,,0.0000,
0001,千房直営,000003,第3エリア,053   ,そごう横浜店,2026/08/21,金,平日,,曇,31.0,26.0,計,306111,240000,1.2755,1.1488,285332,1.0728,121,55,2529.8,2.42,96,1.2604,115,1.0522,0,38760,0.1266,0.2741,0,72262,0.2361,0.3209,0.3627,0.5949,3091,5942.0,,0.0000,
0001,千房直営,000003,第3エリア,053   ,そごう横浜店,2026/08/22,土,土曜,,曇,31.0,25.0,計,420165,530000,0.7928,1.0222,444224,0.9458,187,87,2246.9,3.74,212,0.8821,198,0.9444,0,56134,0.1336,0.2353,0,131835,0.3138,0.3189,0.4474,0.5542,5539,4551.3,,0.0000,
0001,千房直営,000003,第3エリア,053   ,そごう横浜店,2026/08/23,日,日祝,,晴,31.0,25.0,計,410631,530000,0.7748,0.9573,460951,0.8908,192,82,2138.7,3.84,212,0.9057,213,0.9014,0,,0.0000,0.1853,0,117277,0.2856,0.3118,0.2856,0.4972,5057,4872.0,,0.0000,
0001,千房直営,000003,第3エリア,053   ,そごう横浜店,2026/08/24,月,平日,,晴,32.0,26.0,計,220531,180000,1.2252,0.9792,247704,0.8903,105,46,2100.3,2.10,72,1.4583,111,0.9459,0,90228,0.4091,0.2083,0,84101,0.3814,0.3190,0.7905,0.5272,3571,3705.4,,0.0000,
0001,千房直営,000003,第3エリア,053   ,そごう横浜店,2026/08/25,火,平日,,晴,32.0,27.0,計,239950,180000,1.3331,1.0059,225336,1.0649,109,53,2201.4,2.18,72,1.5139,90,1.2111,0,35325,0.1472,0.2021,0,57717,0.2405,0.3111,0.3878,0.5132,2450,5876.3,,0.0000,
0001,千房直営,000003,第3エリア,053   ,そごう横浜店,2026/08/26,水,平日,,晴,33.0,28.0,計,223536,180000,1.2419,1.0225,184476,1.2117,114,51,1960.8,2.28,72,1.5833,89,1.2809,0,43230,0.1934,0.2014,0,60387,0.2701,0.3076,0.4635,0.5090,2583,5192.5,,0.0000,
0001,千房直営,000003,第3エリア,053   ,そごう横浜店,2026/08/27,木,平日,,曇,30.0,23.0,計,204458,180000,1.1359,1.0300,147522,1.3859,96,45,2129.8,1.92,72,1.3333,63,1.5238,0,52339,0.2560,0.2053,0,92588,0.4528,0.3181,0.7088,0.5235,3822,3209.7,,0.0000,
0001,千房直営,000003,第3エリア,053   ,そごう横浜店,2026/08/28,金,平日,,晴,31.0,26.0,計,267147,220000,1.2143,1.0437,239357,1.1161,104,49,2568.7,2.08,88,1.1818,89,1.1685,0,102962,0.3854,0.2209,0,76531,0.2865,0.3154,0.6719,0.5363,3232,4959.4,,0.0000,
0001,千房直営,000003,第3エリア,053   ,そごう横浜店,2026/08/29,土,土曜,,雨,27.0,21.0,計,418910,500000,0.8378,1.0139,472135,0.8873,198,92,2115.7,3.96,200,0.9900,216,0.9167,0,29004,0.0692,0.2028,0,120678,0.2881,0.3121,0.3573,0.5149,4865,5166.4,,0.0000,
0001,千房直営,000003,第3エリア,053   ,そごう横浜店,2026/08/30,日,日祝,,晴,25.0,21.0,計,391002,500000,0.7820,0.9846,487922,0.8014,192,85,2036.5,3.84,200,0.9600,216,0.8889,0,,0.0000,0.1825,0,120484,0.3081,0.3117,0.3081,0.4942,4728,4962.0,,0.0000,
0001,千房直営,000003,第3エリア,057   ,ルミネ立川支店,2026/08/17,月,平日,,曇,30.0,22.0,計,126503,150000,0.8434,0.8434,,,67,40,1888.1,1.52,76,0.8816,,,0,44107,0.3487,0.3487,0,65874,0.5207,0.5207,0.8694,0.8694,2846,2667.0,,0.0000,
0001,千房直営,000003,第3エリア,057   ,ルミネ立川支店,2026/08/18,火,平日,,曇,31.0,22.0,計,203763,150000,1.3584,1.1009,139139,1.4645,113,63,1803.2,2.57,76,1.4868,68,1.6618,0,26459,0.1299,0.2137,0,72581,0.3562,0.4192,0.4861,0.6329,3214,3803.9,,0.0000,
0001,千房直営,000003,第3エリア,057   ,ルミネ立川支店,2026/08/19,水,平日,,晴,32.0,23.0,計,151595,150000,1.0106,1.0708,211847,0.7156,80,42,1894.9,1.82,76,1.0526,122,0.6557,0,57230,0.3775,0.2652,0,69906,0.4611,0.4324,0.8387,0.6976,3040,2992.0,,0.0000,
0001,千房直営,000003,第3エリア,057   ,ルミネ立川支店,2026/08/20,木,平日,,晴,32.0,24.0,計,122907,150000,0.8194,1.0079,153727,0.7995,80,47,1536.3,1.82,76,1.0526,92,0.8696,0,7777,0.0633,0.2242,0,81340,0.6618,0.4790,0.7251,0.7032,3534,2086.7,,0.0000,
0001,千房直営,000003,第3エリア,057   ,ルミネ立川支店,2026/08/21,金,平日,,雨,31.0,24.0,計,196872,170000,1.1581,1.0411,154492,1.2743,89,52,2212.0,2.02,87,1.0230,84,1.0595,0,81308,0.4130,0.2705,0,76409,0.3881,0.4567,0.8011,0.7272,3334,3543.0,,0.0000,
0001,千房直営,000003,第3エリア,057   ,ルミネ立川支店,2026/08/22,土,土曜,,雨,30.0,24.0,計,333572,350000,0.9531,1.0136,336341,0.9918,158,80,2111.2,3.59,183,0.8634,236,0.6695,0,30162,0.0904,0.2176,0,76022,0.2279,0.3895,0.3183,0.6071,3349,5976.2,,0.0000,
0001,千房直営,000003,第3エリア,057   ,ルミネ立川支店,2026/08/23,日,日祝,,晴,30.0,24.0,計,282177,350000,0.8062,0.9642,255958,1.1024,132,67,2137.7,3.00,163,0.8098,133,0.9925,0,,0.0000,0.1743,0,92387,0.3274,0.3771,0.3274,0.5514,3913,4326.8,,0.0000,
0001,千房直営,000003,第3エリア,057   ,ルミネ立川支店,2026/08/24,月,平日,,晴,33.0,24.0,計,,0,,0.9642,141798,0.0000,,,,0,0,,76,0.0000,0,20877,,0.1890,0,0,,0.3771,,0.5661,0,,,,
0001,千房直営,000003,第3エリア,057   ,ルミネ立川支店,2026/08/25,火,平日,,晴,36.0,25.0,計,177829,150000,1.1855,0.9847,130920,1.3583,77,47,2309.5,1.75,76,1.0132,69,1.1159,0,38496,0.2165,0.1921,0,81810,0.4600,0.3864,0.6765,0.5784,3360,3175.5,,0.0000,
0001,千房直営,000003,第3エリア,057   ,ルミネ立川支店,2026/08/26,水,平日,,晴,34.0,27.0,計,101797,150000,0.6786,0.9588,189109,0.5383,55,31,1850.9,1.25,76,0.7237,97,0.5670,0,45252,0.4445,0.2072,0,74859,0.7354,0.4073,1.1799,0.6145,3139,1945.8,,0.0000,
0001,千房直営,000003,第3エリア,057   ,ルミネ立川支店,2026/08/27,木,平日,,雨,28.0,23.0,計,123822,150000,0.8255,0.9484,156136,0.7930,70,37,1768.9,1.59,76,0.9211,77,0.9091,0,3268,0.0264,0.1949,0,64994,0.5249,0.4153,0.5513,0.6102,2652,2801.4,,0.0000,
0001,千房直営,000003,第3エリア,057   ,ルミネ立川支店,2026/08/28,金,平日,,曇,32.0,23.0,計,177374,170000,1.0434,0.9561,126334,1.4040,93,51,1907.2,2.11,87,1.0690,72,1.2917,0,75639,0.4264,0.2155,0,74572,0.4204,0.4157,0.8469,0.6312,3091,3443.0,,0.0000,
0001,千房直営,000003,第3エリア,057   ,ルミネ立川支店,2026/08/29,土,土曜,,雨,26.0,20.0,計,310691,350000,0.8877,0.9463,319525,0.9724,162,77,1917.8,3.68,183,0.8852,157,1.0318,0,52553,0.1691,0.2092,0,106108,0.3415,0.4058,0.5107,0.6150,4376,4259.9,,0.0000,
0001,千房直営,000003,第3エリア,057   ,ルミネ立川支店,2026/08/30,日,日祝,,曇,26.0,20.0,計,232014,340000,0.6824,0.9140,360986,0.6427,127,60,1826.9,2.89,159,0.7987,176,0.7216,0,,0.0000,0.1901,0,84854,0.3657,0.4021,0.3657,0.5922,3416,4075.2,,0.0000,
0001,千房直営,000002,第2エリア,059   ,あべのキューズモール支店,2026/08/17,月,平日,,曇,32.0,25.0,計,187454,200000,0.9373,0.9373,235967,0.7944,115,59,1630.0,2.30,111,1.0360,137,0.8394,0,102175,0.5451,0.5451,0,66126,0.3528,0.3528,0.8978,0.8978,3017,3728.0,,0.0000,
0001,千房直営,000002,第2エリア,059   ,あべのキューズモール支店,2026/08/18,火,平日,,曇,32.0,26.0,計,249491,200000,1.2475,1.0924,267660,0.9321,148,63,1685.8,2.96,111,1.3333,142,1.0423,0,106745,0.4279,0.4781,0,69650,0.2792,0.3107,0.7070,0.7889,3121,4796.4,,0.0000,
0001,千房直営,000002,第2エリア,059   ,あべのキューズモール支店,2026/08/19,水,平日,,晴,34.0,26.0,計,208292,200000,1.0415,1.0754,257148,0.8100,127,59,1640.1,2.54,111,1.1441,166,0.7651,0,78195,0.3754,0.4450,0,73121,0.3511,0.3238,0.7265,0.7687,3358,3721.7,,0.0000,
0001,千房直営,000002,第2エリア,059   ,あべのキューズモール支店,2026/08/20,木,平日,,晴,34.0,27.0,計,259731,200000,1.2987,1.1312,227083,1.1438,156,76,1664.9,3.12,111,1.4054,126,1.2381,0,37017,0.1425,0.3582,0,67640,0.2604,0.3056,0.4029,0.6637,3009,5179.1,,0.0000,
0001,千房直営,000002,第2エリア,059   ,あべのキューズモール支店,2026/08/21,金,平日,,晴,35.0,27.0,計,166025,210000,0.7906,1.0604,205350,0.8085,106,54,1566.3,2.12,116,0.9138,116,0.9138,0,98104,0.5909,0.3942,0,61886,0.3728,0.3160,0.9637,0.7102,2753,3618.4,,0.0000,
0001,千房直営,000002,第2エリア,059   ,あべのキューズモール支店,2026/08/22,土,土曜,,晴,35.0,27.0,計,381873,450000,0.8486,0.9951,423796,0.9011,201,88,1899.9,4.02,255,0.7882,238,0.8445,0,69954,0.1832,0.3388,0,98682,0.2584,0.3009,0.4416,0.6396,4278,5355.9,,0.0000,
0001,千房直営,000002,第2エリア,059   ,あべのキューズモール支店,2026/08/23,日,日祝,,晴,36.0,27.0,計,402312,420000,0.9579,0.9868,476948,0.8435,226,99,1780.1,4.52,235,0.9617,275,0.8218,0,,0.0000,0.2653,0,121764,0.3027,0.3012,0.3027,0.5666,5357,4506.0,,0.0000,
0001,千房直営,000002,第2エリア,059   ,あべのキューズモール支店,2026/08/24,月,平日,,晴,35.0,28.0,計,203959,200000,1.0198,0.9900,170662,1.1951,131,67,1556.9,2.62,111,1.1802,103,1.2718,0,89546,0.4390,0.2825,0,63845,0.3130,0.3024,0.7521,0.5849,2811,4353.4,,0.0000,
0001,千房直営,000002,第2エリア,059   ,あべのキューズモール支店,2026/08/25,火,平日,,晴,34.0,28.0,計,300167,200000,1.5008,1.0348,220405,1.3619,175,81,1715.2,3.50,111,1.5766,111,1.5766,0,39544,0.1317,0.2633,0,77899,0.2595,0.2970,0.3913,0.5603,3508,5134.0,,0.0000,
0001,千房直営,000002,第2エリア,059   ,あべのキューズモール支店,2026/08/26,水,平日,,晴,35.0,27.0,計,194180,200000,0.9709,1.0296,168758,1.1506,115,57,1688.5,2.30,111,1.0360,91,1.2637,0,27994,0.1442,0.2543,0,62801,0.3234,0.2990,0.4676,0.5532,2750,4236.7,,0.0000,
0001,千房直営,000002,第2エリア,059   ,あべのキューズモール支店,2026/08/27,木,平日,,晴,33.0,28.0,計,261722,200000,1.3086,1.0505,159945,1.6363,123,54,2127.8,2.46,111,1.1081,88,1.3977,0,1442,0.0055,0.2311,0,67532,0.2580,0.2952,0.2635,0.5263,2905,5405.6,,0.0000,
0001,千房直営,000002,第2エリア,059   ,あべのキューズモール支店,2026/08/28,金,平日,,曇,32.0,25.0,計,206630,210000,0.9840,1.0456,219803,0.9401,136,57,1519.3,2.72,116,1.1724,123,1.1057,0,,0.0000,0.2153,0,71006,0.3436,0.2985,0.3436,0.5138,2697,4596.9,,0.0000,
0001,千房直営,000002,第2エリア,059   ,あべのキューズモール支店,2026/08/29,土,土曜,,晴,33.0,27.0,計,431855,450000,0.9597,1.0340,387393,1.1148,264,108,1635.8,5.28,255,1.0353,224,1.1786,0,,0.0000,0.1884,0,131801,0.3052,0.2993,0.3052,0.4877,5264,4922.4,,0.0000,
0001,千房直営,000002,第2エリア,059   ,あべのキューズモール支店,2026/08/30,日,日祝,,晴,35.0,28.0,計,359716,420000,0.8565,1.0142,360874,0.9968,208,88,1729.4,4.16,235,0.8851,211,0.9858,0,,0.0000,0.1706,0,118022,0.3281,0.3020,0.3281,0.4727,4515,4780.3,,0.0000,
0001,千房直営,000003,第3エリア,064   ,リンクス池袋支店,2026/08/17,月,平日,,晴,29.0,22.0,計,195506,250000,0.7820,0.7820,124463,1.5708,100,53,1955.1,2.86,150,0.6667,69,1.4493,47527,131115,0.6706,0.6706,0,61544,0.3148,0.3148,0.9854,0.9854,2729,4298.4,,0.0000,
0001,千房直営,000003,第3エリア,064   ,リンクス池袋支店,2026/08/18,火,平日,,晴,31.0,23.0,計,185136,270000,0.6857,0.7320,129999,1.4241,86,46,2152.7,2.46,162,0.5309,71,1.2113,47527,95754,0.5172,0.5960,0,60571,0.3272,0.3208,0.8444,0.9168,2613,4251.1,,0.0000,
0001,千房直営,000003,第3エリア,064   ,リンクス池袋支店,2026/08/19,水,平日,,晴,32.0,24.0,計,269006,280000,0.9607,0.8121,237755,1.1314,132,63,2037.9,3.77,168,0.7857,149,0.8859,47527,37027,0.1376,0.4062,0,71242,0.2648,0.2976,0.4025,0.7038,3044,5302.4,,0.0000,
0001,千房直営,000003,第3エリア,064   ,リンクス池袋支店,2026/08/20,木,平日,,晴,32.0,25.0,計,227457,280000,0.8123,0.8121,84463,2.6930,133,70,1710.2,3.80,168,0.7917,43,3.0930,47527,48442,0.2130,0.3561,0,65561,0.2882,0.2952,0.5012,0.6513,2792,4888.0,,0.0000,
0001,千房直営,000003,第3エリア,064   ,リンクス池袋支店,2026/08/21,金,平日,,雨,32.0,26.0,計,268390,300000,0.8946,0.8301,133166,2.0155,124,64,2164.4,3.54,180,0.6889,64,1.9375,47527,91447,0.3407,0.3525,0,69431,0.2587,0.2866,0.5994,0.6391,2987,5391.2,,0.0000,
0001,千房直営,000003,第3エリア,064   ,リンクス池袋支店,2026/08/22,土,土曜,,雨,30.0,25.0,計,449325,470000,0.9560,0.8621,321872,1.3960,209,90,2149.9,5.97,313,0.6677,157,1.3312,85549,39058,0.0869,0.2777,0,103691,0.2308,0.2709,0.3177,0.5486,4422,6096.7,,0.0000,
0001,千房直営,000003,第3エリア,064   ,リンクス池袋支店,2026/08/23,日,日祝,,曇,30.0,24.0,計,387724,420000,0.9232,0.8734,272164,1.4246,197,81,1968.1,5.63,284,0.6937,132,1.4924,76020,18960,0.0489,0.2329,0,98781,0.2548,0.2677,0.3037,0.5007,4298,5412.6,,0.0000,
0001,千房直営,000003,第3エリア,064   ,リンクス池袋支店,2026/08/24,月,平日,,晴,33.0,25.0,計,174107,250000,0.6964,0.8558,140260,1.2413,85,44,2048.3,2.43,150,0.5667,63,1.3492,47527,102541,0.5890,0.2617,0,61823,0.3551,0.2748,0.9440,0.5365,2650,3942.0,,0.0000,
0001,千房直営,000003,第3エリア,064   ,リンクス池袋支店,2026/08/25,火,平日,,晴,34.0,26.0,計,223479,270000,0.8277,0.8531,137842,1.6213,101,52,2212.7,2.89,162,0.6235,65,1.5538,47527,49261,0.2204,0.2578,0,68023,0.3044,0.2776,0.5248,0.5354,2852,4701.5,,0.0000,
0001,千房直営,000003,第3エリア,064   ,リンクス池袋支店,2026/08/26,水,平日,,晴,33.0,27.0,計,263801,280000,0.9421,0.8612,182636,1.4444,113,50,2334.5,3.23,168,0.6726,78,1.4487,47527,33261,0.1261,0.2447,0,68620,0.2601,0.2758,0.3862,0.5205,2863,5528.5,,0.0000,
0001,千房直営,000003,第3エリア,064   ,リンクス池袋支店,2026/08/27,木,平日,,曇,29.0,22.0,計,232055,280000,0.8288,0.8585,100763,2.3030,109,55,2128.9,3.11,168,0.6488,51,2.1373,47527,33216,0.1431,0.2365,0,73546,0.3169,0.2792,0.4601,0.5156,3143,4429.9,,0.0000,
0001,千房直営,000003,第3エリア,064   ,リンクス池袋支店,2026/08/28,金,平日,,晴,32.0,24.0,計,239609,300000,0.7987,0.8536,131780,1.8183,121,61,1980.2,3.46,180,0.6722,60,2.0167,47527,147898,0.6172,0.2658,0,86650,0.3616,0.2855,0.9789,0.5512,3309,4344.7,,0.0000,
0001,千房直営,000003,第3エリア,064   ,リンクス池袋支店,2026/08/29,土,土曜,,雨,26.0,20.0,計,374942,450000,0.8332,0.8514,254391,1.4739,187,85,2005.0,5.34,300,0.6233,127,1.4724,85549,,0.0000,0.2372,0,112511,0.3001,0.2871,0.3001,0.5243,4525,4971.6,,0.0000,
0001,千房直営,000003,第3エリア,064   ,リンクス池袋支店,2026/08/30,日,日祝,,曇,26.0,20.0,計,362882,420000,0.8640,0.8525,208072,1.7440,187,82,1940.5,5.34,284,0.6585,102,1.8333,76020,,0.0000,0.2149,0,107176,0.2953,0.2878,0.2953,0.5027,4449,4893.9,,0.0000,
0001,千房直営,000002,第2エリア,065   ,名代JO-TERRACE OSAKA店,2026/08/17,月,平日,,曇,31.0,26.0,計,,0,,,,,,,,0,0,,,,0,,,,0,0,,,,,0,,,,店休日
0001,千房直営,000002,第2エリア,065   ,名代JO-TERRACE OSAKA店,2026/08/18,火,平日,,曇,32.0,26.0,計,126530,90000,1.4059,1.4059,97718,1.2948,80,27,1581.6,1.38,45,1.7778,53,1.5094,0,46250,0.3655,0.3655,0,36838,0.2911,0.2911,0.6567,0.6567,1574,4823.3,,0.0000,イベントなし
0001,千房直営,000002,第2エリア,065   ,名代JO-TERRACE OSAKA店,2026/08/19,水,平日,,晴,34.0,26.0,計,156380,150000,1.0425,1.1788,88591,1.7652,88,39,1777.0,1.52,76,1.1579,62,1.4194,0,18440,0.1179,0.2287,0,49793,0.3184,0.3062,0.4363,0.5349,2110,4446.8,,0.0000,Kvi Baba
0001,千房直営,000002,第2エリア,065   ,名代JO-TERRACE OSAKA店,2026/08/20,木,平日,,晴,34.0,27.0,計,88198,90000,0.9800,1.1246,150840,0.5847,60,20,1470.0,1.03,45,1.3333,87,0.6897,0,15853,0.1797,0.2170,0,39680,0.4499,0.3404,0.6296,0.5574,1688,3135.0,,0.0000,イベントなし
0001,千房直営,000002,第2エリア,065   ,名代JO-TERRACE OSAKA店,2026/08/21,金,平日,,晴,35.0,28.0,計,308990,150000,2.0599,1.4169,204830,1.5085,172,74,1796.5,2.97,76,2.2632,124,1.3871,0,130128,0.4211,0.3098,0,55224,0.1787,0.2669,0.5999,0.5767,2400,7724.8,,0.0000,SCANDAL
0001,千房直営,000002,第2エリア,065   ,名代JO-TERRACE OSAKA店,2026/08/22,土,土曜,,晴,35.0,28.0,計,326521,350000,0.9329,1.2128,326588,0.9998,172,74,1898.4,2.97,177,0.9718,176,0.9773,0,49415,0.1513,0.2584,0,70996,0.2174,0.2509,0.3688,0.5092,3043,6438.1,,0.0000,浦島坂田船
0001,千房直営,000002,第2エリア,065   ,名代JO-TERRACE OSAKA店,2026/08/23,日,日祝,,晴,36.0,28.0,計,297240,350000,0.8493,1.1050,334935,0.8875,161,74,1846.2,2.78,177,0.9096,187,0.8610,0,,0.0000,0.1995,0,82859,0.2788,0.2572,0.2788,0.4567,3609,4941.6,,0.0000,浦島坂田船
0001,千房直営,000002,第2エリア,065   ,名代JO-TERRACE OSAKA店,2026/08/24,月,平日,,晴,35.0,29.0,計,,0,,1.1050,,,,,,0,0,,,,0,,,0.1995,0,0,,0.2572,,0.4567,0,,,,店休日
0001,千房直営,000002,第2エリア,065   ,名代JO-TERRACE OSAKA店,2026/08/25,火,平日,,晴,34.0,29.0,計,146006,150000,0.9734,1.0901,88907,1.6422,83,37,1759.1,1.43,76,1.0921,61,1.3607,0,12224,0.0837,0.1878,0,43904,0.3007,0.2616,0.3844,0.4494,1858,4714.9,,0.0000,なにわ男子
0001,千房直営,000002,第2エリア,065   ,名代JO-TERRACE OSAKA店,2026/08/26,水,平日,,晴,35.0,28.0,計,271406,150000,1.8094,1.1630,49061,5.5320,161,75,1685.8,2.78,76,2.1184,34,4.7353,0,81780,0.3013,0.2057,0,51658,0.1903,0.2504,0.4917,0.4561,2188,7442.6,,0.0000,なにわ男子
0001,千房直営,000002,第2エリア,065   ,名代JO-TERRACE OSAKA店,2026/08/27,木,平日,,晴,34.0,30.0,計,84846,90000,0.9427,1.1504,117069,0.7248,50,20,1696.9,0.86,45,1.1111,71,0.7042,0,,0.0000,0.1961,0,37613,0.4433,0.2594,0.4433,0.4555,1511,3369.1,,0.0000,イベントなし
0001,千房直営,000002,第2エリア,065   ,名代JO-TERRACE OSAKA店,2026/08/28,金,平日,,曇,32.0,24.0,計,79248,90000,0.8805,1.1358,133569,0.5933,48,17,1651.0,0.83,45,1.0667,79,0.6076,0,28030,0.3537,0.2027,0,40899,0.5161,0.2702,0.8698,0.4729,1476,3221.5,,0.0000,イベントなし
0001,千房直営,000002,第2エリア,065   ,名代JO-TERRACE OSAKA店,2026/08/29,土,土曜,,晴,33.0,27.0,計,400637,380000,1.0543,1.1206,459097,0.8727,263,85,1523.3,4.53,192,1.3698,277,0.9495,0,33356,0.0833,0.1817,0,99501,0.2484,0.2664,0.3316,0.4481,3694,6507.4,,0.0000,おかあさんといっしょ
0001,千房直営,000002,第2エリア,065   ,名代JO-TERRACE OSAKA店,2026/08/30,日,日祝,,晴,34.0,29.0,計,367274,380000,0.9665,1.0964,383855,0.9568,222,79,1654.4,3.83,192,1.1563,262,0.8473,0,,0.0000,0.1566,0,114974,0.3130,0.2728,0.3130,0.4294,4422,4983.4,,0.0000,おかあさんといっしょ
0001,千房直営,000003,第3エリア,066   ,セレオ八王子支店,2026/08/17,月,平日,,曇,30.0,22.0,計,93067,120000,0.7756,0.7756,113596,0.8193,58,38,1604.6,1.53,65,0.8923,71,0.8169,0,28464,0.3058,0.3058,0,46272,0.4972,0.4972,0.8030,0.8030,2049,2725.2,,0.0000,
0001,千房直営,000003,第3エリア,066   ,セレオ八王子支店,2026/08/18,火,平日,,曇,31.0,22.0,計,123960,120000,1.0330,0.9043,,,71,43,1745.9,1.87,65,1.0923,,,0,54348,0.4384,0.3816,0,53932,0.4351,0.4617,0.8735,0.8433,2442,3045.7,,0.0000,
0001,千房直営,000003,第3エリア,066   ,セレオ八王子支店,2026/08/19,水,平日,,晴,31.0,22.0,計,132693,120000,1.1058,0.9714,128075,1.0361,78,49,1701.2,2.05,65,1.2000,83,0.9398,0,30416,0.2292,0.3238,0,56995,0.4295,0.4495,0.6587,0.7733,2559,3111.2,,0.0000,
0001,千房直営,000003,第3エリア,066   ,セレオ八王子支店,2026/08/20,木,平日,,晴,33.0,23.0,計,159048,170000,0.9356,0.9599,173770,0.9153,100,67,1590.5,2.63,92,1.0870,88,1.1364,0,33289,0.2093,0.2880,0,66619,0.4189,0.4399,0.6282,0.7279,2922,3265.9,,0.0000,
0001,千房直営,000003,第3エリア,066   ,セレオ八王子支店,2026/08/21,金,平日,,雨,32.0,24.0,計,155540,120000,1.2962,1.0220,114150,1.3626,90,50,1728.2,2.37,65,1.3846,68,1.3235,0,46541,0.2992,0.2906,0,56944,0.3661,0.4226,0.6653,0.7133,2477,3767.6,,0.0000,
0001,千房直営,000003,第3エリア,066   ,セレオ八王子支店,2026/08/22,土,土曜,,雨,30.0,23.0,計,214084,230000,0.9308,0.9982,165136,1.2964,105,56,2038.9,2.76,139,0.7554,85,1.2353,0,36067,0.1685,0.2608,0,64573,0.3016,0.3931,0.4701,0.6540,2875,4467.8,,0.0000,
0001,千房直営,000003,第3エリア,066   ,セレオ八王子支店,2026/08/23,日,日祝,,曇,30.0,24.0,計,116950,210000,0.5569,0.9132,140105,0.8347,63,33,1856.3,1.66,108,0.5833,75,0.8400,0,,0.0000,0.2302,0,58002,0.4960,0.4052,0.4960,0.6354,2519,2785.6,,0.0000,
0001,千房直営,000003,第3エリア,066   ,セレオ八王子支店,2026/08/24,月,平日,,晴,34.0,24.0,計,96469,120000,0.8039,0.9023,63783,1.5125,53,32,1820.2,1.39,65,0.8154,32,1.6563,0,54392,0.5638,0.2597,0,50740,0.5260,0.4159,1.0898,0.6756,2416,2395.8,,0.0000,
0001,千房直営,000003,第3エリア,066   ,セレオ八王子支店,2026/08/25,火,平日,,晴,37.0,24.0,計,133242,120000,1.1104,0.9211,62994,2.1152,72,44,1850.6,1.89,65,1.1077,38,1.8947,0,38506,0.2890,0.2629,0,51254,0.3847,0.4125,0.6737,0.6754,2346,3407.7,,0.0000,
0001,千房直営,000003,第3エリア,066   ,セレオ八王子支店,2026/08/26,水,平日,,晴,35.0,26.0,計,123034,120000,1.0253,0.9297,114028,1.0790,71,44,1732.9,1.87,65,1.0923,68,1.0441,0,18155,0.1476,0.2523,0,62777,0.5102,0.4214,0.6578,0.6738,2741,2693.2,,0.0000,
0001,千房直営,000003,第3エリア,066   ,セレオ八王子支店,2026/08/27,木,平日,,曇,28.0,24.0,計,155811,120000,1.2984,0.9579,117493,1.3261,87,50,1790.9,2.29,65,1.3385,70,1.2429,0,,0.0000,0.2262,0,59426,0.3814,0.4173,0.3814,0.6435,2691,3474.0,,0.0000,
0001,千房直営,000003,第3エリア,066   ,セレオ八王子支店,2026/08/28,金,平日,,曇,31.0,23.0,計,118147,120000,0.9846,0.9598,137135,0.8615,63,43,1875.3,1.66,65,0.9692,74,0.8514,0,,0.0000,0.2097,0,55724,0.4717,0.4212,0.4717,0.6310,2428,2919.6,,0.0000,
0001,千房直営,000003,第3エリア,066   ,セレオ八王子支店,2026/08/29,土,土曜,,雨,26.0,19.0,計,190591,230000,0.8287,0.9441,163999,1.1621,109,56,1748.5,2.87,139,0.7842,92,1.1848,0,,0.0000,0.1877,0,72853,0.3822,0.4171,0.3822,0.6048,2930,3902.9,,0.0000,
0001,千房直営,000003,第3エリア,066   ,セレオ八王子支店,2026/08/30,日,日祝,,晴,25.0,19.0,計,172448,210000,0.8212,0.9320,142516,1.2100,91,45,1895.0,2.39,108,0.8426,81,1.1235,0,,0.0000,0.1714,0,72024,0.4177,0.4172,0.4177,0.5885,3005,3443.2,,0.0000,
0001,千房直営,000002,第2エリア,067   ,ららぽーと名古屋みなとアクルス店,2026/08/17,月,平日,,曇,31.0,26.0,計,110906,160000,0.6932,0.6932,139528,0.7949,73,33,1519.3,1.30,95,0.7684,90,0.8111,0,63138,0.5693,0.5693,0,47651,0.4297,0.4297,0.9989,0.9989,2226,2989.4,,0.0000,
0001,千房直営,000002,第2エリア,067   ,ららぽーと名古屋みなとアクルス店,2026/08/18,火,平日,,曇,32.0,26.0,計,105065,160000,0.6567,0.6749,133071,0.7895,63,33,1667.7,1.13,95,0.6632,77,0.8182,0,43004,0.4093,0.4915,0,54440,0.5182,0.4727,0.9275,0.9642,2243,2810.5,,0.0000,
0001,千房直営,000002,第2エリア,067   ,ららぽーと名古屋みなとアクルス店,2026/08/19,水,平日,,曇,35.0,25.0,計,139972,160000,0.8748,0.7415,232130,0.6030,83,43,1686.4,1.48,95,0.8737,152,0.5461,0,43648,0.3118,0.4208,0,60106,0.4294,0.4557,0.7412,0.8765,2611,3216.5,,0.0000,
0001,千房直営,000002,第2エリア,067   ,ららぽーと名古屋みなとアクルス店,2026/08/20,木,平日,,晴,36.0,26.0,計,154047,160000,0.9628,0.7969,162322,0.9490,116,55,1328.0,2.07,95,1.2211,94,1.2340,0,23332,0.1515,0.3395,0,48936,0.3177,0.4140,0.4691,0.7535,2225,4154.1,,0.0000,
0001,千房直営,000002,第2エリア,067   ,ららぽーと名古屋みなとアクルス店,2026/08/21,金,平日,,曇,34.0,27.0,計,171160,180000,0.9509,0.8307,162772,1.0515,90,40,1901.8,1.61,107,0.8411,106,0.8491,0,66060,0.3860,0.3511,0,62945,0.3678,0.4024,0.7537,0.7535,2805,3661.2,,0.0000,
0001,千房直営,000002,第2エリア,067   ,ららぽーと名古屋みなとアクルス店,2026/08/22,土,土曜,,曇,36.0,26.0,計,258965,350000,0.7399,0.8035,358774,0.7218,157,70,1649.5,2.80,208,0.7548,194,0.8093,0,53094,0.2050,0.3109,0,103555,0.3999,0.4017,0.6049,0.7126,4213,3688.1,,0.0000,
0001,千房直営,000002,第2エリア,067   ,ららぽーと名古屋みなとアクルス店,2026/08/23,日,日祝,,曇,38.0,27.0,計,416910,400000,1.0423,0.8643,381862,1.0918,237,99,1759.1,4.23,238,0.9958,230,1.0304,0,8130,0.0195,0.2214,0,117760,0.2825,0.3651,0.3020,0.5864,4344,5758.4,,0.0000,
0001,千房直営,000002,第2エリア,067   ,ららぽーと名古屋みなとアクルス店,2026/08/24,月,平日,,雨,38.0,27.0,計,102548,160000,0.6409,0.8437,195084,0.5257,70,33,1465.0,1.25,95,0.7368,118,0.5932,0,49323,0.4810,0.2396,0,57876,0.5644,0.3791,1.0454,0.6187,2294,2682.2,,0.0000,
0001,千房直営,000002,第2エリア,067   ,ららぽーと名古屋みなとアクルス店,2026/08/25,火,平日,,晴,37.0,27.0,計,157803,160000,0.9863,0.8558,180767,0.8730,91,43,1734.1,1.63,95,0.9579,118,0.7712,0,79647,0.5047,0.2655,0,62302,0.3948,0.3806,0.8995,0.6461,2507,3776.7,,0.0000,
0001,千房直営,000002,第2エリア,067   ,ららぽーと名古屋みなとアクルス店,2026/08/26,水,平日,,晴,37.0,27.0,計,138872,160000,0.8680,0.8567,142586,0.9740,83,40,1673.2,1.48,95,0.8737,88,0.9432,0,30058,0.2164,0.2616,0,61222,0.4409,0.3854,0.6573,0.6470,2421,3441.7,,0.0000,
0001,千房直営,000002,第2エリア,067   ,ららぽーと名古屋みなとアクルス店,2026/08/27,木,平日,,晴,34.0,28.0,計,151350,160000,0.9459,0.8632,171112,0.8845,88,47,1719.9,1.57,95,0.9263,117,0.7521,0,49741,0.3286,0.2669,0,65165,0.4306,0.3889,0.7592,0.6559,2353,3859.3,,0.0000,
0001,千房直営,000002,第2エリア,067   ,ららぽーと名古屋みなとアクルス店,2026/08/28,金,平日,,晴,31.0,24.0,計,162614,180000,0.9034,0.8662,188451,0.8629,105,52,1548.7,1.88,107,0.9813,109,0.9633,0,60924,0.3747,0.2754,0,72313,0.4447,0.3933,0.8193,0.6687,2827,3451.3,,0.0000,
0001,千房直営,000002,第2エリア,067   ,ららぽーと名古屋みなとアクルス店,2026/08/29,土,土曜,,曇,32.0,25.0,計,406619,400000,1.0165,0.8878,400132,1.0162,231,106,1760.3,4.13,238,0.9706,224,1.0313,0,57795,0.1421,0.2535,0,118899,0.2924,0.3768,0.4345,0.6303,4392,5554.9,,0.0000,
0001,千房直営,000002,第2エリア,067   ,ららぽーと名古屋みなとアクルス店,2026/08/30,日,日祝,,曇,35.0,26.0,計,404705,400000,1.0118,0.9033,432811,0.9351,230,103,1759.6,4.11,238,0.9664,239,0.9623,0,8130,0.0201,0.2207,0,119093,0.2943,0.3652,0.3144,0.5859,4017,6044.9,,0.0000,
0001,千房直営,000003,第3エリア,068   ,舞 イクスピアリ店,2026/08/17,月,平日,,晴,29.0,23.0,計,346044,320000,1.0814,1.0814,410087,0.8438,159,55,2176.4,3.06,160,0.9938,177,0.8983,0,216597,0.6259,0.6259,0,90404,0.2613,0.2613,0.8872,0.8872,3625,5727.6,,0.0000,
0001,千房直営,000003,第3エリア,068   ,舞 イクスピアリ店,2026/08/18,火,平日,,曇,31.0,24.0,計,249120,320000,0.7785,0.9299,284792,0.8747,110,42,2264.7,2.12,160,0.6875,140,0.7857,0,46577,0.1870,0.4422,0,89480,0.3592,0.3022,0.5462,0.7444,3636,4110.9,,0.0000,
0001,千房直営,000003,第3エリア,068   ,舞 イクスピアリ店,2026/08/19,水,平日,,晴,32.0,25.0,計,338407,320000,1.0575,0.9725,363296,0.9315,173,60,1956.1,3.33,160,1.0813,175,0.9886,0,46747,0.1381,0.3320,0,95609,0.2825,0.2951,0.4207,0.6271,3982,5099.1,,0.0000,
0001,千房直営,000003,第3エリア,068   ,舞 イクスピアリ店,2026/08/20,木,平日,,晴,31.0,25.0,計,219107,320000,0.6847,0.9005,332088,0.6598,134,53,1635.1,2.58,160,0.8375,168,0.7976,0,41751,0.1906,0.3051,0,89403,0.4080,0.3166,0.5986,0.6217,3564,3688.7,,0.0000,
0001,千房直営,000003,第3エリア,068   ,舞 イクスピアリ店,2026/08/21,金,平日,,雨,30.0,26.0,計,293864,350000,0.8396,0.8874,433977,0.6771,146,55,2012.8,2.81,175,0.8343,200,0.7300,0,120933,0.4115,0.3267,0,89072,0.3031,0.3138,0.7146,0.6405,3770,4676.9,,0.0000,
0001,千房直営,000003,第3エリア,068   ,舞 イクスピアリ店,2026/08/22,土,土曜,,雨,30.0,25.0,計,461577,600000,0.7693,0.8557,482290,0.9571,224,86,2060.6,4.31,300,0.7467,226,0.9912,0,93698,0.2030,0.2968,0,106923,0.2316,0.2940,0.4346,0.5907,4449,6224.9,,0.0000,
0001,千房直営,000003,第3エリア,068   ,舞 イクスピアリ店,2026/08/23,日,日祝,,曇,30.0,25.0,計,373073,600000,0.6218,0.8061,427665,0.8723,177,70,2107.8,3.40,300,0.5900,206,0.8592,0,,0.0000,0.2482,0,110857,0.2971,0.2945,0.2971,0.5427,4448,5032.5,,0.0000,
0001,千房直営,000003,第3エリア,068   ,舞 イクスピアリ店,2026/08/24,月,平日,,晴,31.0,26.0,計,289850,320000,0.9058,0.8162,325143,0.8915,141,52,2055.7,2.71,160,0.8813,162,0.8704,0,56667,0.1955,0.2423,0,97898,0.3378,0.2994,0.5333,0.5417,3917,4439.9,,0.0000,
0001,千房直営,000003,第3エリア,068   ,舞 イクスピアリ店,2026/08/25,火,平日,,晴,32.0,27.0,計,282929,320000,0.8842,0.8225,257812,1.0974,137,53,2065.2,2.63,160,0.8563,129,1.0620,0,71284,0.2520,0.2433,0,96129,0.3398,0.3034,0.5917,0.5466,3937,4311.8,,0.0000,
0001,千房直営,000003,第3エリア,068   ,舞 イクスピアリ店,2026/08/26,水,平日,,晴,32.0,28.0,計,256943,320000,0.8029,0.8208,333006,0.7716,128,51,2007.4,2.46,160,0.8000,150,0.8533,0,41283,0.1607,0.2364,0,87679,0.3412,0.3065,0.5019,0.5429,3593,4290.7,,0.0000,
0001,千房直営,000003,第3エリア,068   ,舞 イクスピアリ店,2026/08/27,木,平日,,曇,30.0,23.0,計,205422,320000,0.6419,0.8069,271687,0.7561,109,39,1884.6,2.10,160,0.6813,131,0.8321,0,,0.0000,0.2218,0,102812,0.5005,0.3185,0.5005,0.5403,4080,3020.9,,0.0000,
0001,千房直営,000003,第3エリア,068   ,舞 イクスピアリ店,2026/08/28,金,平日,,晴,31.0,25.0,計,358325,350000,1.0238,0.8239,250052,1.4330,183,75,1958.1,3.52,175,1.0457,111,1.6486,0,-575,-0.0016,0.2000,0,108444,0.3026,0.3170,0.3010,0.5170,4125,5212.0,,0.0000,
0001,千房直営,000003,第3エリア,068   ,舞 イクスピアリ店,2026/08/29,土,土曜,,雨,27.0,20.0,計,477996,580000,0.8241,0.8239,489412,0.9767,238,95,2008.4,4.58,290,0.8207,229,1.0393,0,,0.0000,0.1770,0,128205,0.2682,0.3113,0.2682,0.4883,4802,5972.5,,0.0000,
0001,千房直営,000003,第3エリア,068   ,舞 イクスピアリ店,2026/08/30,日,日祝,,曇,25.0,20.0,計,411736,550000,0.7486,0.8165,450870,0.9132,230,87,1790.2,4.42,275,0.8364,224,1.0268,0,,0.0000,0.1610,0,140550,0.3414,0.3141,0.3414,0.4751,5240,4714.5,,0.0000,
0001,千房直営,000003,第3エリア,069   ,有明ガーデン支店,2026/08/17,月,平日,,晴,29.0,23.0,計,187898,300000,0.6263,0.6263,154677,1.2148,78,43,2408.9,1.59,143,0.5455,81,0.9630,61800,116548,0.6203,0.6203,0,77029,0.4100,0.4100,1.0302,1.0302,3114,3620.4,,0.0000,
0001,千房直営,000003,第3エリア,069   ,有明ガーデン支店,2026/08/18,火,平日,,曇,31.0,24.0,計,202428,300000,0.6748,0.6505,182379,1.1099,98,49,2065.6,2.00,143,0.6853,71,1.3803,61800,64636,0.3193,0.4642,0,70999,0.3507,0.3792,0.6700,0.8434,3027,4012.4,,0.0000,
0001,千房直営,000003,第3エリア,069   ,有明ガーデン支店,2026/08/19,水,平日,,晴,32.0,25.0,計,254949,300000,0.8498,0.7170,252321,1.0104,116,56,2197.8,2.37,143,0.8112,124,0.9355,61800,41269,0.1619,0.3447,0,89168,0.3497,0.3676,0.5116,0.7123,3539,4322.4,,0.0000,
0001,千房直営,000003,第3エリア,069   ,有明ガーデン支店,2026/08/20,木,平日,,晴,31.0,25.0,計,283943,300000,0.9465,0.7743,256480,1.1071,152,73,1868.0,3.10,143,1.0629,120,1.2667,61800,45517,0.1603,0.2884,0,86890,0.3060,0.3488,0.4663,0.6372,3448,4941.0,,0.0000,
0001,千房直営,000003,第3エリア,069   ,有明ガーデン支店,2026/08/21,金,平日,,雨,31.0,26.0,計,359968,300000,1.1999,0.8595,324067,1.1108,180,90,1999.8,3.67,143,1.2587,152,1.1842,61800,267446,0.7430,0.4153,0,89473,0.2486,0.3208,0.9915,0.7361,3781,5712.3,,0.0000,
0001,千房直営,000003,第3エリア,069   ,有明ガーデン支店,2026/08/22,土,土曜,,雨,30.0,25.0,計,559290,600000,0.9322,0.8802,627056,0.8919,273,130,2048.7,5.57,278,0.9820,301,0.9070,132000,52341,0.0936,0.3180,0,121935,0.2180,0.2897,0.3116,0.6077,4912,6831.7,,0.0000,
0001,千房直営,000003,第3エリア,069   ,有明ガーデン支店,2026/08/23,日,日祝,,晴,30.0,25.0,計,587358,600000,0.9789,0.9022,605655,0.9698,293,135,2004.6,5.98,277,1.0578,302,0.9702,120600,,0.0000,0.2413,0,119669,0.2037,0.2690,0.2037,0.5103,4846,7272.3,,0.0000,
0001,千房直営,000003,第3エリア,069   ,有明ガーデン支店,2026/08/24,月,平日,,晴,32.0,26.0,計,164000,300000,0.5467,0.8666,150783,1.0877,71,31,2309.9,1.45,143,0.4965,83,0.8554,61800,115935,0.7069,0.2707,0,73837,0.4502,0.2804,1.1571,0.5511,3083,3191.7,,0.0000,
0001,千房直営,000003,第3エリア,069   ,有明ガーデン支店,2026/08/25,火,平日,,晴,32.0,27.0,計,327593,300000,1.0920,0.8871,207547,1.5784,145,68,2259.3,2.96,143,1.0140,93,1.5591,61800,73988,0.2259,0.2657,0,84616,0.2583,0.2779,0.4842,0.5436,3285,5983.4,,0.0000,
0001,千房直営,000003,第3エリア,069   ,有明ガーデン支店,2026/08/26,水,平日,,晴,32.0,28.0,計,264811,300000,0.8827,0.8867,224567,1.1792,109,44,2429.5,2.22,143,0.7622,105,1.0381,61800,104447,0.3944,0.2763,0,78224,0.2954,0.2794,0.6898,0.5557,3135,5068.2,,0.0000,
0001,千房直営,000003,第3エリア,069   ,有明ガーデン支店,2026/08/27,木,平日,,曇,30.0,23.0,計,429297,300000,1.4310,0.9286,156184,2.7487,184,84,2333.1,3.76,143,1.2867,68,2.7059,61800,,0.0000,0.2436,0,89373,0.2082,0.2709,0.2082,0.5145,3273,7869.8,,0.0000,
0001,千房直営,000003,第3エリア,069   ,有明ガーデン支店,2026/08/28,金,平日,,晴,31.0,25.0,計,258330,300000,0.8611,0.9238,287407,0.8988,127,57,2034.1,2.59,143,0.8881,130,0.9769,61800,,0.0000,0.2274,0,84339,0.3265,0.2746,0.3265,0.5020,3097,5004.8,,0.0000,
0001,千房直営,000003,第3エリア,069   ,有明ガーデン支店,2026/08/29,土,土曜,,雨,27.0,20.0,計,601841,600000,1.0031,0.9337,657457,0.9154,296,133,2033.2,6.04,278,1.0647,306,0.9673,132000,-981,-0.0016,0.1966,0,136138,0.2262,0.2681,0.2246,0.4647,4841,7459.3,,0.0000,
0001,千房直営,000003,第3エリア,069   ,有明ガーデン支店,2026/08/30,日,日祝,,曇,25.0,20.0,計,604142,600000,1.0069,0.9418,713317,0.8469,300,136,2013.8,6.12,277,1.0830,340,0.8824,120600,,0.0000,0.1733,0,138836,0.2298,0.2636,0.2298,0.4368,4852,7470.8,,0.0000,
0001,千房直営,000002,第2エリア,071   ,イオンモール各務原インター支店,2026/08/17,月,平日,,曇,32.0,26.0,計,120099,50000,2.4020,2.4020,85093,1.4114,86,44,1396.5,1.83,35,2.4571,59,1.4576,0,14005,0.1166,0.1166,0,33246,0.2768,0.2768,0.3934,0.3934,1554,4637.0,,0.0000,
0001,千房直営,000002,第2エリア,071   ,イオンモール各務原インター支店,2026/08/18,火,平日,,晴,33.0,25.0,計,122651,50000,2.4530,2.4275,60924,2.0132,80,44,1533.1,1.70,35,2.2857,42,1.9048,0,20576,0.1678,0.1425,0,30722,0.2505,0.2635,0.4182,0.4060,1518,4847.9,,0.0000,
0001,千房直営,000002,第2エリア,071   ,イオンモール各務原インター支店,2026/08/19,水,平日,,晴,34.0,25.0,計,97829,50000,1.9566,2.2705,102230,0.9570,72,39,1358.7,1.53,35,2.0571,83,0.8675,0,29694,0.3035,0.1887,0,36438,0.3725,0.2948,0.6760,0.4835,1678,3498.1,,0.0000,
0001,千房直営,000002,第2エリア,071   ,イオンモール各務原インター支店,2026/08/20,木,平日,,曇,35.0,26.0,計,110587,50000,2.2117,2.2558,110729,0.9987,82,38,1348.6,1.74,35,2.3429,77,1.0649,0,19303,0.1746,0.1852,0,34306,0.3102,0.2986,0.4848,0.4838,1629,4073.2,,0.0000,
0001,千房直営,000002,第2エリア,071   ,イオンモール各務原インター支店,2026/08/21,金,平日,,晴,35.0,26.0,計,87916,50000,1.7583,2.1563,106826,0.8230,66,41,1332.1,1.40,35,1.8857,79,0.8354,0,66832,0.7602,0.2790,0,35745,0.4066,0.3162,1.1668,0.5952,1644,3208.6,,0.0000,
0001,千房直営,000002,第2エリア,071   ,イオンモール各務原インター支店,2026/08/22,土,土曜,,晴,36.0,27.0,計,233054,120000,1.9421,2.0869,166902,1.3964,153,72,1523.2,3.26,82,1.8659,111,1.3784,0,14960,0.0642,0.2142,0,61894,0.2656,0.3009,0.3298,0.5151,2945,4748.1,,0.0000,
0001,千房直営,000002,第2エリア,071   ,イオンモール各務原インター支店,2026/08/23,日,日祝,,晴,35.0,27.0,計,243865,120000,2.0322,2.0735,188601,1.2930,157,72,1553.3,3.34,82,1.9146,123,1.2764,0,8130,0.0333,0.1708,0,54244,0.2224,0.2821,0.2558,0.4528,2594,5640.7,,0.0000,
0001,千房直営,000002,第2エリア,071   ,イオンモール各務原インター支店,2026/08/24,月,平日,,晴,36.0,26.0,計,78735,50000,1.5747,2.0273,95008,0.8287,58,31,1357.5,1.23,35,1.6571,67,0.8657,0,58300,0.7405,0.2117,0,31199,0.3963,0.2903,1.1367,0.5020,1538,3071.6,,0.0000,
0001,千房直営,000002,第2エリア,071   ,イオンモール各務原インター支店,2026/08/25,火,平日,,晴,36.0,26.0,計,111147,50000,2.2229,2.0439,88532,1.2554,75,42,1482.0,1.60,35,2.1429,63,1.1905,0,21028,0.1892,0.2097,0,33573,0.3021,0.2914,0.4913,0.5010,1659,4019.8,,0.0000,
0001,千房直営,000002,第2エリア,071   ,イオンモール各務原インター支店,2026/08/26,水,平日,,晴,36.0,27.0,計,94060,50000,1.8812,2.0312,61983,1.5175,61,34,1542.0,1.30,35,1.7429,42,1.4524,0,8130,0.0864,0.2007,0,36060,0.3834,0.2980,0.4698,0.4988,1547,3648.1,,0.0000,
0001,千房直営,000002,第2エリア,071   ,イオンモール各務原インター支店,2026/08/27,木,平日,,雨,31.0,24.0,計,96667,50000,1.9333,2.0241,65892,1.4671,76,39,1271.9,1.62,35,2.1714,52,1.4615,0,17963,0.1858,0.1997,0,35008,0.3622,0.3025,0.5480,0.5022,1525,3803.3,,0.0000,
0001,千房直営,000002,第2エリア,071   ,イオンモール各務原インター支店,2026/08/28,金,平日,,曇,31.0,23.0,計,146677,50000,2.9335,2.0855,74054,1.9807,115,54,1275.5,2.45,35,3.2857,48,2.3958,0,61459,0.4190,0.2206,0,36456,0.2485,0.2973,0.6676,0.5179,1831,4806.5,,0.0000,
0001,千房直営,000002,第2エリア,071   ,イオンモール各務原インター支店,2026/08/29,土,土曜,,雨,28.0,25.0,計,227724,120000,1.8977,2.0593,198236,1.1488,142,69,1603.7,3.02,82,1.7317,134,1.0597,0,8391,0.0368,0.1969,0,63787,0.2801,0.2951,0.3170,0.4921,2919,4680.9,,0.0000,
0001,千房直営,000002,第2エリア,071   ,イオンモール各務原インター支店,2026/08/30,日,日祝,,曇,33.0,26.0,計,291495,120000,2.4291,2.1046,242947,1.1998,184,88,1584.2,3.91,82,2.2439,152,1.2105,0,4110,0.0141,0.1711,0,75633,0.2595,0.2901,0.2736,0.4612,3403,5139.5,,0.0000,
0001,千房直営,000001,第1エリア,078   ,Chibo`s Kitchen 阪神梅田店,2026/08/17,月,平日,,曇,31.0,25.0,計,130566,150000,0.8704,0.8704,,,82,82,1592.3,,0,,,,0,50756,0.3887,0.3887,,68240,0.5226,0.5226,0.9114,0.9114,2586,3029.4,,0.0000,
0001,千房直営,000001,第1エリア,078   ,Chibo`s Kitchen 阪神梅田店,2026/08/18,火,平日,,曇,32.0,26.0,計,128533,170000,0.7561,0.8097,,,69,69,1862.8,,0,,,,0,17335,0.1349,0.2628,,69739,0.5426,0.5325,0.6774,0.7953,2787,2767.1,,0.0000,
0001,千房直営,000001,第1エリア,078   ,Chibo`s Kitchen 阪神梅田店,2026/08/19,水,平日,,晴,34.0,26.0,計,181015,170000,1.0648,0.8982,,,99,99,1828.4,,0,,,,0,2340,0.0129,0.1600,,66806,0.3691,0.4653,0.3820,0.6253,2608,4164.5,,0.0000,
0001,千房直営,000001,第1エリア,078   ,Chibo`s Kitchen 阪神梅田店,2026/08/20,木,平日,,晴,34.0,27.0,計,166200,170000,0.9776,0.9187,,,98,98,1695.9,,0,,,,0,49674,0.2989,0.1981,,60637,0.3648,0.4378,0.6637,0.6359,2405,4146.4,,0.0000,
0001,千房直営,000001,第1エリア,078   ,Chibo`s Kitchen 阪神梅田店,2026/08/21,金,平日,,晴,35.0,28.0,計,177483,170000,1.0440,0.9443,,,109,109,1628.3,,0,,,,0,5532,0.0312,0.1603,,47319,0.2666,0.3990,0.2978,0.5593,1737,6130.7,,0.0000,
0001,千房直営,000001,第1エリア,078   ,Chibo`s Kitchen 阪神梅田店,2026/08/22,土,土曜,,晴,35.0,28.0,計,284191,250000,1.1368,0.9889,,,163,163,1743.5,,0,,,,0,61121,0.2151,0.1749,,89276,0.3141,0.3764,0.5292,0.5513,3426,4977.1,,0.0000,
0001,千房直営,000001,第1エリア,078   ,Chibo`s Kitchen 阪神梅田店,2026/08/23,日,日祝,,晴,36.0,28.0,計,204584,220000,0.9299,0.9789,,,130,130,1573.7,,0,,,,0,,0.0000,0.1468,,73152,0.3576,0.3734,0.3576,0.5201,2445,5020.5,,0.0000,
0001,千房直営,000001,第1エリア,078   ,Chibo`s Kitchen 阪神梅田店,2026/08/24,月,平日,,晴,35.0,28.0,計,157012,160000,0.9813,0.9792,,,83,83,1891.7,,0,,,,0,24034,0.1531,0.1475,,76217,0.4854,0.3857,0.6385,0.5331,2840,3317.2,,0.0000,
0001,千房直営,000001,第1エリア,078   ,Chibo`s Kitchen 阪神梅田店,2026/08/25,火,平日,,晴,34.0,28.0,計,126083,160000,0.7880,0.9603,,,77,77,1637.4,,0,,,,0,104522,0.8290,0.2027,,50784,0.4028,0.3871,1.2318,0.5898,1677,4511.0,,0.0000,
0001,千房直営,000001,第1エリア,078   ,Chibo`s Kitchen 阪神梅田店,2026/08/26,水,平日,,晴,35.0,28.0,計,131669,170000,0.7745,0.9426,,,90,90,1463.0,,0,,,,0,,0.0000,0.1869,,73214,0.5560,0.4003,0.5560,0.5871,2514,3142.5,,0.0000,
0001,千房直営,000001,第1エリア,078   ,Chibo`s Kitchen 阪神梅田店,2026/08/27,木,平日,,晴,33.0,29.0,計,89498,170000,0.5265,0.9065,,,57,57,1570.1,,0,,,,0,72629,0.8115,0.2183,,69456,0.7761,0.4192,1.5876,0.6375,2638,2035.6,,0.0000,
0001,千房直営,000001,第1エリア,078   ,Chibo`s Kitchen 阪神梅田店,2026/08/28,金,平日,,曇,32.0,24.0,計,127227,170000,0.7484,0.8939,,,84,84,1514.6,,0,,,,0,5373,0.0422,0.2066,,47490,0.3733,0.4161,0.4155,0.6227,1541,4953.7,,0.0000,
0001,千房直営,000001,第1エリア,078   ,Chibo`s Kitchen 阪神梅田店,2026/08/29,土,土曜,,晴,32.0,27.0,計,243383,210000,1.1590,0.9177,,,145,145,1678.5,,0,,,,0,12957,0.0532,0.1892,,75238,0.3091,0.4040,0.3624,0.5932,2491,5862.3,,0.0000,
0001,千房直営,000001,第1エリア,078   ,Chibo`s Kitchen 阪神梅田店,2026/08/30,日,日祝,,晴,35.0,28.0,計,241439,200000,1.2072,0.9405,,,134,134,1801.8,,0,,,,0,,0.0000,0.1701,,69830,0.2892,0.3924,0.2892,0.5625,2324,6233.4,,0.0000,
0001,千房直営,600000,本社,1000  ,本社,2026/08/17,月,平日,,曇,31.0,25.0,計,,,,,,,,,,,,,,,,,,,,0,,,,,0,,,,
0001,千房直営,600000,本社,1000  ,本社,2026/08/18,火,平日,,曇,32.0,27.0,計,,,,,,,,,,,,,,,,,,,,0,,,,,0,,,,
0001,千房直営,600000,本社,1000  ,本社,2026/08/19,水,平日,,晴,34.0,26.0,計,,,,,,,,,,,,,,,,,,,,0,,,,,0,,,,
0001,千房直営,600000,本社,1000  ,本社,2026/08/20,木,平日,,晴,34.0,27.0,計,,,,,,,,,,,,,,,,,,,,0,,,,,0,,,,
0001,千房直営,600000,本社,1000  ,本社,2026/08/21,金,平日,,晴,35.0,28.0,計,,,,,,,,,,,,,,,,,,,,0,,,,,0,,,,
0001,千房直営,600000,本社,1000  ,本社,2026/08/22,土,土曜,,晴,35.0,28.0,計,,,,,,,,,,,,,,,,,,,,0,,,,,0,,,,
0001,千房直営,600000,本社,1000  ,本社,2026/08/23,日,日祝,,晴,36.0,28.0,計,,,,,,,,,,,,,,,,,,,,0,,,,,0,,,,
0001,千房直営,600000,本社,1000  ,本社,2026/08/24,月,平日,,晴,35.0,28.0,計,,,,,,,,,,,,,,,,,,,,0,,,,,0,,,,
0001,千房直営,600000,本社,1000  ,本社,2026/08/25,火,平日,,晴,34.0,28.0,計,,,,,,,,,,,,,,,,,,,,0,,,,,0,,,,
0001,千房直営,600000,本社,1000  ,本社,2026/08/26,水,平日,,晴,35.0,28.0,計,,,,,,,,,,,,,,,,,,,,0,,,,,0,,,,
0001,千房直営,600000,本社,1000  ,本社,2026/08/27,木,平日,,晴,33.0,29.0,計,,,,,,,,,,,,,,,,,,,,0,,,,,0,,,,
0001,千房直営,600000,本社,1000  ,本社,2026/08/28,金,平日,,曇,32.0,25.0,計,,,,,,,,,,,,,,,,,,,,0,,,,,0,,,,
0001,千房直営,600000,本社,1000  ,本社,2026/08/29,土,土曜,,晴,33.0,27.0,計,,,,,,,,,,,,,,,,,,,,0,,,,,0,,,,
0001,千房直営,600000,本社,1000  ,本社,2026/08/30,日,日祝,,晴,35.0,29.0,計,,,,,,,,,,,,,,,,,,,,0,,,,,0,,,,
0001,千房直営,000004,第4エリア,101   ,ぷれじでんと南本店,2026/08/17,月,平日,,曇,31.0,26.0,計,166970,240000,0.6957,0.6957,383800,0.4350,15,6,11131.3,0.52,22,0.6818,32,0.4688,0,54764,0.3280,0.3280,0,50312,0.3013,0.3013,0.6293,0.6293,1996,5019.1,,0.0000,
0001,千房直営,000004,第4エリア,101   ,ぷれじでんと南本店,2026/08/18,火,平日,,曇,32.0,26.0,計,192968,240000,0.8040,0.7499,332677,0.5800,16,6,12060.5,0.55,22,0.7273,25,0.6400,0,9701,0.0503,0.1791,0,43338,0.2246,0.2602,0.2749,0.4393,1829,6330.3,,0.0000,
0001,千房直営,000004,第4エリア,101   ,ぷれじでんと南本店,2026/08/19,水,平日,,晴,34.0,26.0,計,76720,240000,0.3197,0.6065,89637,0.8559,10,4,7672.0,0.34,22,0.4545,8,1.2500,0,14670,0.1912,0.1812,0,40295,0.5252,0.3068,0.7164,0.4880,1701,2706.2,,0.0000,
0001,千房直営,000004,第4エリア,101   ,ぷれじでんと南本店,2026/08/20,木,平日,,晴,34.0,27.0,計,91740,240000,0.3823,0.5504,204040,0.4496,12,5,7645.0,0.41,22,0.5455,26,0.4615,0,37408,0.4078,0.2206,0,45135,0.4920,0.3389,0.8997,0.5595,1890,2912.4,,0.0000,
0001,千房直営,000004,第4エリア,101   ,ぷれじでんと南本店,2026/08/21,金,平日,,晴,35.0,28.0,計,104570,320000,0.3268,0.4945,358750,0.2915,12,5,8714.2,0.41,30,0.4000,40,0.3000,0,44055,0.4213,0.2537,0,46718,0.4468,0.3567,0.8681,0.6105,1947,3222.5,,0.0000,
0001,千房直営,000004,第4エリア,101   ,ぷれじでんと南本店,2026/08/22,土,土曜,,晴,35.0,28.0,計,275980,320000,0.8624,0.5681,392358,0.7034,25,9,11039.2,0.86,30,0.8333,39,0.6410,0,19979,0.0724,0.1987,0,55764,0.2021,0.3098,0.2745,0.5084,2343,7067.3,,0.0000,
0001,千房直営,000004,第4エリア,101   ,ぷれじでんと南本店,2026/08/23,日,日祝,,晴,36.0,28.0,計,,0,,0.5681,,,,,,0,0,,,,0,,,0.1987,0,0,,0.3098,,0.5084,0,,,,
0001,千房直営,000004,第4エリア,101   ,ぷれじでんと南本店,2026/08/24,月,平日,,晴,35.0,29.0,計,71860,240000,0.2994,0.5330,314790,0.2283,7,4,10265.7,0.24,22,0.3182,33,0.2121,0,38298,0.5330,0.2232,0,36611,0.5095,0.3244,1.0424,0.5476,1537,2805.2,,0.0000,
0001,千房直営,000004,第4エリア,101   ,ぷれじでんと南本店,2026/08/25,火,平日,,晴,34.0,29.0,計,123800,240000,0.5158,0.5311,158189,0.7826,14,7,8842.9,0.48,22,0.6364,19,0.7368,0,17313,0.1398,0.2138,0,48531,0.3920,0.3320,0.5319,0.5458,2020,3677.2,,0.0000,
0001,千房直営,000004,第4エリア,101   ,ぷれじでんと南本店,2026/08/26,水,平日,,晴,35.0,28.0,計,255930,240000,1.0664,0.5864,27452,9.3228,22,5,11633.2,0.76,22,1.0000,6,3.6667,0,15730,0.0615,0.1852,0,58812,0.2298,0.3128,0.2913,0.4979,2170,7076.4,,0.0000,
0001,千房直営,000004,第4エリア,101   ,ぷれじでんと南本店,2026/08/27,木,平日,,晴,34.0,30.0,計,223800,240000,0.9325,0.6189,331928,0.6742,21,7,10657.1,0.72,22,0.9545,34,0.6176,0,35458,0.1584,0.1814,0,62170,0.2778,0.3078,0.4362,0.4892,2239,5997.3,,0.0000,
0001,千房直営,000004,第4エリア,101   ,ぷれじでんと南本店,2026/08/28,金,平日,,曇,32.0,24.0,計,273430,320000,0.8545,0.6451,61988,4.4110,20,8,13671.5,0.69,30,0.6667,12,1.6667,0,21507,0.0787,0.1663,0,63156,0.2310,0.2965,0.3096,0.4628,2266,7240.0,,0.0000,
0001,千房直営,000004,第4エリア,101   ,ぷれじでんと南本店,2026/08/29,土,土曜,,晴,33.0,27.0,計,347414,320000,1.0857,0.6891,136717,2.5411,28,12,12407.6,0.97,30,0.9333,14,2.0000,0,,0.0000,0.1401,0,67464,0.1942,0.2804,0.1942,0.4205,2421,8610.0,,0.0000,
0001,千房直営,000004,第4エリア,101   ,ぷれじでんと南本店,2026/08/30,日,日祝,,晴,34.0,29.0,計,,0,,0.6891,,,,,,0,0,,,,0,,,0.1401,0,0,,0.2804,,0.4205,0,,,,
0001,千房直営,000004,第4エリア,102   ,ぷれじでんと北店,2026/08/17,月,平日,,曇,31.0,25.0,計,207007,300000,0.6900,0.6900,428417,0.4832,16,5,12937.9,0.52,27,0.5926,37,0.4324,0,55722,0.2692,0.2692,0,86474,0.4177,0.4177,0.6869,0.6869,3436,3614.8,,0.0000,
0001,千房直営,000004,第4エリア,102   ,ぷれじでんと北店,2026/08/18,火,平日,,曇,32.0,26.0,計,439243,350000,1.2550,0.9942,314140,1.3982,35,10,12549.8,1.13,31,1.1290,25,1.4000,0,91019,0.2072,0.2271,0,70969,0.1616,0.2436,0.3688,0.4707,2708,9732.1,,0.0000,
0001,千房直営,000004,第4エリア,102   ,ぷれじでんと北店,2026/08/19,水,平日,,晴,34.0,26.0,計,300240,350000,0.8578,0.9465,480610,0.6247,24,6,12510.0,0.77,31,0.7742,36,0.6667,0,77703,0.2588,0.2371,0,60791,0.2025,0.2306,0.4613,0.4677,2440,7383.0,,0.0000,
0001,千房直営,000004,第4エリア,102   ,ぷれじでんと北店,2026/08/20,木,平日,,晴,34.0,27.0,計,399999,350000,1.1429,0.9974,422884,0.9459,33,7,12121.2,1.06,31,1.0645,38,0.8684,0,217055,0.5426,0.3279,0,83701,0.2093,0.2242,0.7519,0.5521,3190,7523.5,,0.0000,
0001,千房直営,000004,第4エリア,102   ,ぷれじでんと北店,2026/08/21,金,平日,,晴,35.0,28.0,計,503225,400000,1.2581,1.0570,476874,1.0553,37,11,13600.7,1.19,36,1.0278,38,0.9737,0,73170,0.1454,0.2782,0,105994,0.2106,0.2205,0.3560,0.4988,4242,7117.8,,0.0000,
0001,千房直営,000004,第4エリア,102   ,ぷれじでんと北店,2026/08/22,土,土曜,,晴,35.0,28.0,計,471654,300000,1.5722,1.1324,366755,1.2860,36,11,13101.5,1.16,27,1.3333,36,1.0000,0,84163,0.1784,0.2580,0,99919,0.2118,0.2188,0.3903,0.4767,4005,7066.0,,0.0000,
0001,千房直営,000004,第4エリア,102   ,ぷれじでんと北店,2026/08/23,日,日祝,,晴,36.0,28.0,計,,0,,1.1324,,,,,,0,0,,,,0,,,0.2580,0,0,,0.2188,,0.4767,0,,,,
0001,千房直営,000004,第4エリア,102   ,ぷれじでんと北店,2026/08/24,月,平日,,晴,35.0,28.0,計,390881,350000,1.1168,1.1301,474530,0.8237,30,8,13029.4,0.97,31,0.9677,36,0.8333,0,204237,0.5225,0.2961,0,98967,0.2532,0.2237,0.7757,0.5198,3701,6336.9,,0.0000,
0001,千房直営,000004,第4エリア,102   ,ぷれじでんと北店,2026/08/25,火,平日,,晴,34.0,28.0,計,228592,350000,0.6531,1.0694,252630,0.9048,20,8,11429.6,0.65,31,0.6452,17,1.1765,0,74060,0.3240,0.2983,0,89419,0.3912,0.2367,0.7152,0.5350,3339,4107.7,,0.0000,
0001,千房直営,000004,第4エリア,102   ,ぷれじでんと北店,2026/08/26,水,平日,,晴,35.0,28.0,計,327036,350000,0.9344,1.0542,335400,0.9751,28,9,11679.9,0.90,31,0.9032,23,1.2174,0,18485,0.0565,0.2741,0,84477,0.2583,0.2389,0.3148,0.5130,3063,6406.2,,0.0000,
0001,千房直営,000004,第4エリア,102   ,ぷれじでんと北店,2026/08/27,木,平日,,晴,33.0,29.0,計,423590,350000,1.2103,1.0700,377824,1.1211,30,9,14119.7,0.97,31,0.9677,39,0.7692,0,33426,0.0789,0.2517,0,81209,0.1917,0.2335,0.2706,0.4852,2911,8730.8,,0.0000,
0001,千房直営,000004,第4エリア,102   ,ぷれじでんと北店,2026/08/28,金,平日,,曇,32.0,24.0,計,330327,400000,0.8258,1.0446,492059,0.6713,30,12,11010.9,0.97,36,0.8333,44,0.6818,0,52407,0.1587,0.2440,0,111315,0.3370,0.2420,0.4956,0.4860,4156,4768.9,,0.0000,
0001,千房直営,000004,第4エリア,102   ,ぷれじでんと北店,2026/08/29,土,土曜,,晴,32.0,27.0,計,129690,300000,0.4323,1.0004,388021,0.3342,11,4,11790.0,0.35,27,0.4074,28,0.3929,0,92227,0.7111,0.2586,0,98621,0.7604,0.2582,1.4716,0.5168,3611,2154.9,,0.0000,
0001,千房直営,000004,第4エリア,102   ,ぷれじでんと北店,2026/08/30,日,日祝,,晴,35.0,28.0,計,,0,,1.0004,,,,,,0,0,,,,0,,,0.2586,0,0,,0.2582,,0.5168,0,,,,
0001,千房直営,000004,第4エリア,103   ,ぷれじでんとシェラトン都ホテル大阪店,2026/08/17,月,平日,,曇,32.0,25.0,計,,0,,,,,,,,0,0,,,,0,,,,0,0,,,,,0,,,,
0001,千房直営,000004,第4エリア,103   ,ぷれじでんとシェラトン都ホテル大阪店,2026/08/18,火,平日,,曇,32.0,26.0,計,401397,250000,1.6056,1.6056,459188,0.8741,47,22,8540.4,1.09,0,,49,0.9592,0,273788,0.6821,0.6821,0,109747,0.2734,0.2734,0.9555,0.9555,4329,5563.4,,0.0000,
0001,千房直営,000004,第4エリア,103   ,ぷれじでんとシェラトン都ホテル大阪店,2026/08/19,水,平日,,晴,34.0,26.0,計,389217,250000,1.5569,1.5812,557005,0.6988,52,24,7484.9,1.21,0,,74,0.7027,0,84825,0.2179,0.4536,0,106295,0.2731,0.2733,0.4910,0.7268,4215,5540.5,,0.0000,
0001,千房直営,000004,第4エリア,103   ,ぷれじでんとシェラトン都ホテル大阪店,2026/08/20,木,平日,,晴,34.0,27.0,計,483905,250000,1.9356,1.6994,295049,1.6401,64,24,7561.0,1.49,0,,34,1.8824,0,155117,0.3206,0.4031,0,122210,0.2526,0.2654,0.5731,0.6685,4831,6010.0,,0.0000,
0001,千房直営,000004,第4エリア,103   ,ぷれじでんとシェラトン都ホテル大阪店,2026/08/21,金,平日,,晴,35.0,27.0,計,277399,380000,0.7300,1.3734,285246,0.9725,31,14,8948.4,0.72,0,,48,0.6458,0,146602,0.5285,0.4255,0,111562,0.4022,0.2898,0.9307,0.7153,4417,3768.2,,0.0000,
0001,千房直営,000004,第4エリア,103   ,ぷれじでんとシェラトン都ホテル大阪店,2026/08/22,土,土曜,,晴,35.0,27.0,計,624146,670000,0.9316,1.2089,566156,1.1024,70,28,8916.4,1.63,0,,90,0.7778,0,249825,0.4003,0.4183,0,142990,0.2291,0.2724,0.6294,0.6907,5710,6558.5,,0.0000,
0001,千房直営,000004,第4エリア,103   ,ぷれじでんとシェラトン都ホテル大阪店,2026/08/23,日,日祝,,晴,36.0,28.0,計,746291,660000,1.1307,1.1879,551857,1.3523,117,43,6378.6,2.72,0,,77,1.5195,0,118722,0.1591,0.3521,0,199179,0.2669,0.2710,0.4260,0.6231,8024,5580.4,,0.0000,
0001,千房直営,000004,第4エリア,103   ,ぷれじでんとシェラトン都ホテル大阪店,2026/08/24,月,平日,,晴,35.0,28.0,計,,0,,1.1879,,,,,,0,0,,,,0,,,0.3521,0,0,,0.2710,,0.6231,0,,,,
0001,千房直営,000004,第4エリア,103   ,ぷれじでんとシェラトン都ホテル大阪店,2026/08/25,火,平日,,晴,34.0,28.0,計,167003,250000,0.6680,1.1400,365461,0.4570,68,22,2455.9,1.58,0,,56,1.2143,0,144915,0.8677,0.3799,0,119922,0.7181,0.2952,1.5858,0.6751,4314,2322.7,,0.0000,
0001,千房直営,000004,第4エリア,103   ,ぷれじでんとシェラトン都ホテル大阪店,2026/08/26,水,平日,,晴,35.0,28.0,計,817494,250000,3.2700,1.3199,378683,2.1588,89,20,9185.3,2.07,0,,41,2.1707,0,78278,0.0958,0.3205,0,97714,0.1195,0.2584,0.2153,0.5789,3503,14002.2,,0.0000,
0001,千房直営,000004,第4エリア,103   ,ぷれじでんとシェラトン都ホテル大阪店,2026/08/27,木,平日,,晴,33.0,29.0,計,285538,250000,1.1422,1.3060,257810,1.1076,38,16,7514.2,0.88,0,,35,1.0857,0,67139,0.2351,0.3147,0,106000,0.3712,0.2661,0.6064,0.5808,3614,4740.5,,0.0000,
0001,千房直営,000004,第4エリア,103   ,ぷれじでんとシェラトン都ホテル大阪店,2026/08/28,金,平日,,曇,32.0,24.0,計,224277,480000,0.4672,1.1969,456198,0.4916,42,14,5339.9,0.98,0,,39,1.0769,0,50067,0.2232,0.3100,0,91985,0.4101,0.2734,0.6334,0.5834,3122,4310.3,,0.0000,
0001,千房直営,000004,第4エリア,103   ,ぷれじでんとシェラトン都ホテル大阪店,2026/08/29,土,土曜,,晴,33.0,27.0,計,743629,750000,0.9915,1.1622,736005,1.0104,90,32,8262.5,2.09,0,,80,1.1250,0,4910,0.0066,0.2663,0,160254,0.2155,0.2651,0.2221,0.5314,5791,7704.7,,0.0000,
0001,千房直営,000004,第4エリア,103   ,ぷれじでんとシェラトン都ホテル大阪店,2026/08/30,日,日祝,,晴,35.0,28.0,計,464769,800000,0.5810,1.0735,714210,0.6507,66,23,7042.0,1.53,0,,102,0.6471,0,,0.0000,0.2443,0,148916,0.3204,0.2696,0.3204,0.5139,5518,5053.7,,0.0000,
0001,千房直営,000004,第4エリア,109   ,ぷれじでんとオー・エム・ホテル日航ビル店,2026/08/17,月,平日,,曇,31.0,26.0,計,,0,,,,,,,,0,0,,,,0,,,,0,0,,,,,0,,,,
0001,千房直営,000004,第4エリア,109   ,ぷれじでんとオー・エム・ホテル日航ビル店,2026/08/18,火,平日,,曇,32.0,26.0,計,478777,300000,1.5959,1.5959,345472,1.3859,47,17,10186.7,1.68,40,1.1750,48,0.9792,0,97087,0.2028,0.2028,0,100003,0.2089,0.2089,0.4117,0.4117,4105,6998.0,,0.0000,
0001,千房直営,000004,第4エリア,109   ,ぷれじでんとオー・エム・ホテル日航ビル店,2026/08/19,水,平日,,晴,34.0,26.0,計,420465,350000,1.2013,1.3834,348628,1.2061,49,17,8580.9,1.75,45,1.0889,41,1.1951,0,49730,0.1183,0.1633,0,96371,0.2292,0.2184,0.3475,0.3816,3860,6535.7,,0.0000,
0001,千房直営,000004,第4エリア,109   ,ぷれじでんとオー・エム・ホテル日航ビル店,2026/08/20,木,平日,,晴,34.0,27.0,計,545428,350000,1.5584,1.4447,411478,1.3255,63,23,8657.6,2.25,45,1.4000,62,1.0161,0,228624,0.4192,0.2599,0,92458,0.1695,0.1999,0.5887,0.4598,3675,8904.9,,0.0000,
0001,千房直営,000004,第4エリア,109   ,ぷれじでんとオー・エム・ホテル日航ビル店,2026/08/21,金,平日,,晴,35.0,28.0,計,281492,350000,0.8043,1.2786,455094,0.6185,47,16,5989.2,1.68,45,1.0444,64,0.7344,0,187942,0.6677,0.3264,0,82652,0.2936,0.2152,0.9613,0.5416,3358,5029.6,,0.0000,
0001,千房直営,000004,第4エリア,109   ,ぷれじでんとオー・エム・ホテル日航ビル店,2026/08/22,土,土曜,,晴,35.0,28.0,計,546358,500000,1.0927,1.2284,478037,1.1429,68,28,8034.7,2.43,58,1.1724,73,0.9315,0,282366,0.5168,0.3722,0,109023,0.1995,0.2114,0.7164,0.5836,4503,7279.9,,0.0000,
0001,千房直営,000004,第4エリア,109   ,ぷれじでんとオー・エム・ホテル日航ビル店,2026/08/23,日,日祝,,晴,36.0,28.0,計,524272,500000,1.0485,1.1901,762476,0.6876,72,29,7281.6,2.57,59,1.2203,79,0.9114,0,32555,0.0621,0.3140,0,94856,0.1809,0.2057,0.2430,0.5198,3860,8149.3,,0.0000,
0001,千房直営,000004,第4エリア,109   ,ぷれじでんとオー・エム・ホテル日航ビル店,2026/08/24,月,平日,,晴,35.0,29.0,計,,0,,1.1901,,,,,,0,0,,,,0,560,,0.3142,0,0,,0.2057,,0.5200,0,,,,
0001,千房直営,000004,第4エリア,109   ,ぷれじでんとオー・エム・ホテル日航ビル店,2026/08/25,火,平日,,晴,34.0,29.0,計,358387,300000,1.1946,1.1906,312170,1.1481,42,19,8533.0,1.50,40,1.0500,55,0.7636,0,58145,0.1622,0.2970,0,87626,0.2445,0.2101,0.4067,0.5071,3495,6152.6,,0.0000,
0001,千房直営,000004,第4エリア,109   ,ぷれじでんとオー・エム・ホテル日航ビル店,2026/08/26,水,平日,,晴,35.0,28.0,計,423499,300000,1.4117,1.2131,282933,1.4968,54,21,7842.6,1.93,38,1.4211,43,1.2558,0,53856,0.1272,0.2769,0,112222,0.2650,0.2166,0.3922,0.4935,4120,6167.5,,0.0000,
0001,千房直営,000004,第4エリア,109   ,ぷれじでんとオー・エム・ホテル日航ビル店,2026/08/27,木,平日,,晴,34.0,30.0,計,450350,350000,1.2867,1.2209,366598,1.2285,54,20,8339.8,1.93,0,,52,1.0385,0,120987,0.2687,0.2760,0,118577,0.2633,0.2218,0.5320,0.4978,4116,6564.9,,0.0000,
0001,千房直営,000004,第4エリア,109   ,ぷれじでんとオー・エム・ホテル日航ビル店,2026/08/28,金,平日,,曇,32.0,24.0,計,289517,350000,0.8272,1.1832,413653,0.6999,29,14,9983.3,1.04,45,0.6444,52,0.5577,0,139382,0.4814,0.2897,0,115782,0.3999,0.2338,0.8813,0.5235,4048,4291.3,,0.0000,
0001,千房直営,000004,第4エリア,109   ,ぷれじでんとオー・エム・ホテル日航ビル店,2026/08/29,土,土曜,,晴,33.0,27.0,計,387546,500000,0.7751,1.1340,290114,1.3358,55,20,7046.3,1.96,59,0.9322,41,1.3415,0,,0.0000,0.2659,0,115182,0.2972,0.2390,0.2972,0.5049,4209,5524.5,,0.0000,
0001,千房直営,000004,第4エリア,109   ,ぷれじでんとオー・エム・ホテル日航ビル店,2026/08/30,日,日祝,,晴,34.0,29.0,計,479645,450000,1.0659,1.1273,368825,1.3005,72,28,6661.7,2.57,55,1.3091,71,1.0141,0,,0.0000,0.2413,0,113410,0.2364,0.2388,0.2364,0.4800,4062,7084.9,,0.0000,
0001,千房直営,000004,第4エリア,111   ,ぷれじでんと大丸心斎橋店,2026/08/17,月,平日,,曇,31.0,26.0,計,301257,450000,0.6695,0.6695,225816,1.3341,66,28,4564.5,1.94,56,1.1786,52,1.2692,130949,115901,0.3847,0.3847,0,119377,0.3963,0.3963,0.7810,0.7810,4729,3822.2,,0.0000,
0001,千房直営,000004,第4エリア,111   ,ぷれじでんと大丸心斎橋店,2026/08/18,火,平日,,曇,32.0,26.0,計,515182,450000,1.1448,0.9072,472425,1.0905,80,31,6439.8,2.35,56,1.4286,64,1.2500,130949,109886,0.2133,0.2766,0,108139,0.2099,0.2787,0.4232,0.5552,4446,6952.5,,0.0000,
0001,千房直営,000004,第4エリア,111   ,ぷれじでんと大丸心斎橋店,2026/08/19,水,平日,,晴,34.0,26.0,計,401681,450000,0.8926,0.9023,568650,0.7064,78,35,5149.8,2.29,56,1.3929,71,1.0986,130949,56923,0.1417,0.2321,0,124468,0.3099,0.2890,0.4516,0.5210,4930,4888.6,,0.0000,
0001,千房直営,000004,第4エリア,111   ,ぷれじでんと大丸心斎橋店,2026/08/20,木,平日,,晴,34.0,27.0,計,418182,450000,0.9293,0.9091,478881,0.8732,56,22,7467.5,1.65,56,1.0000,60,0.9333,130949,197733,0.4728,0.2936,0,101454,0.2426,0.2771,0.7154,0.5707,4331,5793.3,,0.0000,
0001,千房直営,000004,第4エリア,111   ,ぷれじでんと大丸心斎橋店,2026/08/21,金,平日,,晴,35.0,28.0,計,337997,450000,0.7511,0.8775,464376,0.7279,61,23,5540.9,1.79,56,1.0893,63,0.9683,130949,71990,0.2130,0.2798,0,116024,0.3433,0.2884,0.5563,0.5683,4737,4281.2,,0.0000,
0001,千房直営,000004,第4エリア,111   ,ぷれじでんと大丸心斎橋店,2026/08/22,土,土曜,,晴,35.0,28.0,計,620251,750000,0.8270,0.8649,719246,0.8624,107,38,5796.7,3.15,93,1.1505,109,0.9817,246305,143803,0.2318,0.2683,0,145540,0.2346,0.2756,0.4665,0.5439,5879,6330.2,,0.0000,
0001,千房直営,000004,第4エリア,111   ,ぷれじでんと大丸心斎橋店,2026/08/23,日,日祝,,晴,36.0,28.0,計,671511,750000,0.8953,0.8710,756283,0.8879,108,43,6217.7,3.18,94,1.1489,111,0.9730,246305,30618,0.0456,0.2225,0,143742,0.2141,0.2629,0.2597,0.4855,5852,6884.9,,0.0000,
0001,千房直営,000004,第4エリア,111   ,ぷれじでんと大丸心斎橋店,2026/08/24,月,平日,,晴,35.0,29.0,計,484440,400000,1.2111,0.9037,345595,1.4018,80,30,6055.5,2.35,50,1.6000,68,1.1765,130949,198276,0.4093,0.2467,0,132932,0.2744,0.2644,0.6837,0.5111,4975,5842.5,,0.0000,
0001,千房直営,000004,第4エリア,111   ,ぷれじでんと大丸心斎橋店,2026/08/25,火,平日,,晴,34.0,29.0,計,404975,400000,1.0124,0.9133,421573,0.9606,65,26,6230.4,1.91,50,1.3000,66,0.9848,130949,139932,0.3455,0.2563,0,142095,0.3509,0.2728,0.6964,0.5291,5432,4473.2,,0.0000,
0001,千房直営,000004,第4エリア,111   ,ぷれじでんと大丸心斎橋店,2026/08/26,水,平日,,晴,35.0,28.0,計,306661,400000,0.7667,0.9014,402256,0.7624,57,26,5380.0,1.68,50,1.1400,54,1.0556,130949,66704,0.2175,0.2536,0,117802,0.3841,0.2805,0.6017,0.5341,4406,4176.0,,0.0000,
0001,千房直営,000004,第4エリア,111   ,ぷれじでんと大丸心斎橋店,2026/08/27,木,平日,,晴,34.0,30.0,計,392371,400000,0.9809,0.9074,313097,1.2532,56,25,7006.6,1.65,50,1.1200,36,1.5556,130949,,0.0000,0.2331,0,141769,0.3613,0.2870,0.3613,0.5202,5119,4599.0,,0.0000,
0001,千房直営,000004,第4エリア,111   ,ぷれじでんと大丸心斎橋店,2026/08/28,金,平日,,曇,32.0,24.0,計,337279,400000,0.8432,0.9029,297720,1.1329,57,22,5917.2,1.68,50,1.1400,46,1.2391,130949,,0.0000,0.2180,0,121174,0.3593,0.2917,0.3593,0.5097,4353,4648.9,,0.0000,
0001,千房直営,000004,第4エリア,111   ,ぷれじでんと大丸心斎橋店,2026/08/29,土,土曜,,晴,33.0,27.0,計,580337,750000,0.7738,0.8880,589245,0.9849,88,31,6594.7,2.59,93,0.9462,90,0.9778,246305,,0.0000,0.1961,0,165910,0.2859,0.2911,0.2859,0.4872,5740,6066.2,,0.0000,
0001,千房直営,000004,第4エリア,111   ,ぷれじでんと大丸心斎橋店,2026/08/30,日,日祝,,晴,34.0,29.0,計,790469,700000,1.1292,0.9115,657667,1.2019,114,52,6933.9,3.35,87,1.3103,91,1.2527,246305,,0.0000,0.1725,0,191347,0.2421,0.2852,0.2421,0.4577,6478,7321.4,,0.0000,
0001,千房直営,000004,第4エリア,112   ,琥 虎ノ門,2026/08/17,月,平日,,晴,29.0,23.0,計,234900,180000,1.3050,1.3050,135260,1.7367,15,5,15660.0,1.07,12,1.2500,8,1.8750,0,8913,0.0379,0.0379,0,46275,0.1970,0.1970,0.2349,0.2349,1967,7165.2,,0.0000,
0001,千房直営,000004,第4エリア,112   ,琥 虎ノ門,2026/08/18,火,平日,,晴,31.0,24.0,計,172200,180000,0.9567,1.1308,78700,2.1881,7,3,24600.0,0.50,12,0.5833,7,1.0000,0,15661,0.0909,0.0604,0,40811,0.2370,0.2139,0.3279,0.2743,1628,6346.4,,0.0000,
0001,千房直営,000004,第4エリア,112   ,琥 虎ノ門,2026/08/19,水,平日,,晴,32.0,25.0,計,271490,180000,1.5083,1.2566,162040,1.6755,11,3,24680.9,0.79,12,0.9167,11,1.0000,0,23783,0.0876,0.0713,0,54958,0.2024,0.2093,0.2900,0.2806,2186,7451.7,,0.0000,
0001,千房直営,000004,第4エリア,112   ,琥 虎ノ門,2026/08/20,木,平日,,晴,32.0,25.0,計,32400,180000,0.1800,0.9875,193130,0.1678,4,2,8100.0,0.29,12,0.3333,14,0.2857,0,60142,1.8562,0.1526,0,47307,1.4601,0.2663,3.3163,0.4189,1921,1012.0,,0.0000,
0001,千房直営,000004,第4エリア,112   ,琥 虎ノ門,2026/08/21,金,平日,,雨,31.0,26.0,計,258480,180000,1.4360,1.0772,57440,4.5000,15,4,17232.0,1.07,12,1.2500,3,5.0000,0,73614,0.2848,0.1878,0,52208,0.2020,0.2492,0.4868,0.4370,2085,7438.3,,0.0000,
0001,千房直営,000004,第4エリア,112   ,琥 虎ノ門,2026/08/22,土,土曜,,晴,31.0,25.0,計,246500,170000,1.4500,1.1364,36600,6.7350,9,3,27388.9,0.64,12,0.7500,2,4.5000,0,11249,0.0456,0.1590,0,52874,0.2145,0.2421,0.2601,0.4012,2124,6963.3,,0.0000,
0001,千房直営,000004,第4エリア,112   ,琥 虎ノ門,2026/08/23,日,日祝,,晴,30.0,25.0,計,34050,170000,0.2003,1.0081,42550,0.8002,4,2,8512.5,0.29,12,0.3333,5,0.8000,0,11301,0.3319,0.1637,0,42585,1.2507,0.2696,1.5826,0.4333,1680,1216.1,,0.0000,
0001,千房直営,000004,第4エリア,112   ,琥 虎ノ門,2026/08/24,月,平日,,晴,32.0,26.0,計,92860,180000,0.5159,0.9457,182670,0.5083,11,3,8441.8,0.79,12,0.9167,11,1.0000,0,44764,0.4821,0.1857,0,34333,0.3697,0.2765,0.8518,0.4623,1481,3762.1,,0.0000,
0001,千房直営,000004,第4エリア,112   ,琥 虎ノ門,2026/08/25,火,平日,,晴,33.0,27.0,計,134540,190000,0.7081,0.9177,66310,2.0290,7,3,19220.0,0.50,12,0.5833,7,1.0000,0,25160,0.1870,0.1859,0,36189,0.2690,0.2758,0.4560,0.4617,1571,5138.4,,0.0000,
0001,千房直営,000004,第4エリア,112   ,琥 虎ノ門,2026/08/26,水,平日,,晴,33.0,28.0,計,187730,190000,0.9881,0.9251,227400,0.8256,16,7,11733.1,1.14,12,1.3333,16,1.0000,0,13858,0.0738,0.1732,0,55275,0.2944,0.2779,0.3683,0.4512,2246,5015.0,,0.0000,
0001,千房直営,000004,第4エリア,112   ,琥 虎ノ門,2026/08/27,木,平日,,曇,30.0,23.0,計,84368,180000,0.4687,0.8836,170160,0.4958,11,3,7669.8,0.79,12,0.9167,11,1.0000,0,28275,0.3351,0.1810,0,55270,0.6551,0.2961,0.9902,0.4772,2234,2265.9,,0.0000,
0001,千房直営,000004,第4エリア,112   ,琥 虎ノ門,2026/08/28,金,平日,,晴,31.0,25.0,計,150438,180000,0.8358,0.8796,0,,14,6,10745.6,1.00,12,1.1667,0,,0,48653,0.3234,0.1923,0,55002,0.3656,0.3016,0.6890,0.4939,2167,4165.3,,0.0000,
0001,千房直営,000004,第4エリア,112   ,琥 虎ノ門,2026/08/29,土,土曜,,雨,27.0,20.0,計,253320,170000,1.4901,0.9242,162350,1.5603,11,2,23029.1,0.79,12,0.9167,7,1.5714,0,20206,0.0798,0.1791,0,63713,0.2515,0.2957,0.3313,0.4748,2333,6514.9,,0.0000,
0001,千房直営,000004,第4エリア,112   ,琥 虎ノ門,2026/08/30,日,日祝,,曇,26.0,20.0,計,21930,170000,0.1290,0.8701,315130,0.0696,2,1,10965.0,0.14,12,0.1667,24,0.0833,0,9059,0.4131,0.1814,0,59800,2.7269,0.3202,3.1399,0.5017,1983,663.5,,0.0000,
0001,千房直営,000004,第4エリア,113   ,ぷれじでんとRetreat,2026/08/17,月,平日,,曇,31.0,25.0,計,37190,100000,0.3719,0.3719,0,,4,2,9297.5,0.40,7,0.5714,0,,0,,0.0000,0.0000,0,19317,0.5194,0.5194,0.5194,0.5194,796,2803.3,,0.0000,
0001,千房直営,000004,第4エリア,113   ,ぷれじでんとRetreat,2026/08/18,火,平日,,曇,32.0,26.0,計,93984,100000,0.9398,0.6559,122050,0.7700,5,1,18796.8,0.50,7,0.7143,8,0.6250,0,15903,0.1692,0.1212,0,17520,0.1864,0.2808,0.3556,0.4021,725,7778.0,,0.0000,
0001,千房直営,000004,第4エリア,113   ,ぷれじでんとRetreat,2026/08/19,水,平日,,晴,34.0,26.0,計,104540,100000,1.0454,0.7857,221836,0.4712,6,3,17423.3,0.60,7,0.8571,11,0.5455,0,11527,0.1103,0.1164,0,23153,0.2215,0.2545,0.3317,0.3709,886,7079.5,,0.0000,
0001,千房直営,000004,第4エリア,113   ,ぷれじでんとRetreat,2026/08/20,木,平日,,晴,34.0,27.0,計,67350,100000,0.6735,0.7577,29460,2.2862,4,2,16837.5,0.40,8,0.5000,5,0.8000,0,7982,0.1185,0.1168,0,18145,0.2694,0.2578,0.3879,0.3747,753,5366.5,,0.0000,
0001,千房直営,000004,第4エリア,113   ,ぷれじでんとRetreat,2026/08/21,金,平日,,晴,35.0,28.0,計,72427,100000,0.7243,0.7510,3837,18.8759,8,4,9053.4,0.80,7,1.1429,1,8.0000,0,58146,0.8028,0.2492,0,21501,0.2969,0.2653,1.0997,0.5145,867,5012.2,,0.0000,
0001,千房直営,000004,第4エリア,113   ,ぷれじでんとRetreat,2026/08/22,土,土曜,,晴,35.0,28.0,計,110870,90000,1.2319,0.8243,24970,4.4401,8,4,13858.8,0.80,7,1.1429,2,4.0000,0,3249,0.0293,0.1990,0,18788,0.1695,0.2435,0.1988,0.4425,774,8594.6,,0.0000,
0001,千房直営,000004,第4エリア,113   ,ぷれじでんとRetreat,2026/08/23,日,日祝,,晴,36.0,28.0,計,,0,,0.8243,,,,,,0,0,,,,0,,,0.1990,0,0,,0.2435,,0.4425,0,,,,
0001,千房直営,000004,第4エリア,113   ,ぷれじでんとRetreat,2026/08/24,月,平日,,晴,35.0,28.0,計,39990,100000,0.3999,0.7628,20690,1.9328,4,2,9997.5,0.40,7,0.5714,2,2.0000,0,49008,1.2255,0.2770,0,17337,0.4335,0.2579,1.6590,0.5350,716,3351.1,,0.0000,
0001,千房直営,000004,第4エリア,113   ,ぷれじでんとRetreat,2026/08/25,火,平日,,晴,34.0,28.0,計,,100000,0.0000,0.6663,73580,0.0000,,,,0,7,0.0000,6,0.0000,0,,,0.2770,0,0,,0.2579,,0.5350,0,,,,
0001,千房直営,000004,第4エリア,113   ,ぷれじでんとRetreat,2026/08/26,水,平日,,晴,35.0,28.0,計,15436,100000,0.1544,0.6087,22130,0.6975,1,1,15436.0,0.10,8,0.1250,2,0.5000,0,7102,0.4601,0.2822,0,17804,1.1534,0.2834,1.6135,0.5657,726,1275.7,,0.0000,
0001,千房直営,000004,第4エリア,113   ,ぷれじでんとRetreat,2026/08/27,木,平日,,晴,33.0,29.0,計,,100000,0.0000,0.5473,57880,0.0000,,,,0,8,0.0000,4,0.0000,0,2713,,0.2873,0,9654,,0.3013,,0.5885,331,0,,,
0001,千房直営,000004,第4エリア,113   ,ぷれじでんとRetreat,2026/08/28,金,平日,,曇,32.0,24.0,計,71170,100000,0.7117,0.5623,180820,0.3936,6,1,11861.7,0.60,8,0.7500,8,0.7500,0,7395,0.1039,0.2660,0,19290,0.2710,0.2978,0.3749,0.5637,717,5955.6,,0.0000,
0001,千房直営,000004,第4エリア,113   ,ぷれじでんとRetreat,2026/08/29,土,土曜,,晴,32.0,27.0,計,75320,95000,0.7928,0.5808,23060,3.2663,5,2,15064.0,0.50,7,0.7143,2,2.5000,0,,0.0000,0.2369,0,29174,0.3873,0.3076,0.3873,0.5444,1037,4358.0,,0.0000,
0001,千房直営,000004,第4エリア,113   ,ぷれじでんとRetreat,2026/08/30,日,日祝,,晴,35.0,28.0,計,,0,,0.5808,,,,,,0,0,,,,0,,,0.2369,0,0,,0.3076,,0.5444,0,,,,
0001,千房直営,000001,第1エリア,301   ,道頓堀ビル店,2026/08/17,月,平日,,曇,31.0,26.0,計,1247026,1800000,0.6928,0.6928,1458685,0.8549,545,201,2288.1,2.95,0,,679,0.8027,0,135083,0.1083,0.1083,0,266451,0.2137,0.2137,0.3220,0.3220,11705,6392.3,,0.0000,
0001,千房直営,000001,第1エリア,301   ,道頓堀ビル店,2026/08/18,火,平日,,曇,32.0,26.0,計,1206743,1800000,0.6704,0.6816,1567601,0.7698,507,183,2380.2,2.74,0,,712,0.7121,0,406236,0.3366,0.2206,0,278983,0.2312,0.2223,0.5678,0.4429,12314,5879.9,,0.0000,
0001,千房直営,000001,第1エリア,301   ,道頓堀ビル店,2026/08/19,水,平日,,晴,34.0,26.0,計,1403007,1800000,0.7794,0.7142,1633693,0.8588,604,217,2322.9,3.26,0,,754,0.8011,0,124749,0.0889,0.1727,0,279787,0.1994,0.2140,0.2883,0.3867,12244,6875.2,,0.0000,
0001,千房直営,000001,第1エリア,301   ,道頓堀ビル店,2026/08/20,木,平日,,晴,34.0,27.0,計,1468633,1800000,0.8159,0.7396,1539325,0.9541,601,214,2443.6,3.25,0,,713,0.8429,0,248679,0.1693,0.1718,0,280212,0.1908,0.2076,0.3601,0.3793,12338,7142.0,,0.0000,
0001,千房直営,000001,第1エリア,301   ,道頓堀ビル店,2026/08/21,金,平日,,晴,35.0,28.0,計,1165398,1800000,0.6474,0.7212,1542663,0.7554,533,195,2186.5,2.88,0,,678,0.7861,0,259334,0.2225,0.1809,0,257762,0.2212,0.2100,0.4437,0.3909,11326,6173.7,,0.0000,
0001,千房直営,000001,第1エリア,301   ,道頓堀ビル店,2026/08/22,土,土曜,,晴,35.0,28.0,計,1180749,2200000,0.5367,0.6850,1865775,0.6328,516,200,2288.3,2.79,0,,865,0.5965,0,519575,0.4400,0.2208,0,298202,0.2526,0.2166,0.6926,0.4373,13039,5433.3,,0.0000,
0001,千房直営,000001,第1エリア,301   ,道頓堀ビル店,2026/08/23,日,日祝,,晴,36.0,28.0,計,1247907,2200000,0.5672,0.6656,1909047,0.6537,570,205,2189.3,3.08,0,,876,0.6507,0,,0.0000,0.1899,0,298421,0.2391,0.2197,0.2391,0.4096,13135,5700.4,,0.0000,
0001,千房直営,000001,第1エリア,301   ,道頓堀ビル店,2026/08/24,月,平日,,晴,35.0,29.0,計,1233585,1800000,0.6853,0.6680,1619432,0.7617,547,198,2255.2,2.96,0,,780,0.7013,0,206641,0.1675,0.1872,0,285298,0.2313,0.2211,0.3988,0.4083,12728,5815.1,,0.0000,
0001,千房直営,000001,第1エリア,301   ,道頓堀ビル店,2026/08/25,火,平日,,晴,34.0,29.0,計,1003386,1800000,0.5574,0.6563,1643528,0.6105,466,178,2153.2,2.52,0,,736,0.6332,0,278856,0.2779,0.1953,0,271567,0.2707,0.2256,0.5486,0.4209,11875,5069.7,,0.0000,
0001,千房直営,000001,第1エリア,301   ,道頓堀ビル店,2026/08/26,水,平日,,晴,35.0,28.0,計,1152948,1800000,0.6405,0.6548,1729291,0.6667,477,174,2417.1,2.58,0,,762,0.6260,0,100440,0.0871,0.1852,0,262268,0.2275,0.2258,0.3146,0.4110,11439,6047.5,,0.0000,
0001,千房直営,000001,第1エリア,301   ,道頓堀ビル店,2026/08/27,木,平日,,晴,34.0,30.0,計,1307791,1800000,0.7266,0.6610,1409085,0.9281,512,193,2554.3,2.77,0,,635,0.8063,0,36947,0.0283,0.1701,0,263926,0.2018,0.2235,0.2301,0.3936,11648,6736.6,,0.0000,
0001,千房直営,000001,第1エリア,301   ,道頓堀ビル店,2026/08/28,金,平日,,曇,32.0,24.0,計,1330995,1800000,0.7394,0.6673,1441096,0.9236,641,196,2076.4,3.46,0,,659,0.9727,0,280602,0.2108,0.1737,0,263353,0.1979,0.2212,0.4087,0.3949,11487,6952.2,,0.0000,
0001,千房直営,000001,第1エリア,301   ,道頓堀ビル店,2026/08/29,土,土曜,,晴,33.0,27.0,計,1422509,2200000,0.6466,0.6655,1838265,0.7738,589,208,2415.1,3.18,0,,816,0.7218,0,216799,0.1524,0.1719,0,308052,0.2166,0.2208,0.3690,0.3927,12876,6628.7,,0.0000,
0001,千房直営,000001,第1エリア,301   ,道頓堀ビル店,2026/08/30,日,日祝,,晴,34.0,29.0,計,1126167,2200000,0.5119,0.6529,1628881,0.6914,472,182,2385.9,2.55,0,,736,0.6413,0,,0.0000,0.1608,0,327571,0.2909,0.2253,0.2909,0.3861,13076,5167.5,,0.0000,
0001,千房直営,600000,本社,333   ,検証,2026/08/17,月,平日,,曇,31.0,26.0,計,,,,,,,,,,,,,,,,,,,,0,,,,,0,,,,
0001,千房直営,600000,本社,333   ,検証,2026/08/18,火,平日,,曇,32.0,26.0,計,,,,,,,,,,,,,,,,,,,,0,,,,,0,,,,
0001,千房直営,600000,本社,333   ,検証,2026/08/19,水,平日,,晴,34.0,26.0,計,,,,,,,,,,,,,,,,,,,,0,,,,,0,,,,
0001,千房直営,600000,本社,333   ,検証,2026/08/20,木,平日,,晴,34.0,27.0,計,,,,,,,,,,,,,,,,,,,,0,,,,,0,,,,
0001,千房直営,600000,本社,333   ,検証,2026/08/21,金,平日,,晴,35.0,28.0,計,,,,,,,,,,,,,,,,,,,,0,,,,,0,,,,
0001,千房直営,600000,本社,333   ,検証,2026/08/22,土,土曜,,晴,35.0,28.0,計,,,,,,,,,,,,,,,,,,,,0,,,,,0,,,,
0001,千房直営,600000,本社,333   ,検証,2026/08/23,日,日祝,,晴,36.0,28.0,計,,,,,,,,,,,,,,,,,,,,0,,,,,0,,,,
0001,千房直営,600000,本社,333   ,検証,2026/08/24,月,平日,,晴,35.0,29.0,計,,,,,,,,,,,,,,,,,,,,0,,,,,0,,,,
0001,千房直営,600000,本社,333   ,検証,2026/08/25,火,平日,,晴,34.0,29.0,計,,,,,,,,,,,,,,,,,,,,0,,,,,0,,,,
0001,千房直営,600000,本社,333   ,検証,2026/08/26,水,平日,,晴,35.0,28.0,計,,,,,,,,,,,,,,,,,,,,0,,,,,0,,,,
0001,千房直営,600000,本社,333   ,検証,2026/08/27,木,平日,,晴,34.0,30.0,計,,,,,,,,,,,,,,,,,,,,0,,,,,0,,,,
0001,千房直営,600000,本社,333   ,検証,2026/08/28,金,平日,,曇,32.0,24.0,計,,,,,,,,,,,,,,,,,,,,0,,,,,0,,,,
0001,千房直営,600000,本社,333   ,検証,2026/08/29,土,土曜,,晴,33.0,27.0,計,,,,,,,,,,,,,,,,,,,,0,,,,,0,,,,
0001,千房直営,600000,本社,333   ,検証,2026/08/30,日,日祝,,晴,34.0,29.0,計,,,,,,,,,,,,,,,,,,,,0,,,,,0,,,,
0001,千房直営,600000,本社,350   ,直営統括共通,2026/08/17,月,平日,,曇,31.0,25.0,計,,,,,,,,,,,,,,,,,,,,0,,,,,0,,,,
0001,千房直営,600000,本社,350   ,直営統括共通,2026/08/18,火,平日,,曇,32.0,27.0,計,,,,,,,,,,,,,,,,,,,,0,,,,,0,,,,
0001,千房直営,600000,本社,350   ,直営統括共通,2026/08/19,水,平日,,晴,34.0,26.0,計,,,,,,,,,,,,,,,,,,,,0,,,,,0,,,,
0001,千房直営,600000,本社,350   ,直営統括共通,2026/08/20,木,平日,,晴,34.0,27.0,計,,,,,,,,,,,,,,,,,,,,0,,,,,0,,,,
0001,千房直営,600000,本社,350   ,直営統括共通,2026/08/21,金,平日,,晴,35.0,28.0,計,,,,,,,,,,,,,,,,,,,,0,,,,,0,,,,
0001,千房直営,600000,本社,350   ,直営統括共通,2026/08/22,土,土曜,,晴,35.0,28.0,計,,,,,,,,,,,,,,,,,,,,0,,,,,0,,,,
0001,千房直営,600000,本社,350   ,直営統括共通,2026/08/23,日,日祝,,晴,36.0,28.0,計,,,,,,,,,,,,,,,,,,,,0,,,,,0,,,,
0001,千房直営,600000,本社,350   ,直営統括共通,2026/08/24,月,平日,,晴,35.0,28.0,計,,,,,,,,,,,,,,,,,,,,0,,,,,0,,,,
0001,千房直営,600000,本社,350   ,直営統括共通,2026/08/25,火,平日,,晴,34.0,28.0,計,,,,,,,,,,,,,,,,,,,,0,,,,,0,,,,
0001,千房直営,600000,本社,350   ,直営統括共通,2026/08/26,水,平日,,晴,35.0,28.0,計,,,,,,,,,,,,,,,,,,,,0,,,,,0,,,,
0001,千房直営,600000,本社,350   ,直営統括共通,2026/08/27,木,平日,,晴,33.0,29.0,計,,,,,,,,,,,,,,,,,,,,0,,,,,0,,,,
0001,千房直営,600000,本社,350   ,直営統括共通,2026/08/28,金,平日,,曇,32.0,25.0,計,,,,,,,,,,,,,,,,,,,,0,,,,,0,,,,
0001,千房直営,600000,本社,350   ,直営統括共通,2026/08/29,土,土曜,,晴,33.0,27.0,計,,,,,,,,,,,,,,,,,,,,0,,,,,0,,,,
0001,千房直営,600000,本社,350   ,直営統括共通,2026/08/30,日,日祝,,晴,35.0,29.0,計,,,,,,,,,,,,,,,,,,,,0,,,,,0,,,,
0001,千房直営,600000,本社,352   ,商品企画,2026/08/17,月,平日,,曇,31.0,25.0,計,,,,,,,,,,,,,,,,,,,,0,,,,,0,,,,
0001,千房直営,600000,本社,352   ,商品企画,2026/08/18,火,平日,,曇,32.0,27.0,計,,,,,,,,,,,,,,,,,,,,0,,,,,0,,,,
0001,千房直営,600000,本社,352   ,商品企画,2026/08/19,水,平日,,晴,34.0,26.0,計,,,,,,,,,,,,,,,,,,,,0,,,,,0,,,,
0001,千房直営,600000,本社,352   ,商品企画,2026/08/20,木,平日,,晴,34.0,27.0,計,,,,,,,,,,,,,,,,,,,,0,,,,,0,,,,
0001,千房直営,600000,本社,352   ,商品企画,2026/08/21,金,平日,,晴,35.0,28.0,計,,,,,,,,,,,,,,,,,,,,0,,,,,0,,,,
0001,千房直営,600000,本社,352   ,商品企画,2026/08/22,土,土曜,,晴,35.0,28.0,計,,,,,,,,,,,,,,,,,,,,0,,,,,0,,,,
0001,千房直営,600000,本社,352   ,商品企画,2026/08/23,日,日祝,,晴,36.0,28.0,計,,,,,,,,,,,,,,,,,,,,0,,,,,0,,,,
0001,千房直営,600000,本社,352   ,商品企画,2026/08/24,月,平日,,晴,35.0,28.0,計,,,,,,,,,,,,,,,,,,,,0,,,,,0,,,,
0001,千房直営,600000,本社,352   ,商品企画,2026/08/25,火,平日,,晴,34.0,28.0,計,,,,,,,,,,,,,,,,,,,,0,,,,,0,,,,
0001,千房直営,600000,本社,352   ,商品企画,2026/08/26,水,平日,,晴,35.0,28.0,計,,,,,,,,,,,,,,,,,,,,0,,,,,0,,,,
0001,千房直営,600000,本社,352   ,商品企画,2026/08/27,木,平日,,晴,33.0,29.0,計,,,,,,,,,,,,,,,,,,,,0,,,,,0,,,,
0001,千房直営,600000,本社,352   ,商品企画,2026/08/28,金,平日,,曇,32.0,25.0,計,,,,,,,,,,,,,,,,,,,,0,,,,,0,,,,
0001,千房直営,600000,本社,352   ,商品企画,2026/08/29,土,土曜,,晴,33.0,27.0,計,,,,,,,,,,,,,,,,,,,,0,,,,,0,,,,
0001,千房直営,600000,本社,352   ,商品企画,2026/08/30,日,日祝,,晴,35.0,29.0,計,,,,,,,,,,,,,,,,,,,,0,,,,,0,,,,
0001,千房直営,000001,第1エリア,702   ,Chibo`s Kitchen ららぽーと甲子園店,2026/08/17,月,平日,,曇,31.0,26.0,計,118664,200000,0.5933,0.5933,145335,0.8165,103,103,1152.1,,0,,168,0.6131,0,231758,1.9531,1.9531,0,37241,0.3138,0.3138,2.2669,2.2669,1703,4180.8,,0.0000,
0001,千房直営,000001,第1エリア,702   ,Chibo`s Kitchen ららぽーと甲子園店,2026/08/18,火,平日,,曇,32.0,27.0,計,187303,200000,0.9365,0.7649,216320,0.8659,179,179,1046.4,,0,,208,0.8606,0,98081,0.5236,1.0780,0,55579,0.2967,0.3034,0.8204,1.3814,2451,4585.1,,0.0000,
0001,千房直営,000001,第1エリア,702   ,Chibo`s Kitchen ららぽーと甲子園店,2026/08/19,水,平日,,晴,33.0,27.0,計,113510,200000,0.5676,0.6991,118800,0.9555,115,115,987.0,,0,,127,0.9055,0,50950,0.4489,0.9078,0,43068,0.3794,0.3239,0.8283,1.2317,1828,3725.7,,0.0000,
0001,千房直営,000001,第1エリア,702   ,Chibo`s Kitchen ららぽーと甲子園店,2026/08/20,木,平日,,晴,33.0,27.0,計,149165,200000,0.7458,0.7108,172406,0.8652,150,150,994.4,,0,,182,0.8242,0,5814,0.0390,0.6799,0,47027,0.3153,0.3217,0.3542,1.0015,2045,4376.5,,0.0000,
0001,千房直営,000001,第1エリア,702   ,Chibo`s Kitchen ららぽーと甲子園店,2026/08/21,金,平日,,晴,34.0,28.0,計,103649,200000,0.5182,0.6723,102537,1.0108,100,100,1036.5,,0,,96,1.0417,0,81549,0.7868,0.6964,0,37203,0.3589,0.3274,1.1457,1.0238,1580,3936.0,,0.0000,
0001,千房直営,000001,第1エリア,702   ,Chibo`s Kitchen ららぽーと甲子園店,2026/08/22,土,土曜,,晴,34.0,28.0,計,219951,310000,0.7095,0.6811,239614,0.9179,206,206,1067.7,,0,,225,0.9156,0,20494,0.0932,0.5477,0,58459,0.2658,0.3122,0.3590,0.8599,2727,4839.4,,0.0000,
0001,千房直営,000001,第1エリア,702   ,Chibo`s Kitchen ららぽーと甲子園店,2026/08/23,日,日祝,,晴,34.0,28.0,計,215861,300000,0.7195,0.6883,221071,0.9764,206,206,1047.9,,0,,209,0.9856,0,,0.0000,0.4410,0,65880,0.3052,0.3109,0.3052,0.7518,3096,4183.4,,0.0000,
0001,千房直営,000001,第1エリア,702   ,Chibo`s Kitchen ららぽーと甲子園店,2026/08/24,月,平日,,晴,34.0,28.0,計,96408,120000,0.8034,0.6962,125780,0.7665,121,121,796.8,,0,,149,0.8121,0,17041,0.1768,0.4198,0,35961,0.3730,0.3158,0.5498,0.7357,1461,3959.3,,0.0000,
0001,千房直営,000001,第1エリア,702   ,Chibo`s Kitchen ららぽーと甲子園店,2026/08/25,火,平日,,晴,34.0,28.0,計,94899,120000,0.7908,0.7024,84403,1.1244,91,91,1042.8,,0,,89,1.0225,0,-20,-0.0002,0.3892,0,36181,0.3813,0.3206,0.3810,0.7098,1639,3474.0,,0.0000,
0001,千房直営,000001,第1エリア,702   ,Chibo`s Kitchen ららぽーと甲子園店,2026/08/26,水,平日,,晴,34.0,28.0,計,104091,120000,0.8674,0.7124,127168,0.8185,104,104,1000.9,,0,,124,0.8387,0,2300,0.0221,0.3619,0,42919,0.4123,0.3274,0.4344,0.6893,1769,3530.5,,0.0000,
0001,千房直営,000001,第1エリア,702   ,Chibo`s Kitchen ららぽーと甲子園店,2026/08/27,木,平日,,晴,32.0,29.0,計,102194,120000,0.8516,0.7204,108198,0.9445,99,99,1032.3,,0,,118,0.8390,0,11952,0.1170,0.3453,0,38532,0.3770,0.3308,0.4940,0.6761,1507,4068.8,,0.0000,
0001,千房直営,000001,第1エリア,702   ,Chibo`s Kitchen ららぽーと甲子園店,2026/08/28,金,平日,,雨,31.0,25.0,計,129637,120000,1.0803,0.7400,140659,0.9216,123,123,1054.0,,0,,134,0.9179,0,86507,0.6673,0.3708,0,36858,0.2843,0.3271,0.9516,0.6979,1552,5011.7,,0.0000,
0001,千房直営,000001,第1エリア,702   ,Chibo`s Kitchen ららぽーと甲子園店,2026/08/29,土,土曜,,晴,32.0,28.0,計,227144,250000,0.9086,0.7571,212344,1.0697,222,222,1023.2,,0,,197,1.1269,0,,0.0000,0.3256,0,62843,0.2767,0.3209,0.2767,0.6465,2610,5221.7,,0.0000,
0001,千房直営,000001,第1エリア,702   ,Chibo`s Kitchen ららぽーと甲子園店,2026/08/30,日,日祝,,晴,34.0,28.0,計,315821,300000,1.0527,0.7892,293475,1.0761,269,269,1174.1,,0,,278,0.9676,0,,0.0000,0.2784,0,71560,0.2266,0.3073,0.2266,0.5857,3052,6208.8,,0.0000,
0001,千房直営,040000,ODEN事業部,704   ,すみ吉 心斎橋,2026/08/17,月,平日,,曇,31.0,26.0,計,63027,110000,0.5730,0.5730,176481,0.3571,11,7,5729.7,0.65,0,,23,0.4783,0,28931,0.4590,0.4590,0,37420,0.5937,0.5937,1.0527,1.0527,1264,2991.8,,0.0000,
0001,千房直営,040000,ODEN事業部,704   ,すみ吉 心斎橋,2026/08/18,火,平日,,曇,32.0,26.0,計,80228,100000,0.8023,0.6822,74938,1.0706,13,4,6171.4,0.76,0,,13,1.0000,0,10381,0.1294,0.2744,0,42954,0.5354,0.5611,0.6648,0.8355,1597,3014.2,,0.0000,
0001,千房直営,040000,ODEN事業部,704   ,すみ吉 心斎橋,2026/08/19,水,平日,,晴,34.0,26.0,計,,0,,0.6822,,,,,,0,0,,,,0,,,0.2744,0,0,,0.5611,,0.8355,0,,,,
0001,千房直営,040000,ODEN事業部,704   ,すみ吉 心斎橋,2026/08/20,木,平日,,晴,34.0,27.0,計,142305,110000,1.2937,0.8924,88568,1.6067,12,5,11858.8,0.71,0,,17,0.7059,0,6058,0.0426,0.1589,0,44087,0.3098,0.4358,0.3524,0.5947,1522,5609.9,,0.0000,
0001,千房直営,040000,ODEN事業部,704   ,すみ吉 心斎橋,2026/08/21,金,平日,,晴,35.0,28.0,計,122650,120000,1.0221,0.9278,158360,0.7745,13,6,9434.6,0.76,0,,17,0.7647,0,10001,0.0815,0.1356,0,64888,0.5291,0.4639,0.6106,0.5995,2337,3148.9,,0.0000,
0001,千房直営,040000,ODEN事業部,704   ,すみ吉 心斎橋,2026/08/22,土,土曜,,晴,35.0,28.0,計,249334,150000,1.6622,1.1145,300778,0.8290,24,12,10388.9,1.41,0,,21,1.1429,0,11480,0.0460,0.1017,0,85554,0.3431,0.4181,0.3892,0.5197,3105,4818.0,,0.0000,
0001,千房直営,040000,ODEN事業部,704   ,すみ吉 心斎橋,2026/08/23,日,日祝,,晴,36.0,28.0,計,48600,100000,0.4860,1.0234,69466,0.6996,8,3,6075.0,0.47,0,,13,0.6154,0,,0.0000,0.0947,0,35532,0.7311,0.4396,0.7311,0.5343,1285,2269.3,,0.0000,
0001,千房直営,040000,ODEN事業部,704   ,すみ吉 心斎橋,2026/08/24,月,平日,,晴,35.0,29.0,計,97053,110000,0.8823,1.0040,65170,1.4892,14,8,6932.4,0.82,0,,6,2.3333,0,,0.0000,0.0832,0,41377,0.4263,0.4380,0.4263,0.5212,1411,4127.0,,0.0000,
0001,千房直営,040000,ODEN事業部,704   ,すみ吉 心斎橋,2026/08/25,火,平日,,晴,34.0,29.0,計,31299,110000,0.2845,0.9170,67354,0.4647,4,2,7824.8,0.24,0,,8,0.5000,0,10120,0.3233,0.0922,0,37663,1.2033,0.4667,1.5267,0.5590,1311,1432.4,,0.0000,
0001,千房直営,040000,ODEN事業部,704   ,すみ吉 心斎橋,2026/08/26,水,平日,,晴,35.0,28.0,計,,0,,0.9170,,,,,,0,0,,,,0,,,0.0922,0,0,,0.4667,,0.5590,0,,,,
0001,千房直営,040000,ODEN事業部,704   ,すみ吉 心斎橋,2026/08/27,木,平日,,晴,34.0,30.0,計,137278,110000,1.2480,0.9527,0,,27,11,5084.4,1.59,0,,0,,0,1800,0.0131,0.0811,0,50281,0.3663,0.4525,0.3794,0.5336,1886,4367.3,,0.0000,
0001,千房直営,040000,ODEN事業部,704   ,すみ吉 心斎橋,2026/08/28,金,平日,,曇,32.0,24.0,計,152088,120000,1.2674,0.9858,157036,0.9685,17,7,8946.4,1.00,0,,17,1.0000,0,8534,0.0561,0.0777,0,57544,0.3784,0.4425,0.4345,0.5202,1795,5083.7,,0.0000,
0001,千房直営,040000,ODEN事業部,704   ,すみ吉 心斎橋,2026/08/29,土,土曜,,晴,33.0,27.0,計,0,130000,0.0000,0.8849,54898,0.0000,0,0,,0.00,0,,10,0.0000,0,4974,,0.0821,0,40814,,0.4788,,0.5609,1373,0.0,,,
0001,千房直営,040000,ODEN事業部,704   ,すみ吉 心斎橋,2026/08/30,日,日祝,,晴,34.0,29.0,計,127680,80000,1.5960,0.9271,94009,1.3582,20,11,6384.0,1.18,0,,24,0.8333,0,,0.0000,0.0737,0,58654,0.4594,0.4768,0.4594,0.5506,1710,4480.0,,0.0000,
0001,千房直営,030000,キッチンカー,800   ,キッチンカー,2026/08/17,月,平日,,曇,31.0,26.0,計,,,,,,,,,,,,,,,,,,,,0,,,,,0,,,,
0001,千房直営,030000,キッチンカー,800   ,キッチンカー,2026/08/18,火,平日,,曇,32.0,26.0,計,,,,,,,,,,,,,,,,,,,,0,,,,,0,,,,
0001,千房直営,030000,キッチンカー,800   ,キッチンカー,2026/08/19,水,平日,,晴,34.0,26.0,計,,,,,,,,,,,,,,,,,,,,0,,,,,0,,,,
0001,千房直営,030000,キッチンカー,800   ,キッチンカー,2026/08/20,木,平日,,晴,34.0,27.0,計,,,,,,,,,,,,,,,,,,,,0,,,,,0,,,,
0001,千房直営,030000,キッチンカー,800   ,キッチンカー,2026/08/21,金,平日,,晴,35.0,28.0,計,,,,,,,,,,,,,,,,,,,,0,,,,,0,,,,
0001,千房直営,030000,キッチンカー,800   ,キッチンカー,2026/08/22,土,土曜,,晴,35.0,28.0,計,,,,,,,,,,,,,,,,,,,,0,,,,,0,,,,
0001,千房直営,030000,キッチンカー,800   ,キッチンカー,2026/08/23,日,日祝,,晴,36.0,28.0,計,,,,,,,,,,,,,,,,,,,,0,,,,,0,,,,
0001,千房直営,030000,キッチンカー,800   ,キッチンカー,2026/08/24,月,平日,,晴,35.0,29.0,計,,,,,,,,,,,,,,,,,,,,0,,,,,0,,,,
0001,千房直営,030000,キッチンカー,800   ,キッチンカー,2026/08/25,火,平日,,晴,34.0,29.0,計,,,,,,,,,,,,,,,,,,,,0,,,,,0,,,,
0001,千房直営,030000,キッチンカー,800   ,キッチンカー,2026/08/26,水,平日,,晴,35.0,28.0,計,,,,,,,,,,,,,,,,,,,,0,,,,,0,,,,
0001,千房直営,030000,キッチンカー,800   ,キッチンカー,2026/08/27,木,平日,,晴,34.0,30.0,計,,,,,,,,,,,,,,,,,,,,0,,,,,0,,,,
0001,千房直営,030000,キッチンカー,800   ,キッチンカー,2026/08/28,金,平日,,曇,32.0,24.0,計,,,,,,,,,,,,,,,,,,,,0,,,,,0,,,,
0001,千房直営,030000,キッチンカー,800   ,キッチンカー,2026/08/29,土,土曜,,晴,33.0,27.0,計,,,,,,,,,,,,,,,,,,,,0,,,,,0,,,,
0001,千房直営,030000,キッチンカー,800   ,キッチンカー,2026/08/30,日,日祝,,晴,34.0,29.0,計,,,,,,,,,,,,,,,,,,,,0,,,,,0,,,,
0002,千房FC,500002,FC第2エリア,515   ,大和郡山店,2026/08/17,月,平日,休,曇,31.0,25.0,計,,0,,,,,,,,0,0,,,,0,,,,,0,,,,,0,,,,
0002,千房FC,500002,FC第2エリア,515   ,大和郡山店,2026/08/18,火,平日,,曇,32.0,25.0,計,,50000,0.0000,0.0000,,,,,,0,26,0.0000,,,0,8638,,,,0,,,,,0,,,,
0002,千房FC,500002,FC第2エリア,515   ,大和郡山店,2026/08/19,水,平日,,曇,34.0,23.0,計,,50000,0.0000,0.0000,,,,,,0,26,0.0000,,,0,,,,,0,,,,,0,,,,
0002,千房FC,500002,FC第2エリア,515   ,大和郡山店,2026/08/20,木,平日,,曇,35.0,25.0,計,,50000,0.0000,0.0000,,,,,,0,26,0.0000,,,0,,,,,0,,,,,0,,,,
0002,千房FC,500002,FC第2エリア,515   ,大和郡山店,2026/08/21,金,平日,,晴,36.0,26.0,計,,50000,0.0000,0.0000,,,,,,0,26,0.0000,,,0,49170,,,,0,,,,,0,,,,
0002,千房FC,500002,FC第2エリア,515   ,大和郡山店,2026/08/22,土,土曜,,晴,35.0,25.0,計,,110000,0.0000,0.0000,,,,,,0,59,0.0000,,,0,,,,,0,,,,,0,,,,
0002,千房FC,500002,FC第2エリア,515   ,大和郡山店,2026/08/23,日,日祝,,曇,36.0,26.0,計,,110000,0.0000,0.0000,,,,,,0,59,0.0000,,,0,,,,,0,,,,,0,,,,
0002,千房FC,500002,FC第2エリア,515   ,大和郡山店,2026/08/24,月,平日,休,曇,35.0,26.0,計,,0,,0.0000,,,,,,0,0,,,,0,,,,,0,,,,,0,,,,
0002,千房FC,500002,FC第2エリア,515   ,大和郡山店,2026/08/25,火,平日,休,晴,36.0,26.0,計,,0,,0.0000,,,,,,0,0,,,,0,,,,,0,,,,,0,,,,
0002,千房FC,500002,FC第2エリア,515   ,大和郡山店,2026/08/26,水,平日,,晴,35.0,25.0,計,,55000,0.0000,0.0000,,,,,,0,29,0.0000,,,0,,,,,0,,,,,0,,,,
0002,千房FC,500002,FC第2エリア,515   ,大和郡山店,2026/08/27,木,平日,,曇,34.0,26.0,計,,55000,0.0000,0.0000,,,,,,0,29,0.0000,,,0,,,,,0,,,,,0,,,,
0002,千房FC,500002,FC第2エリア,515   ,大和郡山店,2026/08/28,金,平日,,曇,31.0,24.0,計,,55000,0.0000,0.0000,,,,,,0,29,0.0000,,,0,,,,,0,,,,,0,,,,
0002,千房FC,500002,FC第2エリア,515   ,大和郡山店,2026/08/29,土,土曜,,晴,33.0,26.0,計,,110000,0.0000,0.0000,,,,,,0,59,0.0000,,,0,,,,,0,,,,,0,,,,
0002,千房FC,500002,FC第2エリア,515   ,大和郡山店,2026/08/30,日,日祝,,晴,35.0,27.0,計,,101819,0.0000,0.0000,,,,,,0,55,0.0000,,,0,,,,,0,,,,,0,,,,
0002,千房FC,500003,FC第3エリア,516   ,阪急服部店,2026/08/17,月,平日,,曇,31.0,25.0,計,105473,60000,1.7579,1.7579,35486,2.9722,54,25,1953.2,1.26,39,1.3846,24,2.2500,0,17460,0.1655,0.1655,,0,0.0000,0.0000,0.1655,0.1655,0,,,0.0000,
0002,千房FC,500003,FC第3エリア,516   ,阪急服部店,2026/08/18,火,平日,,曇,33.0,26.0,計,28139,60000,0.4690,1.1134,69512,0.4048,14,8,2009.9,0.33,39,0.3590,35,0.4000,0,6855,0.2436,0.1820,,0,0.0000,0.0000,0.2436,0.1820,0,,,0.0000,
0002,千房FC,500003,FC第3エリア,516   ,阪急服部店,2026/08/19,水,平日,,晴,34.0,26.0,計,55042,60000,0.9174,1.0481,92967,0.5921,19,12,2896.9,0.44,39,0.4872,42,0.4524,0,3774,0.0686,0.1489,,0,0.0000,0.0000,0.0686,0.1489,0,,,0.0000,
0002,千房FC,500003,FC第3エリア,516   ,阪急服部店,2026/08/20,木,平日,,晴,35.0,26.0,計,103730,60000,1.7288,1.2183,80837,1.2832,41,19,2530.0,0.95,39,1.0513,36,1.1389,0,19759,0.1905,0.1636,,0,0.0000,0.0000,0.1905,0.1636,0,,,0.0000,
0002,千房FC,500003,FC第3エリア,516   ,阪急服部店,2026/08/21,金,平日,,晴,35.0,27.0,計,87227,60000,1.4538,1.2654,18329,4.7590,33,15,2643.2,0.77,39,0.8462,6,5.5000,0,13793,0.1581,0.1624,,0,0.0000,0.0000,0.1581,0.1624,0,,,0.0000,
0002,千房FC,500003,FC第3エリア,516   ,阪急服部店,2026/08/22,土,土曜,,晴,35.0,27.0,計,86339,120000,0.7195,1.1094,130963,0.6593,38,19,2272.1,0.88,75,0.5067,55,0.6909,0,11848,0.1372,0.1577,,0,0.0000,0.0000,0.1372,0.1577,0,,,0.0000,
0002,千房FC,500003,FC第3エリア,516   ,阪急服部店,2026/08/23,日,日祝,,晴,36.0,27.0,計,134392,120000,1.1199,1.1117,161363,0.8329,57,25,2357.8,1.33,76,0.7500,69,0.8261,0,,0.0000,0.1224,,0,0.0000,0.0000,0.0000,0.1224,0,,,0.0000,
0002,千房FC,500003,FC第3エリア,516   ,阪急服部店,2026/08/24,月,平日,,晴,35.0,27.0,計,47947,60000,0.7991,1.0805,32013,1.4977,25,12,1917.9,0.58,39,0.6410,18,1.3889,0,,0.0000,0.1134,,0,0.0000,0.0000,0.0000,0.1134,0,,,0.0000,
0002,千房FC,500003,FC第3エリア,516   ,阪急服部店,2026/08/25,火,平日,,晴,35.0,28.0,計,75579,60000,1.2597,1.0968,54404,1.3892,44,18,1717.7,1.02,39,1.1282,27,1.6296,0,3265,0.0432,0.1060,,0,0.0000,0.0000,0.0432,0.1060,0,,,0.0000,
0002,千房FC,500003,FC第3エリア,516   ,阪急服部店,2026/08/26,水,平日,,晴,35.0,27.0,計,54951,60000,0.9159,1.0817,58428,0.9405,27,16,2035.2,0.63,39,0.6923,31,0.8710,0,,0.0000,0.0986,,0,0.0000,0.0000,0.0000,0.0986,0,,,0.0000,
0002,千房FC,500003,FC第3エリア,516   ,阪急服部店,2026/08/27,木,平日,,晴,33.0,29.0,計,49539,60000,0.8257,1.0620,47869,1.0349,20,12,2477.0,0.47,39,0.5128,26,0.7692,0,,0.0000,0.0927,,0,0.0000,0.0000,0.0000,0.0927,0,,,0.0000,
0002,千房FC,500003,FC第3エリア,516   ,阪急服部店,2026/08/28,金,平日,,曇,30.0,24.0,計,39114,60000,0.6519,1.0327,79359,0.4929,20,10,1955.7,0.47,39,0.5128,42,0.4762,0,,0.0000,0.0885,,0,0.0000,0.0000,0.0000,0.0885,0,,,0.0000,
0002,千房FC,500003,FC第3エリア,516   ,阪急服部店,2026/08/29,土,土曜,,晴,32.0,26.0,計,119807,120000,0.9984,1.0284,119787,1.0002,67,27,1788.2,1.56,75,0.8933,73,0.9178,0,,0.0000,0.0777,,0,0.0000,0.0000,0.0000,0.0777,0,,,0.0000,
0002,千房FC,500003,FC第3エリア,516   ,阪急服部店,2026/08/30,日,日祝,,晴,34.0,27.0,計,147114,120000,1.2260,1.0504,144923,1.0151,64,29,2298.7,1.49,76,0.8421,65,0.9846,0,,0.0000,0.0677,,0,0.0000,0.0000,0.0000,0.0677,0,,,0.0000,
0002,千房FC,500003,FC第3エリア,522   ,金剛店,2026/08/17,月,平日,,曇,31.0,24.0,計,94916,85000,1.1167,1.1167,,,57,29,1665.2,1.30,44,1.2955,,,1800,5900,0.0622,0.0622,,25563,0.2693,0.2693,0.3315,0.3315,1208,4714.4,,0.0000,
0002,千房FC,500003,FC第3エリア,522   ,金剛店,2026/08/18,火,平日,休,曇,32.0,25.0,計,,0,,1.1167,,,,,,0,0,,,,0,0,,0.0622,,0,,0.2693,,0.3315,0,,,,
0002,千房FC,500003,FC第3エリア,522   ,金剛店,2026/08/19,水,平日,,曇,33.0,25.0,計,160804,80000,2.0101,1.5498,129252,1.2441,90,32,1786.7,2.05,41,2.1951,66,1.3636,1800,49104,0.3054,0.2151,,23819,0.1481,0.1931,0.4535,0.4082,1145,8426.4,,0.0000,
0002,千房FC,500003,FC第3エリア,522   ,金剛店,2026/08/20,木,平日,,晴,34.0,26.0,計,60753,80000,0.7594,1.2917,114795,0.5292,30,13,2025.1,0.68,41,0.7317,61,0.4918,1800,,0.0000,0.1738,,24509,0.4034,0.2335,0.4034,0.4073,1163,3134.3,,0.0000,
0002,千房FC,500003,FC第3エリア,522   ,金剛店,2026/08/21,金,平日,,晴,35.0,26.0,計,105013,80000,1.3127,1.2969,56516,1.8581,59,25,1779.9,1.34,41,1.4390,33,1.7879,1800,11744,0.1118,0.1584,,25633,0.2441,0.2361,0.3559,0.3945,1227,5135.1,,0.0000,
0002,千房FC,500003,FC第3エリア,522   ,金剛店,2026/08/22,土,土曜,,晴,35.0,26.0,計,236716,200000,1.1836,1.2537,192526,1.2295,114,49,2076.5,2.59,108,1.0556,88,1.2955,3599,5900,0.0249,0.1104,,45599,0.1926,0.2205,0.2176,0.3309,2155,6590.7,,0.0000,
0002,千房FC,500003,FC第3エリア,522   ,金剛店,2026/08/23,日,日祝,,曇,36.0,26.0,計,223481,200000,1.1174,1.2161,190879,1.1708,107,48,2088.6,2.43,112,0.9554,92,1.1630,3599,,0.0000,0.0824,,41157,0.1842,0.2113,0.1842,0.2937,1951,6872.8,,0.0000,
0002,千房FC,500003,FC第3エリア,522   ,金剛店,2026/08/24,月,平日,,晴,34.0,27.0,計,52819,80000,0.6602,1.1609,66670,0.7922,25,12,2112.8,0.57,41,0.6098,36,0.6944,1800,4720,0.0894,0.0828,,24674,0.4671,0.2257,0.5565,0.3085,1189,2665.4,,0.0000,
0002,千房FC,500003,FC第3エリア,522   ,金剛店,2026/08/25,火,平日,休,晴,34.0,26.0,計,,0,,1.1609,,,,,,0,0,,,,0,15800,,0.0997,,0,,0.2257,,0.3254,0,,,,
0002,千房FC,500003,FC第3エリア,522   ,金剛店,2026/08/26,水,平日,,雨,35.0,26.0,計,138520,75000,1.8469,1.2193,74880,1.8499,70,25,1978.9,1.59,38,1.8421,41,1.7073,1800,,0.0000,0.0868,,25014,0.1806,0.2199,0.1806,0.3067,1202,6914.5,,0.0000,
0002,千房FC,500003,FC第3エリア,522   ,金剛店,2026/08/27,木,平日,,曇,33.0,27.0,計,85152,75000,1.1354,1.2127,57088,1.4916,39,20,2183.4,0.89,38,1.0263,35,1.1143,1800,11918,0.1400,0.0907,,24827,0.2916,0.2252,0.4315,0.3159,1178,4337.1,,0.0000,
0002,千房FC,500003,FC第3エリア,522   ,金剛店,2026/08/28,金,平日,,曇,31.0,25.0,計,48596,80000,0.6075,1.1660,102804,0.4727,28,15,1735.6,0.64,41,0.6829,57,0.4912,1800,18750,0.3858,0.1026,,23497,0.4835,0.2356,0.8694,0.3382,1126,2589.5,,0.0000,
0002,千房FC,500003,FC第3エリア,522   ,金剛店,2026/08/29,土,土曜,,晴,33.0,26.0,計,182887,200000,0.9144,1.1252,208264,0.8782,99,43,1847.3,2.25,108,0.9167,111,0.8919,3599,3540,0.0194,0.0917,,44401,0.2428,0.2365,0.2621,0.3282,2118,5180.9,,0.0000,
0002,千房FC,500003,FC第3エリア,522   ,金剛店,2026/08/30,日,日祝,,晴,35.0,27.0,計,191280,200000,0.9564,1.1017,229463,0.8336,110,47,1738.9,2.50,112,0.9821,107,1.0280,3599,,0.0000,0.0806,,41085,0.2148,0.2339,0.2148,0.3145,1945,5900.7,,0.0000,
0002,千房FC,500004,FC第4エリア,526   ,高知野市店,2026/08/17,月,平日,,曇,29.0,23.0,計,25293,22000,1.1497,1.1497,32253,0.7842,14,8,1806.6,0.61,10,1.4000,16,0.8750,7876,6222,0.2460,0.2460,,0,0.0000,0.0000,0.2460,0.2460,0,,,0.0000,
0002,千房FC,500004,FC第4エリア,526   ,高知野市店,2026/08/18,火,平日,,曇,30.0,23.0,計,33710,22000,1.5323,1.3410,17555,1.9203,18,9,1872.8,0.78,10,1.8000,11,1.6364,0,16199,0.4805,0.3800,,0,0.0000,0.0000,0.4805,0.3800,0,,,0.0000,
0002,千房FC,500004,FC第4エリア,526   ,高知野市店,2026/08/19,水,平日,休,晴,31.0,24.0,計,,0,,1.3410,,,,,,0,0,,,,7876,,,0.3800,,0,,0.0000,,0.3800,0,,,,
0002,千房FC,500004,FC第4エリア,526   ,高知野市店,2026/08/20,木,平日,,曇,31.0,23.0,計,29057,22000,1.3208,1.3342,27367,1.0618,14,6,2075.5,0.61,10,1.4000,17,0.8235,7876,7083,0.2438,0.3350,,0,0.0000,0.0000,0.2438,0.3350,0,,,0.0000,
0002,千房FC,500004,FC第4エリア,526   ,高知野市店,2026/08/21,金,平日,,曇,31.0,25.0,計,37792,22000,1.7178,1.4301,41761,0.9050,18,8,2099.6,0.78,10,1.8000,19,0.9474,7876,2608,0.0690,0.2552,,0,0.0000,0.0000,0.0690,0.2552,0,,,0.0000,
0002,千房FC,500004,FC第4エリア,526   ,高知野市店,2026/08/22,土,土曜,,晴,32.0,24.0,計,53658,28000,1.9164,1.5475,32932,1.6294,28,13,1916.4,1.22,11,2.5455,18,1.5556,10024,14506,0.2703,0.2597,,0,0.0000,0.0000,0.2703,0.2597,0,,,0.0000,
0002,千房FC,500004,FC第4エリア,526   ,高知野市店,2026/08/23,日,日祝,,曇,33.0,24.0,計,38538,29000,1.3289,1.5038,26796,1.4382,27,14,1427.3,1.17,16,1.6875,20,1.3500,10382,2450,0.0636,0.2250,,0,0.0000,0.0000,0.0636,0.2250,0,,,0.0000,
0002,千房FC,500004,FC第4エリア,526   ,高知野市店,2026/08/24,月,平日,,曇,32.0,25.0,計,15439,21000,0.7352,1.4065,21936,0.7038,14,6,1102.8,0.61,9,1.5556,12,1.1667,7876,765,0.0496,0.2134,,0,0.0000,0.0000,0.0496,0.2134,0,,,0.0000,
0002,千房FC,500004,FC第4エリア,526   ,高知野市店,2026/08/25,火,平日,,晴,32.0,24.0,計,44881,22000,2.0400,1.4807,35935,1.2489,29,7,1547.6,1.26,10,2.9000,22,1.3182,0,7420,0.1653,0.2057,,0,0.0000,0.0000,0.1653,0.2057,0,,,0.0000,
0002,千房FC,500004,FC第4エリア,526   ,高知野市店,2026/08/26,水,平日,休,曇,32.0,25.0,計,,0,,1.4807,,,,,,0,0,,,,7876,,,0.2057,,0,,0.0000,,0.2057,0,,,,
0002,千房FC,500004,FC第4エリア,526   ,高知野市店,2026/08/27,木,平日,,雨,31.0,27.0,計,29302,22000,1.3319,1.4651,18084,1.6203,16,9,1831.4,0.70,10,1.6000,9,1.7778,7876,8081,0.2758,0.2124,,0,0.0000,0.0000,0.2758,0.2124,0,,,0.0000,
0002,千房FC,500004,FC第4エリア,526   ,高知野市店,2026/08/28,金,平日,,曇,31.0,26.0,計,23598,22000,1.0726,1.4279,12738,1.8526,15,10,1573.2,0.65,10,1.5000,9,1.6667,7876,,0.0000,0.1972,,0,0.0000,0.0000,0.0000,0.1972,0,,,0.0000,
0002,千房FC,500004,FC第4エリア,526   ,高知野市店,2026/08/29,土,土曜,,曇,31.0,26.0,計,53732,28000,1.9190,1.4808,29630,1.8134,26,13,2066.6,1.13,11,2.3636,14,1.8571,10024,5570,0.1037,0.1842,,0,0.0000,0.0000,0.1037,0.1842,0,,,0.0000,
0002,千房FC,500004,FC第4エリア,526   ,高知野市店,2026/08/30,日,日祝,,晴,32.0,25.0,計,48641,26748,1.8185,1.5123,20203,2.4076,25,11,1945.6,1.09,14,1.7857,14,1.7857,10382,,0.0000,0.1635,,0,0.0000,0.0000,0.0000,0.1635,0,,,0.0000,
0002,千房FC,500004,FC第4エリア,527   ,岡山大安寺店,2026/08/17,月,平日,,,,,計,76955,80000,0.9619,0.9619,142906,0.5385,56,27,1374.2,0.58,64,0.8750,87,0.6437,15450,,0.0000,0.0000,,0,0.0000,0.0000,0.0000,0.0000,0,,,0.0000,
0002,千房FC,500004,FC第4エリア,527   ,岡山大安寺店,2026/08/18,火,平日,,,,,計,115467,90000,1.2830,1.1319,93742,1.2318,61,30,1892.9,0.64,73,0.8356,86,0.7093,15450,,0.0000,0.0000,,0,0.0000,0.0000,0.0000,0.0000,0,,,0.0000,
0002,千房FC,500004,FC第4エリア,527   ,岡山大安寺店,2026/08/19,水,平日,,,,,計,74966,90000,0.8330,1.0284,77027,0.9732,48,26,1561.8,0.50,73,0.6575,72,0.6667,15450,,0.0000,0.0000,,0,0.0000,0.0000,0.0000,0.0000,0,,,0.0000,
0002,千房FC,500004,FC第4エリア,527   ,岡山大安寺店,2026/08/20,木,平日,,,,,計,93598,90000,1.0400,1.0314,87293,1.0722,67,40,1397.0,0.70,73,0.9178,78,0.8590,15450,,0.0000,0.0000,,0,0.0000,0.0000,0.0000,0.0000,0,,,0.0000,
0002,千房FC,500004,FC第4エリア,527   ,岡山大安寺店,2026/08/21,金,平日,,,,,計,97109,90000,1.0790,1.0411,110785,0.8766,74,33,1312.3,0.77,73,1.0137,82,0.9024,15450,,0.0000,0.0000,,0,0.0000,0.0000,0.0000,0.0000,0,,,0.0000,
0002,千房FC,500004,FC第4エリア,527   ,岡山大安寺店,2026/08/22,土,土曜,,,,,計,151800,190000,0.7989,0.9681,169448,0.8959,96,47,1581.3,1.00,152,0.6316,143,0.6713,32616,,0.0000,0.0000,,0,0.0000,0.0000,0.0000,0.0000,0,,,0.0000,
0002,千房FC,500004,FC第4エリア,527   ,岡山大安寺店,2026/08/23,日,日祝,,,,,計,163667,200000,0.8183,0.9320,180607,0.9062,112,49,1461.3,1.17,160,0.7000,147,0.7619,32600,,0.0000,0.0000,,0,0.0000,0.0000,0.0000,0.0000,0,,,0.0000,
0002,千房FC,500004,FC第4エリア,527   ,岡山大安寺店,2026/08/24,月,平日,,,,,計,82019,90000,0.9113,0.9300,130989,0.6262,60,31,1367.0,0.63,73,0.8219,84,0.7143,15450,,0.0000,0.0000,,0,0.0000,0.0000,0.0000,0.0000,0,,,0.0000,
0002,千房FC,500004,FC第4エリア,527   ,岡山大安寺店,2026/08/25,火,平日,,,,,計,112099,90000,1.2455,0.9581,87026,1.2881,58,30,1932.7,0.60,73,0.7945,61,0.9508,15450,,0.0000,0.0000,,0,0.0000,0.0000,0.0000,0.0000,0,,,0.0000,
0002,千房FC,500004,FC第4エリア,527   ,岡山大安寺店,2026/08/26,水,平日,,,,,計,77650,90000,0.8628,0.9503,96117,0.8079,49,26,1584.7,0.51,73,0.6712,76,0.6447,15450,,0.0000,0.0000,,0,0.0000,0.0000,0.0000,0.0000,0,,,0.0000,
0002,千房FC,500004,FC第4エリア,527   ,岡山大安寺店,2026/08/27,木,平日,,,,,計,69556,90000,0.7728,0.9369,72004,0.9660,53,29,1312.4,0.55,73,0.7260,54,0.9815,15450,,0.0000,0.0000,,0,0.0000,0.0000,0.0000,0.0000,0,,,0.0000,
0002,千房FC,500004,FC第4エリア,527   ,岡山大安寺店,2026/08/28,金,平日,,,,,計,53498,90000,0.5944,0.9128,95306,0.5613,45,21,1188.8,0.47,73,0.6164,75,0.6000,15450,,0.0000,0.0000,,0,0.0000,0.0000,0.0000,0.0000,0,,,0.0000,
0002,千房FC,500004,FC第4エリア,527   ,岡山大安寺店,2026/08/29,土,土曜,,,,,計,153405,190000,0.8074,0.8992,200758,0.7641,103,46,1489.4,1.07,152,0.6776,163,0.6319,32616,,0.0000,0.0000,,0,0.0000,0.0000,0.0000,0.0000,0,,,0.0000,
0002,千房FC,500004,FC第4エリア,527   ,岡山大安寺店,2026/08/30,日,日祝,,,,,計,177188,200000,0.8859,0.8976,175060,1.0122,126,57,1406.3,1.31,160,0.7875,133,0.9474,32600,,0.0000,0.0000,,0,0.0000,0.0000,0.0000,0.0000,0,,,0.0000,
0002,千房FC,500004,FC第4エリア,529   ,高知南国店,2026/08/17,月,平日,,曇,29.0,23.0,計,76427,60000,1.2738,1.2738,48986,1.5602,54,30,1415.3,1.23,46,1.1739,48,1.1250,13715,,0.0000,0.0000,,0,0.0000,0.0000,0.0000,0.0000,0,,,0.0000,
0002,千房FC,500004,FC第4エリア,529   ,高知南国店,2026/08/18,火,平日,,曇,31.0,23.0,計,115628,60000,1.9271,1.6005,108106,1.0696,84,32,1376.5,1.91,46,1.8261,73,1.1507,13715,36364,0.3145,0.1893,,0,0.0000,0.0000,0.3145,0.1893,0,,,0.0000,
0002,千房FC,500004,FC第4エリア,529   ,高知南国店,2026/08/19,水,平日,,晴,32.0,25.0,計,60039,60000,1.0007,1.4005,57092,1.0516,44,23,1364.5,1.00,46,0.9565,50,0.8800,13715,,0.0000,0.1442,,0,0.0000,0.0000,0.0000,0.1442,0,,,0.0000,
0002,千房FC,500004,FC第4エリア,529   ,高知南国店,2026/08/20,木,平日,,晴,32.0,24.0,計,100021,65000,1.5388,1.4372,109445,0.9139,62,31,1613.2,1.41,50,1.2400,78,0.7949,13715,87419,0.8740,0.3515,,0,0.0000,0.0000,0.8740,0.3515,0,,,0.0000,
0002,千房FC,500004,FC第4エリア,529   ,高知南国店,2026/08/21,金,平日,,曇,32.0,25.0,計,119551,65000,1.8392,1.5215,80555,1.4841,85,41,1406.5,1.93,50,1.7000,80,1.0625,13715,25221,0.2110,0.3159,,0,0.0000,0.0000,0.2110,0.3159,0,,,0.0000,
0002,千房FC,500004,FC第4エリア,529   ,高知南国店,2026/08/22,土,土曜,,晴,32.0,25.0,計,236158,120000,1.9680,1.6461,127425,1.8533,72,18,3280.0,1.64,98,0.7347,97,0.7423,25320,109916,0.4654,0.3658,,0,0.0000,0.0000,0.4654,0.3658,0,,,0.0000,
0002,千房FC,500004,FC第4エリア,529   ,高知南国店,2026/08/23,日,日祝,,晴,33.0,25.0,計,141640,140000,1.0117,1.4903,147594,0.9597,96,47,1475.4,2.18,112,0.8571,122,0.7869,29540,,0.0000,0.3048,,0,0.0000,0.0000,0.0000,0.3048,0,,,0.0000,
0002,千房FC,500004,FC第4エリア,529   ,高知南国店,2026/08/24,月,平日,,晴,33.0,26.0,計,111544,65000,1.7161,1.5134,70696,1.5778,72,36,1549.2,1.64,50,1.4400,55,1.3091,13715,,0.0000,0.2694,,0,0.0000,0.0000,0.0000,0.2694,0,,,0.0000,
0002,千房FC,500004,FC第4エリア,529   ,高知南国店,2026/08/25,火,平日,,晴,33.0,25.0,計,104014,65000,1.6002,1.5215,46402,2.2416,63,34,1651.0,1.43,50,1.2600,41,1.5366,13715,,0.0000,0.2431,,0,0.0000,0.0000,0.0000,0.2431,0,,,0.0000,
0002,千房FC,500004,FC第4エリア,529   ,高知南国店,2026/08/26,水,平日,,曇,32.0,26.0,計,87596,65000,1.3476,1.5067,45232,1.9366,62,29,1412.8,1.41,50,1.2400,43,1.4419,13715,,0.0000,0.2246,,0,0.0000,0.0000,0.0000,0.2246,0,,,0.0000,
0002,千房FC,500004,FC第4エリア,529   ,高知南国店,2026/08/27,木,平日,,雨,31.0,27.0,計,90455,65000,1.3916,1.4977,64094,1.4113,61,33,1482.9,1.39,50,1.2200,53,1.1509,13715,,0.0000,0.2083,,0,0.0000,0.0000,0.0000,0.2083,0,,,0.0000,
0002,千房FC,500004,FC第4エリア,529   ,高知南国店,2026/08/28,金,平日,,曇,32.0,27.0,計,52936,62000,0.8538,1.4529,180556,0.2932,39,22,1357.3,0.89,47,0.8298,85,0.4588,13715,,0.0000,0.1998,,0,0.0000,0.0000,0.0000,0.1998,0,,,0.0000,
0002,千房FC,500004,FC第4エリア,529   ,高知南国店,2026/08/29,土,土曜,,晴,32.0,26.0,計,131700,120000,1.0975,1.4108,69868,1.8850,83,42,1586.7,1.89,98,0.8469,55,1.5091,25320,,0.0000,0.1814,,0,0.0000,0.0000,0.0000,0.1814,0,,,0.0000,
0002,千房FC,500004,FC第4エリア,529   ,高知南国店,2026/08/30,日,日祝,,晴,33.0,26.0,計,150683,140000,1.0763,1.3701,112736,1.3366,101,40,1491.9,2.30,112,0.9018,89,1.1348,29540,,0.0000,0.1640,,0,0.0000,0.0000,0.0000,0.1640,0,,,0.0000,
0002,千房FC,500004,FC第4エリア,531   ,高松レインボー店,2026/08/17,月,平日,休,曇,33.0,25.0,計,,0,,,110619,0.0000,,,,0,0,,74,0.0000,0,,,,0,0,,,,,0,,,,
0002,千房FC,500004,FC第4エリア,531   ,高松レインボー店,2026/08/18,火,平日,,曇,33.0,24.0,計,229459,110000,2.0860,2.0860,126120,1.8194,141,46,1627.4,2.20,56,2.5179,92,1.5326,0,5895,0.0257,0.0257,0,38579,0.1681,0.1681,0.1938,0.1938,1994,6904.5,,0.0000,
0002,千房FC,500004,FC第4エリア,531   ,高松レインボー店,2026/08/19,水,平日,,晴,34.0,25.0,計,164308,110000,1.4937,1.7899,,,98,45,1676.6,1.53,56,1.7500,,,0,3400,0.0207,0.0236,0,35302,0.2149,0.1876,0.2355,0.2112,1842,5352.1,,0.0000,
0002,千房FC,500004,FC第4エリア,531   ,高松レインボー店,2026/08/20,木,平日,,晴,35.0,26.0,計,159385,110000,1.4490,1.6762,139214,1.1449,91,41,1751.5,1.42,56,1.6250,82,1.1098,0,81221,0.5096,0.1636,0,35983,0.2258,0.1986,0.7354,0.3623,1867,5122.2,,0.0000,
0002,千房FC,500004,FC第4エリア,531   ,高松レインボー店,2026/08/21,金,平日,,晴,35.0,27.0,計,152078,110000,1.3825,1.6028,94738,1.6052,102,45,1491.0,1.59,56,1.8214,64,1.5938,0,456,0.0030,0.1290,0,46532,0.3060,0.2218,0.3090,0.3508,2392,3814.7,,0.0000,
0002,千房FC,500004,FC第4エリア,531   ,高松レインボー店,2026/08/22,土,土曜,,晴,34.0,27.0,計,224035,240000,0.9335,1.3666,206449,1.0852,145,58,1545.1,2.27,120,1.2083,149,0.9732,0,87309,0.3897,0.1919,0,48362,0.2159,0.2203,0.6056,0.4122,2452,5482.1,,0.0000,
0002,千房FC,500004,FC第4エリア,531   ,高松レインボー店,2026/08/23,日,日祝,,晴,35.0,27.0,計,267186,230000,1.1617,1.3148,,,163,66,1639.2,2.55,116,1.4052,,,0,,0.0000,0.1490,0,48381,0.1811,0.2116,0.1811,0.3606,2478,6469.4,,0.0000,
0002,千房FC,500004,FC第4エリア,531   ,高松レインボー店,2026/08/24,月,平日,,晴,35.0,27.0,計,108321,110000,0.9847,1.2792,134580,0.8049,59,27,1835.9,0.92,56,1.0536,87,0.6782,0,,0.0000,0.1366,0,43006,0.3970,0.2270,0.3970,0.3636,2244,2896.3,,0.0000,
0002,千房FC,500004,FC第4エリア,531   ,高松レインボー店,2026/08/25,火,平日,,晴,34.0,27.0,計,139686,110000,1.2699,1.2783,135869,1.0281,90,32,1552.1,1.41,56,1.6071,82,1.0976,0,60265,0.4314,0.1651,0,31106,0.2227,0.2266,0.6541,0.3917,1623,5164.0,,0.0000,
0002,千房FC,500004,FC第4エリア,531   ,高松レインボー店,2026/08/26,水,平日,,晴,36.0,27.0,計,91576,110000,0.8325,1.2387,,,67,28,1366.8,1.05,56,1.1964,,,0,8294,0.0906,0.1607,0,34206,0.3735,0.2353,0.4641,0.3960,1762,3118.4,,0.0000,
0002,千房FC,500004,FC第4エリア,531   ,高松レインボー店,2026/08/27,木,平日,,曇,34.0,28.0,計,86308,110000,0.7846,1.2017,113049,0.7635,55,27,1569.2,0.86,56,0.9821,79,0.6962,0,28353,0.3285,0.1696,0,33556,0.3888,0.2435,0.7173,0.4131,1717,3016.0,,0.0000,
0002,千房FC,500004,FC第4エリア,531   ,高松レインボー店,2026/08/28,金,平日,,晴,32.0,28.0,計,160716,110000,1.4611,1.2213,108520,1.4810,89,38,1805.8,1.39,56,1.5893,74,1.2027,0,,0.0000,0.1543,0,30735,0.1912,0.2388,0.1912,0.3931,1578,6110.9,,0.0000,
0002,千房FC,500004,FC第4エリア,531   ,高松レインボー店,2026/08/29,土,土曜,,晴,35.0,28.0,計,194037,240000,0.8085,1.1630,171685,1.1302,125,54,1552.3,1.95,120,1.0417,116,1.0776,0,40014,0.2062,0.1594,0,75206,0.3876,0.2534,0.5938,0.4128,3784,3076.7,,0.0000,
0002,千房FC,500004,FC第4エリア,531   ,高松レインボー店,2026/08/30,日,日祝,,晴,37.0,27.0,計,235770,230000,1.0251,1.1466,212822,1.1078,153,59,1541.0,2.39,116,1.3190,138,1.1087,0,,0.0000,0.1424,0,50545,0.2144,0.2492,0.2144,0.3917,2518,5618.0,,0.0000,
0002,千房FC,500002,FC第2エリア,534   ,札幌アスティ４５店,2026/08/17,月,平日,,晴,27.0,22.0,計,141792,115000,1.2330,1.2330,110851,1.2791,95,49,1492.5,1.98,70,1.3571,55,1.7273,26335,2070,0.0146,0.0146,,0,0.0000,0.0000,0.0146,0.0146,0,,,0.0000,
0002,千房FC,500002,FC第2エリア,534   ,札幌アスティ４５店,2026/08/18,火,平日,,曇,26.0,23.0,計,163311,115000,1.4201,1.3265,103422,1.5791,94,51,1737.4,1.96,70,1.3429,81,1.1605,26335,60462,0.3702,0.2050,,0,0.0000,0.0000,0.3702,0.2050,0,,,0.0000,
0002,千房FC,500002,FC第2エリア,534   ,札幌アスティ４５店,2026/08/19,水,平日,,雨,25.0,23.0,計,148055,115000,1.2874,1.3135,92070,1.6081,85,50,1741.8,1.77,70,1.2143,62,1.3710,26335,9000,0.0608,0.1579,,0,0.0000,0.0000,0.0608,0.1579,0,,,0.0000,
0002,千房FC,500002,FC第2エリア,534   ,札幌アスティ４５店,2026/08/20,木,平日,,晴,27.0,23.0,計,115598,115000,1.0052,1.2364,151029,0.7654,78,50,1482.0,1.63,70,1.1143,85,0.9176,26335,16865,0.1459,0.1554,,0,0.0000,0.0000,0.1459,0.1554,0,,,0.0000,
0002,千房FC,500002,FC第2エリア,534   ,札幌アスティ４５店,2026/08/21,金,平日,,晴,29.0,20.0,計,215467,115000,1.8736,1.3639,155098,1.3892,107,57,2013.7,2.23,70,1.5286,100,1.0700,26335,71363,0.3312,0.2037,,0,0.0000,0.0000,0.3312,0.2037,0,,,0.0000,
0002,千房FC,500002,FC第2エリア,534   ,札幌アスティ４５店,2026/08/22,土,土曜,,晴,29.0,20.0,計,164173,200000,0.8209,1.2237,152691,1.0752,91,42,1804.1,1.90,120,0.7583,90,1.0111,47908,65829,0.4010,0.2379,,0,0.0000,0.0000,0.4010,0.2379,0,,,0.0000,
0002,千房FC,500002,FC第2エリア,534   ,札幌アスティ４５店,2026/08/23,日,日祝,,晴,29.0,21.0,計,119974,190000,0.6314,1.1071,135064,0.8883,75,41,1599.7,1.56,114,0.6579,75,1.0000,45513,,0.0000,0.2112,,0,0.0000,0.0000,0.0000,0.2112,0,,,0.0000,
0002,千房FC,500002,FC第2エリア,534   ,札幌アスティ４５店,2026/08/24,月,平日,,曇,29.0,22.0,計,134771,115000,1.1719,1.1140,87604,1.5384,80,41,1684.6,1.67,70,1.1429,56,1.4286,26335,,0.0000,0.1875,,0,0.0000,0.0000,0.0000,0.1875,0,,,0.0000,
0002,千房FC,500002,FC第2エリア,534   ,札幌アスティ４５店,2026/08/25,火,平日,,曇,23.0,21.0,計,112272,115000,0.9763,1.1008,79955,1.4042,65,41,1727.3,1.35,70,0.9286,57,1.1404,26335,84588,0.7534,0.2358,,0,0.0000,0.0000,0.7534,0.2358,0,,,0.0000,
0002,千房FC,500002,FC第2エリア,534   ,札幌アスティ４５店,2026/08/26,水,平日,,曇,24.0,19.0,計,132635,115000,1.1533,1.1054,151490,0.8755,79,47,1678.9,1.65,70,1.1286,96,0.8229,26335,,0.0000,0.2142,,0,0.0000,0.0000,0.0000,0.2142,0,,,0.0000,
0002,千房FC,500002,FC第2エリア,534   ,札幌アスティ４５店,2026/08/27,木,平日,,雨,27.0,18.0,計,45897,115000,0.3991,1.0484,95662,0.4798,38,30,1207.8,0.79,70,0.5429,65,0.5846,26335,,0.0000,0.2076,,0,0.0000,0.0000,0.0000,0.2076,0,,,0.0000,
0002,千房FC,500002,FC第2エリア,534   ,札幌アスティ４５店,2026/08/28,金,平日,,晴,22.0,19.0,計,145652,115000,1.2665,1.0647,178855,0.8144,81,46,1798.2,1.69,70,1.1571,94,0.8617,26335,,0.0000,0.1892,,0,0.0000,0.0000,0.0000,0.1892,0,,,0.0000,
0002,千房FC,500002,FC第2エリア,534   ,札幌アスティ４５店,2026/08/29,土,土曜,,晴,22.0,16.0,計,246196,200000,1.2310,1.0838,224422,1.0970,123,58,2001.6,2.56,120,1.0250,119,1.0336,47908,,0.0000,0.1645,,0,0.0000,0.0000,0.0000,0.1645,0,,,0.0000,
0002,千房FC,500002,FC第2エリア,534   ,札幌アスティ４５店,2026/08/30,日,日祝,,曇,21.0,17.0,計,180327,190000,0.9491,1.0705,,,100,48,1803.3,2.08,114,0.8772,,,45513,,0.0000,0.1501,,0,0.0000,0.0000,0.0000,0.1501,0,,,0.0000,
0002,千房FC,500001,FC第1エリア,535   ,丸太町七本松店,2026/08/17,月,平日,,曇,31.0,26.0,計,40703,23000,1.7697,1.7697,67258,0.6052,18,9,2261.3,0.69,7,2.5714,24,0.7500,14725,18006,0.4424,0.4424,,0,0.0000,0.0000,0.4424,0.4424,0,,,0.0000,
0002,千房FC,500001,FC第1エリア,535   ,丸太町七本松店,2026/08/18,火,平日,,曇,32.0,26.0,計,8502,23000,0.3697,1.0697,21179,0.4014,7,5,1214.6,0.27,7,1.0000,23,0.3043,14725,10073,1.1848,0.5707,,0,0.0000,0.0000,1.1848,0.5707,0,,,0.0000,
0002,千房FC,500001,FC第1エリア,535   ,丸太町七本松店,2026/08/19,水,平日,休,曇,34.0,26.0,計,,0,,1.0697,,,,,,0,0,,,,0,,,0.5707,,0,,0.0000,,0.5707,0,,,,
0002,千房FC,500001,FC第1エリア,535   ,丸太町七本松店,2026/08/20,木,平日,,晴,36.0,26.0,計,22521,25000,0.9008,1.0102,13496,1.6687,15,12,1501.4,0.58,8,1.8750,1,15.0000,14725,7824,0.3474,0.5006,,0,0.0000,0.0000,0.3474,0.5006,0,,,0.0000,
0002,千房FC,500001,FC第1エリア,535   ,丸太町七本松店,2026/08/21,金,平日,,雨,34.0,27.0,計,43902,25000,1.7561,1.2045,36283,1.2100,28,14,1567.9,1.08,8,3.5000,24,1.1667,14725,1770,0.0403,0.3258,,0,0.0000,0.0000,0.0403,0.3258,0,,,0.0000,
0002,千房FC,500001,FC第1エリア,535   ,丸太町七本松店,2026/08/22,土,土曜,,曇,36.0,26.0,計,44400,30000,1.4800,1.2701,42874,1.0356,26,12,1707.7,1.00,16,1.6250,22,1.1818,15210,11140,0.2509,0.3050,,0,0.0000,0.0000,0.2509,0.3050,0,,,0.0000,
0002,千房FC,500001,FC第1エリア,535   ,丸太町七本松店,2026/08/23,日,日祝,,曇,38.0,27.0,計,40256,30000,1.3419,1.2839,38954,1.0334,14,4,2875.4,0.54,18,0.7778,17,0.8235,16620,1770,0.0440,0.2526,,0,0.0000,0.0000,0.0440,0.2526,0,,,0.0000,
0002,千房FC,500001,FC第1エリア,535   ,丸太町七本松店,2026/08/24,月,平日,,雨,38.0,27.0,計,22744,25000,0.9098,1.2322,30717,0.7404,26,12,874.8,1.00,8,3.2500,15,1.7333,14725,14960,0.6578,0.2939,,0,0.0000,0.0000,0.6578,0.2939,0,,,0.0000,
0002,千房FC,500001,FC第1エリア,535   ,丸太町七本松店,2026/08/25,火,平日,,晴,37.0,27.0,計,32317,25000,1.2927,1.2395,13047,2.4770,15,13,2154.5,0.58,8,1.8750,8,1.8750,14725,6252,0.1935,0.2812,,0,0.0000,0.0000,0.1935,0.2812,0,,,0.0000,
0002,千房FC,500001,FC第1エリア,535   ,丸太町七本松店,2026/08/26,水,平日,休,曇,37.0,27.0,計,,0,,1.2395,,,,,,0,0,,,,0,,,0.2812,,0,,0.0000,,0.2812,0,,,,
0002,千房FC,500001,FC第1エリア,535   ,丸太町七本松店,2026/08/27,木,平日,,晴,34.0,28.0,計,57863,25000,2.3145,1.3559,17576,3.2922,41,12,1411.3,1.58,8,5.1250,9,4.5556,14725,,0.0000,0.2292,,0,0.0000,0.0000,0.0000,0.2292,0,,,0.0000,
0002,千房FC,500001,FC第1エリア,535   ,丸太町七本松店,2026/08/28,金,平日,,晴,31.0,24.0,計,44874,25000,1.7950,1.3988,12966,3.4609,22,10,2039.7,0.85,8,2.7500,10,2.2000,14725,16185,0.3607,0.2457,,0,0.0000,0.0000,0.3607,0.2457,0,,,0.0000,
0002,千房FC,500001,FC第1エリア,535   ,丸太町七本松店,2026/08/29,土,土曜,,曇,32.0,25.0,計,52647,28000,1.8803,1.4462,38265,1.3759,25,9,2105.9,0.96,14,1.7857,23,1.0870,15210,1770,0.0336,0.2185,,0,0.0000,0.0000,0.0336,0.2185,0,,,0.0000,
0002,千房FC,500001,FC第1エリア,535   ,丸太町七本松店,2026/08/30,日,日祝,,曇,35.0,26.0,計,56172,28000,2.0061,1.4965,52022,1.0798,24,11,2340.5,0.92,16,1.5000,23,1.0435,16620,,0.0000,0.1922,,0,0.0000,0.0000,0.0000,0.1922,0,,,0.0000,
0002,千房FC,500002,FC第2エリア,541   ,仙台一番町店,2026/08/17,月,平日,,曇,26.0,23.0,計,,0,,,,,,,,0,0,,,,25755,17585,,,,0,,,,,0,,,,
0002,千房FC,500002,FC第2エリア,541   ,仙台一番町店,2026/08/18,火,平日,,曇,28.0,23.0,計,55440,85000,0.6522,0.6522,,,22,11,2520.0,0.41,34,0.6471,,,25755,3091,0.0558,0.3729,,0,0.0000,0.0000,0.0558,0.3729,0,,,0.0000,
0002,千房FC,500002,FC第2エリア,541   ,仙台一番町店,2026/08/19,水,平日,,晴,29.0,23.0,計,130455,85000,1.5348,1.0935,112287,1.1618,34,8,3836.9,0.63,34,1.0000,34,1.0000,25755,36217,0.2776,0.3060,,0,0.0000,0.0000,0.2776,0.3060,0,,,0.0000,
0002,千房FC,500002,FC第2エリア,541   ,仙台一番町店,2026/08/20,木,平日,,曇,30.0,24.0,計,83686,85000,0.9845,1.0572,71061,1.1777,28,12,2988.8,0.52,34,0.8235,24,1.1667,25755,3878,0.0463,0.2254,,0,0.0000,0.0000,0.0463,0.2254,0,,,0.0000,
0002,千房FC,500002,FC第2エリア,541   ,仙台一番町店,2026/08/21,金,平日,,曇,29.0,24.0,計,399094,85000,4.6952,1.9667,127804,3.1227,216,15,1847.7,4.00,34,6.3529,51,4.2353,25755,28152,0.0705,0.1330,,0,0.0000,0.0000,0.0705,0.1330,0,,,0.0000,
0002,千房FC,500002,FC第2エリア,541   ,仙台一番町店,2026/08/22,土,土曜,,曇,28.0,23.0,計,88998,160000,0.5562,1.5153,107668,0.8266,32,15,2781.2,0.59,64,0.5000,44,0.7273,51626,10417,0.1170,0.1311,,0,0.0000,0.0000,0.1170,0.1311,0,,,0.0000,
0002,千房FC,500002,FC第2エリア,541   ,仙台一番町店,2026/08/23,日,日祝,,曇,28.0,24.0,計,52669,155000,0.3398,1.2372,81926,0.6429,29,14,1816.2,0.54,76,0.3816,37,0.7838,48400,4500,0.0854,0.1281,,0,0.0000,0.0000,0.0854,0.1281,0,,,0.0000,
0002,千房FC,500002,FC第2エリア,541   ,仙台一番町店,2026/08/24,月,平日,,雨,29.0,24.0,計,77821,85000,0.9155,1.2002,34368,2.2643,23,10,3383.5,0.43,34,0.6765,14,1.6429,25755,17466,0.2244,0.1366,,0,0.0000,0.0000,0.2244,0.1366,0,,,0.0000,
0002,千房FC,500002,FC第2エリア,541   ,仙台一番町店,2026/08/25,火,平日,,雨,34.0,25.0,計,44440,85000,0.5228,1.1304,79177,0.5613,16,8,2777.5,0.30,34,0.4706,29,0.5517,25755,3685,0.0829,0.1340,,0,0.0000,0.0000,0.0829,0.1340,0,,,0.0000,
0002,千房FC,500002,FC第2エリア,541   ,仙台一番町店,2026/08/26,水,平日,,曇,32.0,26.0,計,54266,85000,0.6384,1.0845,46796,1.1596,26,13,2087.2,0.48,34,0.7647,18,1.4444,25755,4375,0.0806,0.1311,,0,0.0000,0.0000,0.0806,0.1311,0,,,0.0000,
0002,千房FC,500002,FC第2エリア,541   ,仙台一番町店,2026/08/27,木,平日,,雨,27.0,24.0,計,57058,85000,0.6713,1.0492,86778,0.6575,23,14,2480.8,0.43,34,0.6765,33,0.6970,25755,4815,0.0844,0.1285,,0,0.0000,0.0000,0.0844,0.1285,0,,,0.0000,
0002,千房FC,500002,FC第2エリア,541   ,仙台一番町店,2026/08/28,金,平日,,晴,30.0,22.0,計,107285,85000,1.2622,1.0659,144251,0.7437,29,14,3699.5,0.54,34,0.8529,48,0.6042,25755,,0.0000,0.1166,,0,0.0000,0.0000,0.0000,0.1166,0,,,0.0000,
0002,千房FC,500002,FC第2エリア,541   ,仙台一番町店,2026/08/29,土,土曜,,雨,23.0,19.0,計,137664,160000,0.8604,1.0394,148340,0.9280,55,25,2503.0,1.02,64,0.8594,60,0.9167,51626,,0.0000,0.1041,,0,0.0000,0.0000,0.0000,0.1041,0,,,0.0000,
0002,千房FC,500002,FC第2エリア,541   ,仙台一番町店,2026/08/30,日,日祝,,雨,21.0,18.0,計,154152,150000,1.0277,1.0382,72077,2.1387,54,18,2854.7,1.00,74,0.7297,29,1.8621,48400,,0.0000,0.0930,,0,0.0000,0.0000,0.0000,0.0930,0,,,0.0000,
0002,千房FC,500004,FC第4エリア,542   ,広島パセーラ店,2026/08/17,月,平日,,曇,30.0,25.0,計,127130,85000,1.4956,1.4956,92403,1.3758,93,42,1367.0,1.66,51,1.8235,72,1.2917,52401,29399,0.2313,0.2313,,0,0.0000,0.0000,0.2313,0.2313,0,,,0.0000,
0002,千房FC,500004,FC第4エリア,542   ,広島パセーラ店,2026/08/18,火,平日,休,晴,33.0,25.0,計,,0,,1.4956,,,,,,0,0,,,,52401,,,0.2313,,0,,0.0000,,0.2313,0,,,,
0002,千房FC,500004,FC第4エリア,542   ,広島パセーラ店,2026/08/19,水,平日,休,晴,35.0,26.0,計,,0,,1.4956,,,,,,0,0,,,,0,,,0.2313,,0,,0.0000,,0.2313,0,,,,
0002,千房FC,500004,FC第4エリア,542   ,広島パセーラ店,2026/08/20,木,平日,,曇,34.0,26.0,計,167200,85000,1.9671,1.7314,68471,2.4419,101,50,1655.4,1.80,51,1.9804,51,1.9804,52401,93193,0.5574,0.4165,,0,0.0000,0.0000,0.5574,0.4165,0,,,0.0000,
0002,千房FC,500004,FC第4エリア,542   ,広島パセーラ店,2026/08/21,金,平日,,晴,34.0,27.0,計,114869,85000,1.3514,1.6047,68922,1.6667,78,38,1472.7,1.39,51,1.5294,44,1.7727,52401,,0.0000,0.2996,,0,0.0000,0.0000,0.0000,0.2996,0,,,0.0000,
0002,千房FC,500004,FC第4エリア,542   ,広島パセーラ店,2026/08/22,土,土曜,,晴,35.0,26.0,計,240349,168630,1.4253,1.5333,176053,1.3652,164,81,1465.5,2.93,109,1.5046,118,1.3898,86240,,0.0000,0.1887,,0,0.0000,0.0000,0.0000,0.1887,0,,,0.0000,
0002,千房FC,500004,FC第4エリア,542   ,広島パセーラ店,2026/08/23,日,日祝,,晴,36.0,27.0,計,203227,180000,1.1290,1.4127,156687,1.2970,140,59,1451.6,2.50,118,1.1864,107,1.3084,86220,4330,0.0213,0.1488,,0,0.0000,0.0000,0.0213,0.1488,0,,,0.0000,
0002,千房FC,500004,FC第4エリア,542   ,広島パセーラ店,2026/08/24,月,平日,,晴,35.0,27.0,計,69494,85000,0.8176,1.3393,40610,1.7113,51,29,1362.6,0.91,51,1.0000,33,1.5455,52401,15314,0.2204,0.1542,,0,0.0000,0.0000,0.2204,0.1542,0,,,0.0000,
0002,千房FC,500004,FC第4エリア,542   ,広島パセーラ店,2026/08/25,火,平日,,晴,36.0,27.0,計,109430,85000,1.2874,1.3336,94066,1.1633,82,41,1334.5,1.46,51,1.6078,66,1.2424,52401,63455,0.5799,0.1994,,0,0.0000,0.0000,0.5799,0.1994,0,,,0.0000,
0002,千房FC,500004,FC第4エリア,542   ,広島パセーラ店,2026/08/26,水,平日,休,晴,36.0,27.0,計,,0,,1.3336,,,,,,0,0,,,,0,,,0.1994,,0,,0.0000,,0.1994,0,,,,
0002,千房FC,500004,FC第4エリア,542   ,広島パセーラ店,2026/08/27,木,平日,,雨,34.0,30.0,計,117083,85000,1.3774,1.3379,58530,2.0004,76,46,1540.6,1.36,51,1.4902,47,1.6170,52401,88826,0.7587,0.2564,,0,0.0000,0.0000,0.7587,0.2564,0,,,0.0000,
0002,千房FC,500004,FC第4エリア,542   ,広島パセーラ店,2026/08/28,金,平日,,曇,32.0,29.0,計,96572,85000,1.1361,1.3197,80159,1.2048,64,34,1508.9,1.14,51,1.2549,55,1.1636,52401,,0.0000,0.2365,,0,0.0000,0.0000,0.0000,0.2365,0,,,0.0000,
0002,千房FC,500004,FC第4エリア,542   ,広島パセーラ店,2026/08/29,土,土曜,,曇,33.0,28.0,計,274486,160000,1.7155,1.3771,216451,1.2681,186,84,1475.7,3.32,104,1.7885,142,1.3099,86240,,0.0000,0.1938,,0,0.0000,0.0000,0.0000,0.1938,0,,,0.0000,
0002,千房FC,500004,FC第4エリア,542   ,広島パセーラ店,2026/08/30,日,日祝,,曇,35.0,28.0,計,229770,180000,1.2765,1.3630,158003,1.4542,155,81,1482.4,2.77,118,1.3136,125,1.2400,86220,,0.0000,0.1683,,0,0.0000,0.0000,0.0000,0.1683,0,,,0.0000,
0002,千房FC,500002,FC第2エリア,544   ,静岡パルシェ店,2026/08/17,月,平日,,曇,30.0,25.0,計,95649,115000,0.8317,0.8317,124244,0.7698,52,30,1839.4,1.30,69,0.7536,76,0.6842,22028,93822,0.9809,0.9809,,0,0.0000,0.0000,0.9809,0.9809,0,,,0.0000,
0002,千房FC,500002,FC第2エリア,544   ,静岡パルシェ店,2026/08/18,火,平日,,曇,31.0,24.0,計,133466,115000,1.1606,0.9962,139953,0.9536,65,33,2053.3,1.63,69,0.9420,76,0.8553,22028,40183,0.3011,0.5849,,0,0.0000,0.0000,0.3011,0.5849,0,,,0.0000,
0002,千房FC,500002,FC第2エリア,544   ,静岡パルシェ店,2026/08/19,水,平日,,晴,31.0,24.0,計,124831,115000,1.0855,1.0259,93913,1.3292,56,32,2229.1,1.40,69,0.8116,55,1.0182,22028,9470,0.0759,0.4054,,0,0.0000,0.0000,0.0759,0.4054,0,,,0.0000,
0002,千房FC,500002,FC第2エリア,544   ,静岡パルシェ店,2026/08/20,木,平日,,曇,30.0,26.0,計,130000,115000,1.1304,1.0521,101782,1.2772,70,40,1857.1,1.75,69,1.0145,57,1.2281,22028,44635,0.3433,0.3887,,0,0.0000,0.0000,0.3433,0.3887,0,,,0.0000,
0002,千房FC,500002,FC第2エリア,544   ,静岡パルシェ店,2026/08/21,金,平日,,曇,30.0,24.0,計,157138,120000,1.3095,1.1053,128319,1.2246,67,37,2345.3,1.68,72,0.9306,66,1.0152,22028,17573,0.1118,0.3208,,0,0.0000,0.0000,0.1118,0.3208,0,,,0.0000,
0002,千房FC,500002,FC第2エリア,544   ,静岡パルシェ店,2026/08/22,土,土曜,,曇,31.0,26.0,計,235062,210000,1.1193,1.1090,213949,1.0987,100,44,2350.6,2.50,112,0.8929,113,0.8850,40226,,0.0000,0.2348,,0,0.0000,0.0000,0.0000,0.2348,0,,,0.0000,
0002,千房FC,500002,FC第2エリア,544   ,静岡パルシェ店,2026/08/23,日,日祝,,曇,30.0,25.0,計,255276,195000,1.3091,1.1487,264387,0.9655,101,51,2527.5,2.53,97,1.0412,143,0.7063,37353,,0.0000,0.1818,,0,0.0000,0.0000,0.0000,0.1818,0,,,0.0000,
0002,千房FC,500002,FC第2エリア,544   ,静岡パルシェ店,2026/08/24,月,平日,,晴,31.0,24.0,計,117400,115000,1.0209,1.1353,94512,1.2422,56,27,2096.4,1.40,69,0.8116,54,1.0370,22028,46425,0.3954,0.2019,,0,0.0000,0.0000,0.3954,0.2019,0,,,0.0000,
0002,千房FC,500002,FC第2エリア,544   ,静岡パルシェ店,2026/08/25,火,平日,,晴,34.0,26.0,計,122659,115000,1.0666,1.1288,99455,1.2333,54,30,2271.5,1.35,69,0.7826,50,1.0800,22028,11210,0.0914,0.1920,,0,0.0000,0.0000,0.0914,0.1920,0,,,0.0000,
0002,千房FC,500002,FC第2エリア,544   ,静岡パルシェ店,2026/08/26,水,平日,,晴,35.0,26.0,計,94350,115000,0.8204,1.1021,88102,1.0709,45,24,2096.7,1.13,69,0.6522,43,1.0465,22028,16200,0.1717,0.1907,,0,0.0000,0.0000,0.1717,0.1907,0,,,0.0000,
0002,千房FC,500002,FC第2エリア,544   ,静岡パルシェ店,2026/08/27,木,平日,,晴,33.0,27.0,計,109921,115000,0.9558,1.0905,98610,1.1147,54,35,2035.6,1.35,69,0.7826,60,0.9000,22028,24996,0.2274,0.1933,,0,0.0000,0.0000,0.2274,0.1933,0,,,0.0000,
0002,千房FC,500002,FC第2エリア,544   ,静岡パルシェ店,2026/08/28,金,平日,,晴,32.0,25.0,計,159509,120000,1.3292,1.1088,117790,1.3542,57,27,2798.4,1.43,72,0.7917,51,1.1176,22028,,0.0000,0.1755,,0,0.0000,0.0000,0.0000,0.1755,0,,,0.0000,
0002,千房FC,500002,FC第2エリア,544   ,静岡パルシェ店,2026/08/29,土,土曜,,雨,29.0,26.0,計,222407,210000,1.0591,1.1029,211385,1.0521,86,45,2586.1,2.15,112,0.7679,115,0.7478,40226,,0.0000,0.1555,,0,0.0000,0.0000,0.0000,0.1555,0,,,0.0000,
0002,千房FC,500002,FC第2エリア,544   ,静岡パルシェ店,2026/08/30,日,日祝,,曇,26.0,24.0,計,202752,195000,1.0398,1.0967,200930,1.0091,93,44,2180.1,2.33,97,0.9588,105,0.8857,37353,,0.0000,0.1410,,0,0.0000,0.0000,0.0000,0.1410,0,,,0.0000,
0002,千房FC,500001,FC第1エリア,546   ,江坂店,2026/08/17,月,平日,休,曇,32.0,25.0,計,,0,,,80046,0.0000,,,,0,0,,29,0.0000,13357,,,,,0,,,,,0,,,,
0002,千房FC,500001,FC第1エリア,546   ,江坂店,2026/08/18,火,平日,休,曇,32.0,26.0,計,,0,,,,,,,,0,0,,,,0,,,,,0,,,,,0,,,,
0002,千房FC,500001,FC第1エリア,546   ,江坂店,2026/08/19,水,平日,,晴,34.0,26.0,計,87340,80000,1.0918,1.0918,96683,0.9034,63,19,1386.3,1.85,40,1.5750,48,1.3125,13357,17035,0.1950,0.1950,,0,0.0000,0.0000,0.1950,0.1950,0,,,0.0000,
0002,千房FC,500001,FC第1エリア,546   ,江坂店,2026/08/20,木,平日,,晴,35.0,26.0,計,35771,80000,0.4471,0.7694,78865,0.4536,26,19,1375.8,0.76,40,0.6500,40,0.6500,13357,6610,0.1848,0.1921,,0,0.0000,0.0000,0.1848,0.1921,0,,,0.0000,
0002,千房FC,500001,FC第1エリア,546   ,江坂店,2026/08/21,金,平日,,晴,36.0,27.0,計,52704,80000,0.6588,0.7326,61311,0.8596,28,21,1882.3,0.82,40,0.7000,43,0.6512,13357,31035,0.5889,0.3110,,0,0.0000,0.0000,0.5889,0.3110,0,,,0.0000,
0002,千房FC,500001,FC第1エリア,546   ,江坂店,2026/08/22,土,土曜,,晴,35.0,27.0,計,98247,180000,0.5458,0.6525,140868,0.6974,38,15,2585.4,1.12,90,0.4222,63,0.6032,25045,10960,0.1116,0.2395,,0,0.0000,0.0000,0.1116,0.2395,0,,,0.0000,
0002,千房FC,500001,FC第1エリア,546   ,江坂店,2026/08/23,日,日祝,,晴,36.0,27.0,計,80429,140000,0.5745,0.6330,118489,0.6788,35,14,2298.0,1.03,70,0.5000,54,0.6481,23375,,0.0000,0.1852,,0,0.0000,0.0000,0.0000,0.1852,0,,,0.0000,
0002,千房FC,500001,FC第1エリア,546   ,江坂店,2026/08/24,月,平日,,晴,35.0,27.0,計,27579,80000,0.3447,0.5970,97125,0.2840,25,12,1103.2,0.74,40,0.6250,52,0.4808,13357,19429,0.7045,0.2227,,0,0.0000,0.0000,0.7045,0.2227,0,,,0.0000,
0002,千房FC,500001,FC第1エリア,546   ,江坂店,2026/08/25,火,平日,,晴,35.0,28.0,計,39565,80000,0.4946,0.5856,,,31,16,1276.3,0.91,40,0.7750,,,13357,15677,0.3962,0.2389,,0,0.0000,0.0000,0.3962,0.2389,0,,,0.0000,
0002,千房FC,500001,FC第1エリア,546   ,江坂店,2026/08/26,水,平日,,晴,35.0,27.0,計,93233,80000,1.1654,0.6436,39885,2.3375,64,23,1456.8,1.88,40,1.6000,26,2.4615,13357,,0.0000,0.1957,,0,0.0000,0.0000,0.0000,0.1957,0,,,0.0000,
0002,千房FC,500001,FC第1エリア,546   ,江坂店,2026/08/27,木,平日,,晴,33.0,29.0,計,98313,80000,1.2289,0.6968,56310,1.7459,45,20,2184.7,1.32,40,1.1250,35,1.2857,13357,3540,0.0360,0.1701,,0,0.0000,0.0000,0.0360,0.1701,0,,,0.0000,
0002,千房FC,500001,FC第1エリア,546   ,江坂店,2026/08/28,金,平日,,雨,31.0,24.0,計,76814,80000,0.9602,0.7187,140287,0.5475,39,23,1969.6,1.15,40,0.9750,62,0.6290,13357,,0.0000,0.1511,,0,0.0000,0.0000,0.0000,0.1511,0,,,0.0000,
0002,千房FC,500001,FC第1エリア,546   ,江坂店,2026/08/29,土,土曜,,晴,32.0,26.0,計,104667,180000,0.5815,0.6971,131126,0.7982,46,18,2275.4,1.35,90,0.5111,51,0.9020,25045,8340,0.0797,0.1417,,0,0.0000,0.0000,0.0797,0.1417,0,,,0.0000,
0002,千房FC,500001,FC第1エリア,546   ,江坂店,2026/08/30,日,日祝,,晴,34.0,27.0,計,160515,140000,1.1465,0.7462,124745,1.2867,59,21,2720.6,1.74,70,0.8429,66,0.8939,23375,,0.0000,0.1179,,0,0.0000,0.0000,0.0000,0.1179,0,,,0.0000,
0002,千房FC,500002,FC第2エリア,554   ,ザ・モール仙台長町店,2026/08/17,月,平日,,曇,26.0,23.0,計,132275,70000,1.8896,1.8896,80276,1.6478,39,20,3391.7,0.78,41,0.9512,54,0.7222,0,6280,0.0475,0.0475,,0,0.0000,0.0000,0.0475,0.0475,0,,,0.0000,
0002,千房FC,500002,FC第2エリア,554   ,ザ・モール仙台長町店,2026/08/18,火,平日,,曇,28.0,23.0,計,78038,70000,1.1148,1.5022,103972,0.7506,34,18,2295.2,0.68,41,0.8293,70,0.4857,0,7684,0.0985,0.0664,,0,0.0000,0.0000,0.0985,0.0664,0,,,0.0000,
0002,千房FC,500002,FC第2エリア,554   ,ザ・モール仙台長町店,2026/08/19,水,平日,,晴,29.0,23.0,計,82933,70000,1.1848,1.3964,81133,1.0222,53,30,1564.8,1.06,41,1.2927,46,1.1522,0,24573,0.2963,0.1314,,0,0.0000,0.0000,0.2963,0.1314,0,,,0.0000,
0002,千房FC,500002,FC第2エリア,554   ,ザ・モール仙台長町店,2026/08/20,木,平日,,曇,30.0,24.0,計,96847,70000,1.3835,1.3932,85200,1.1367,76,45,1274.3,1.52,41,1.8537,47,1.6170,0,27120,0.2800,0.1683,,0,0.0000,0.0000,0.2800,0.1683,0,,,0.0000,
0002,千房FC,500002,FC第2エリア,554   ,ザ・モール仙台長町店,2026/08/21,金,平日,,曇,29.0,24.0,計,91982,70000,1.3140,1.3774,88459,1.0398,58,35,1585.9,1.16,41,1.4146,59,0.9831,0,68889,0.7489,0.2791,,0,0.0000,0.0000,0.7489,0.2791,0,,,0.0000,
0002,千房FC,500002,FC第2エリア,554   ,ザ・モール仙台長町店,2026/08/22,土,土曜,,晴,28.0,23.0,計,186618,160000,1.1664,1.3112,155773,1.1980,122,53,1529.7,2.44,100,1.2200,96,1.2708,0,13336,0.0715,0.2212,,0,0.0000,0.0000,0.0715,0.2212,0,,,0.0000,
0002,千房FC,500002,FC第2エリア,554   ,ザ・モール仙台長町店,2026/08/23,日,日祝,,曇,28.0,24.0,計,154579,170000,0.9093,1.2107,164133,0.9418,100,44,1545.8,2.00,109,0.9174,117,0.8547,0,,0.0000,0.1796,,0,0.0000,0.0000,0.0000,0.1796,0,,,0.0000,
0002,千房FC,500002,FC第2エリア,554   ,ザ・モール仙台長町店,2026/08/24,月,平日,,雨,30.0,24.0,計,36106,70000,0.5158,1.1458,76388,0.4727,20,11,1805.3,0.40,41,0.4878,52,0.3846,0,25338,0.7018,0.2016,,0,0.0000,0.0000,0.7018,0.2016,0,,,0.0000,
0002,千房FC,500002,FC第2エリア,554   ,ザ・モール仙台長町店,2026/08/25,火,平日,,晴,34.0,25.0,計,67949,70000,0.9707,1.1309,89735,0.7572,26,16,2613.4,0.52,41,0.6341,65,0.4000,0,3547,0.0522,0.1906,,0,0.0000,0.0000,0.0522,0.1906,0,,,0.0000,
0002,千房FC,500002,FC第2エリア,554   ,ザ・モール仙台長町店,2026/08/26,水,平日,,曇,32.0,26.0,計,82390,70000,1.1770,1.1345,72992,1.1288,47,25,1753.0,0.94,41,1.1463,43,1.0930,0,31862,0.3867,0.2066,,0,0.0000,0.0000,0.3867,0.2066,0,,,0.0000,
0002,千房FC,500002,FC第2エリア,554   ,ザ・モール仙台長町店,2026/08/27,木,平日,,雨,27.0,24.0,計,56275,70000,0.8039,1.1104,91478,0.6152,29,15,1940.5,0.58,41,0.7073,56,0.5179,0,,0.0000,0.1957,,0,0.0000,0.0000,0.0000,0.1957,0,,,0.0000,
0002,千房FC,500002,FC第2エリア,554   ,ザ・モール仙台長町店,2026/08/28,金,平日,,晴,31.0,22.0,計,99754,70000,1.4251,1.1318,221609,0.4501,65,33,1534.7,1.30,41,1.5854,50,1.3000,0,83250,0.8346,0.2504,,0,0.0000,0.0000,0.8346,0.2504,0,,,0.0000,
0002,千房FC,500002,FC第2エリア,554   ,ザ・モール仙台長町店,2026/08/29,土,土曜,,曇,23.0,19.0,計,233247,180000,1.2958,1.1562,181088,1.2880,152,66,1534.5,3.04,112,1.3571,116,1.3103,0,11169,0.0479,0.2166,,0,0.0000,0.0000,0.0479,0.2166,0,,,0.0000,
0002,千房FC,500002,FC第2エリア,554   ,ザ・モール仙台長町店,2026/08/30,日,日祝,,雨,21.0,19.0,計,245813,160000,1.5363,1.2006,166433,1.4769,163,67,1508.1,3.26,103,1.5825,110,1.4818,0,,0.0000,0.1842,,0,0.0000,0.0000,0.0000,0.1842,0,,,0.0000,
0002,千房FC,500003,FC第3エリア,558   ,ADVANCE 広尾店,2026/08/17,月,平日,,晴,29.0,23.0,計,97800,194000,0.5041,0.5041,209200,0.4675,4,2,24450.0,0.19,18,0.2222,12,0.3333,0,17669,0.1807,0.1807,,13350,0.1365,0.1365,0.3172,0.3172,534,10988.8,,0.0000,
0002,千房FC,500003,FC第3エリア,558   ,ADVANCE 広尾店,2026/08/18,火,平日,,晴,31.0,24.0,計,238919,200000,1.1946,0.8546,160530,1.4883,10,4,23891.9,0.48,18,0.5556,13,0.7692,0,42341,0.1772,0.1782,,35511,0.1486,0.1451,0.3259,0.3233,1344,10666.0,,0.0000,
0002,千房FC,500003,FC第3エリア,558   ,ADVANCE 広尾店,2026/08/19,水,平日,,晴,32.0,25.0,計,231359,200000,1.1568,0.9564,148980,1.5530,14,5,16525.6,0.67,18,0.7778,13,1.0769,0,6276,0.0271,0.1167,,22558,0.0975,0.1257,0.1246,0.2424,887,15650.0,,0.0000,
0002,千房FC,500003,FC第3エリア,558   ,ADVANCE 広尾店,2026/08/20,木,平日,,晴,32.0,25.0,計,39800,200000,0.1990,0.7656,164535,0.2419,4,2,9950.0,0.19,18,0.2222,13,0.3077,0,13229,0.3324,0.1308,,20875,0.5245,0.1518,0.8569,0.2826,835,2859.9,,0.0000,
0002,千房FC,500003,FC第3エリア,558   ,ADVANCE 広尾店,2026/08/21,金,平日,,雨,31.0,26.0,計,174350,200000,0.8718,0.7870,273250,0.6381,13,4,13411.5,0.62,18,0.7222,13,1.0000,0,21934,0.1258,0.1297,,15181,0.0871,0.1374,0.2129,0.2671,610,17149.2,,0.0000,
0002,千房FC,500003,FC第3エリア,558   ,ADVANCE 広尾店,2026/08/22,土,土曜,,晴,31.0,25.0,計,269894,300000,0.8996,0.8131,240658,1.1215,26,11,10380.5,1.24,12,2.1667,14,1.8571,0,55599,0.2060,0.1493,,28049,0.1039,0.1288,0.3099,0.2781,1063,15233.9,,0.0000,
0002,千房FC,500003,FC第3エリア,558   ,ADVANCE 広尾店,2026/08/23,日,日祝,,晴,30.0,25.0,計,296835,300000,0.9895,0.8463,288900,1.0275,23,8,12905.9,1.10,10,2.3000,23,1.0000,0,2525,0.0085,0.1183,,19463,0.0656,0.1149,0.0741,0.2332,777,22921.6,,0.0000,
0002,千房FC,500003,FC第3エリア,558   ,ADVANCE 広尾店,2026/08/24,月,平日,休,晴,32.0,26.0,計,,0,,0.8463,,,,,,0,0,,,,0,,,0.1183,,0,,0.1149,,0.2332,0,,,,
0002,千房FC,500003,FC第3エリア,558   ,ADVANCE 広尾店,2026/08/25,火,平日,,晴,33.0,27.0,計,64000,200000,0.3200,0.7876,91580,0.6988,7,3,9142.9,0.33,18,0.3889,9,0.7778,0,23646,0.3695,0.1297,,25505,0.3985,0.1277,0.7680,0.2574,976,3934.4,,0.0000,
0002,千房FC,500003,FC第3エリア,558   ,ADVANCE 広尾店,2026/08/26,水,平日,,晴,33.0,28.0,計,205415,200000,1.0271,0.8116,89610,2.2923,13,4,15801.2,0.62,18,0.7222,8,1.6250,0,1452,0.0071,0.1141,,26292,0.1280,0.1278,0.1351,0.2419,996,12374.4,,0.0000,
0002,千房FC,500003,FC第3エリア,558   ,ADVANCE 広尾店,2026/08/27,木,平日,,曇,30.0,23.0,計,11900,200000,0.0595,0.7431,334046,0.0356,2,1,5950.0,0.10,18,0.1111,13,0.1538,0,13619,1.1445,0.1216,,27332,2.2968,0.1436,3.4413,0.2652,1089,655.6,,0.0000,
0002,千房FC,500003,FC第3エリア,558   ,ADVANCE 広尾店,2026/08/28,金,平日,,晴,31.0,25.0,計,78517,200000,0.3926,0.7138,183036,0.4290,7,3,11216.7,0.33,18,0.3889,13,0.5385,0,22601,0.2878,0.1293,,32499,0.4139,0.1560,0.7018,0.2853,1272,3703.6,,0.0000,
0002,千房FC,500003,FC第3エリア,558   ,ADVANCE 広尾店,2026/08/29,土,土曜,,雨,27.0,20.0,計,179754,300000,0.5992,0.7010,410552,0.4378,13,6,13827.2,0.62,12,1.0833,31,0.4194,0,23811,0.1325,0.1296,,39316,0.2187,0.1620,0.3512,0.2916,1515,7119.0,,0.0000,
0002,千房FC,500003,FC第3エリア,558   ,ADVANCE 広尾店,2026/08/30,日,日祝,,曇,26.0,20.0,計,339554,300000,1.1318,0.7442,395393,0.8588,19,11,17871.3,0.90,10,1.9000,25,0.7600,0,,0.0000,0.1098,,26018,0.0766,0.1490,0.0766,0.2588,961,21200.0,,0.0000,
0002,千房FC,500004,FC第4エリア,560   ,イオンモール白山店,2026/08/17,月,平日,,曇,31.0,25.0,計,117202,93000,1.2602,1.2602,109356,1.0717,88,37,1331.8,1.76,61,1.4426,85,1.0353,0,4260,0.0363,0.0363,,0,0.0000,0.0000,0.0363,0.0363,0,,,0.0000,
0002,千房FC,500004,FC第4エリア,560   ,イオンモール白山店,2026/08/18,火,平日,,曇,32.0,24.0,計,83781,93000,0.9009,1.0806,119369,0.7019,62,29,1351.3,1.24,61,1.0164,81,0.7654,0,26927,0.3214,0.1552,,0,0.0000,0.0000,0.3214,0.1552,0,,,0.0000,
0002,千房FC,500004,FC第4エリア,560   ,イオンモール白山店,2026/08/19,水,平日,,晴,33.0,25.0,計,84318,93000,0.9066,1.0226,119592,0.7050,68,30,1240.0,1.36,61,1.1148,86,0.7907,0,,0.0000,0.1093,,0,0.0000,0.0000,0.0000,0.1093,0,,,0.0000,
0002,千房FC,500004,FC第4エリア,560   ,イオンモール白山店,2026/08/20,木,平日,,曇,31.0,26.0,計,81669,93000,0.8782,0.9865,88313,0.9248,61,30,1338.8,1.22,61,1.0000,69,0.8841,0,73252,0.8969,0.2846,,0,0.0000,0.0000,0.8969,0.2846,0,,,0.0000,
0002,千房FC,500004,FC第4エリア,560   ,イオンモール白山店,2026/08/21,金,平日,,曇,31.0,27.0,計,111236,93000,1.1961,1.0284,59459,1.8708,73,33,1523.8,1.46,61,1.1967,49,1.4898,0,,0.0000,0.2184,,0,0.0000,0.0000,0.0000,0.2184,0,,,0.0000,
0002,千房FC,500004,FC第4エリア,560   ,イオンモール白山店,2026/08/22,土,土曜,,曇,31.0,25.0,計,180170,200000,0.9009,0.9900,193699,0.9302,131,56,1375.3,2.62,136,0.9632,154,0.8506,0,,0.0000,0.1586,,0,0.0000,0.0000,0.0000,0.1586,0,,,0.0000,
0002,千房FC,500004,FC第4エリア,560   ,イオンモール白山店,2026/08/23,日,日祝,,曇,33.0,25.0,計,228823,200000,1.1441,1.0257,234068,0.9776,162,67,1412.5,3.24,140,1.1571,156,1.0385,0,,0.0000,0.1177,,0,0.0000,0.0000,0.0000,0.1177,0,,,0.0000,
0002,千房FC,500004,FC第4エリア,560   ,イオンモール白山店,2026/08/24,月,平日,,晴,34.0,26.0,計,103600,93000,1.1140,1.0342,109643,0.9449,75,32,1381.3,1.50,61,1.2295,86,0.8721,0,,0.0000,0.1054,,0,0.0000,0.0000,0.0000,0.1054,0,,,0.0000,
0002,千房FC,500004,FC第4エリア,560   ,イオンモール白山店,2026/08/25,火,平日,,晴,33.0,26.0,計,80630,93000,0.8670,1.0194,114705,0.7029,55,27,1466.0,1.10,61,0.9016,84,0.6548,0,,0.0000,0.0975,,0,0.0000,0.0000,0.0000,0.0975,0,,,0.0000,
0002,千房FC,500004,FC第4エリア,560   ,イオンモール白山店,2026/08/26,水,平日,,晴,32.0,26.0,計,86811,93000,0.9335,1.0124,91433,0.9494,61,31,1423.1,1.22,61,1.0000,71,0.8592,0,,0.0000,0.0902,,0,0.0000,0.0000,0.0000,0.0902,0,,,0.0000,
0002,千房FC,500004,FC第4エリア,560   ,イオンモール白山店,2026/08/27,木,平日,,雨,25.0,23.0,計,58528,93000,0.6293,0.9836,68086,0.8596,39,18,1500.7,0.78,61,0.6393,52,0.7500,0,,0.0000,0.0858,,0,0.0000,0.0000,0.0000,0.0858,0,,,0.0000,
0002,千房FC,500004,FC第4エリア,560   ,イオンモール白山店,2026/08/28,金,平日,,曇,29.0,23.0,計,102048,93000,1.0973,0.9916,50334,2.0274,75,32,1360.6,1.50,61,1.2295,36,2.0833,0,,0.0000,0.0792,,0,0.0000,0.0000,0.0000,0.0792,0,,,0.0000,
0002,千房FC,500004,FC第4エリア,560   ,イオンモール白山店,2026/08/29,土,土曜,,雨,26.0,21.0,計,258903,201230,1.2866,1.0304,209857,1.2337,176,71,1471.0,3.52,136,1.2941,153,1.1503,0,,0.0000,0.0662,,0,0.0000,0.0000,0.0000,0.0662,0,,,0.0000,
0002,千房FC,500004,FC第4エリア,560   ,イオンモール白山店,2026/08/30,日,日祝,,雨,29.0,25.0,計,263007,230000,1.1435,1.0451,249828,1.0528,180,75,1461.2,3.60,161,1.1180,170,1.0588,0,,0.0000,0.0567,,0,0.0000,0.0000,0.0000,0.0567,0,,,0.0000,
0002,千房FC,509000,FC閉店舗,561   ,京都祇園店,2026/08/17,月,平日,,曇,31.0,25.0,計,,100000,0.0000,0.0000,148358,0.0000,,,,0,33,0.0000,75,0.0000,0,,,,,0,,,,,0,,,,
0002,千房FC,509000,FC閉店舗,561   ,京都祇園店,2026/08/18,火,平日,,曇,32.0,25.0,計,,100000,0.0000,0.0000,114255,0.0000,,,,0,33,0.0000,48,0.0000,0,,,,,0,,,,,0,,,,
0002,千房FC,509000,FC閉店舗,561   ,京都祇園店,2026/08/19,水,平日,,曇,34.0,25.0,計,,100000,0.0000,0.0000,148544,0.0000,,,,0,33,0.0000,62,0.0000,0,,,,,0,,,,,0,,,,
0002,千房FC,509000,FC閉店舗,561   ,京都祇園店,2026/08/20,木,平日,,晴,36.0,26.0,計,,100000,0.0000,0.0000,198597,0.0000,,,,0,33,0.0000,83,0.0000,0,,,,,0,,,,,0,,,,
0002,千房FC,509000,FC閉店舗,561   ,京都祇園店,2026/08/21,金,平日,,曇,34.0,26.0,計,,100000,0.0000,0.0000,21376,0.0000,,,,0,33,0.0000,10,0.0000,0,,,,,0,,,,,0,,,,
0002,千房FC,509000,FC閉店舗,561   ,京都祇園店,2026/08/22,土,土曜,,曇,36.0,26.0,計,,150000,0.0000,0.0000,79088,0.0000,,,,0,60,0.0000,30,0.0000,0,,,,,0,,,,,0,,,,
0002,千房FC,509000,FC閉店舗,561   ,京都祇園店,2026/08/23,日,日祝,,曇,37.0,27.0,計,,150000,0.0000,0.0000,92952,0.0000,,,,0,60,0.0000,39,0.0000,0,,,,,0,,,,,0,,,,
0002,千房FC,509000,FC閉店舗,561   ,京都祇園店,2026/08/24,月,平日,,雨,37.0,27.0,計,,100000,0.0000,0.0000,59687,0.0000,,,,0,33,0.0000,26,0.0000,0,,,,,0,,,,,0,,,,
0002,千房FC,509000,FC閉店舗,561   ,京都祇園店,2026/08/25,火,平日,,晴,36.0,27.0,計,,100000,0.0000,0.0000,66580,0.0000,,,,0,33,0.0000,32,0.0000,0,,,,,0,,,,,0,,,,
0002,千房FC,509000,FC閉店舗,561   ,京都祇園店,2026/08/26,水,平日,,曇,36.0,26.0,計,,100000,0.0000,0.0000,54460,0.0000,,,,0,33,0.0000,24,0.0000,0,,,,,0,,,,,0,,,,
0002,千房FC,509000,FC閉店舗,561   ,京都祇園店,2026/08/27,木,平日,,晴,33.0,28.0,計,,100000,0.0000,0.0000,122025,0.0000,,,,0,33,0.0000,46,0.0000,0,,,,,0,,,,,0,,,,
0002,千房FC,509000,FC閉店舗,561   ,京都祇園店,2026/08/28,金,平日,,晴,30.0,24.0,計,,100000,0.0000,0.0000,144592,0.0000,,,,0,33,0.0000,62,0.0000,0,,,,,0,,,,,0,,,,
0002,千房FC,509000,FC閉店舗,561   ,京都祇園店,2026/08/29,土,土曜,,曇,32.0,25.0,計,,150000,0.0000,0.0000,130332,0.0000,,,,0,60,0.0000,52,0.0000,0,,,,,0,,,,,0,,,,
0002,千房FC,509000,FC閉店舗,561   ,京都祇園店,2026/08/30,日,日祝,,曇,34.0,26.0,計,,150000,0.0000,0.0000,50031,0.0000,,,,0,60,0.0000,24,0.0000,0,,,,,0,,,,,0,,,,
0002,千房FC,500002,FC第2エリア,562   ,せんちゅうパル店,2026/08/17,月,平日,,曇,31.0,25.0,計,195352,150000,1.3023,1.3023,149824,1.3039,111,55,1759.9,4.11,104,1.0673,105,1.0571,0,,0.0000,0.0000,0,76559,0.3919,0.3919,0.3919,0.3919,3352,3496.8,,0.0000,
0002,千房FC,500002,FC第2エリア,562   ,せんちゅうパル店,2026/08/18,火,平日,,曇,33.0,26.0,計,150674,150000,1.0045,1.1534,229531,0.6564,90,45,1674.2,3.33,104,0.8654,138,0.6522,0,,0.0000,0.0000,0,76761,0.5095,0.4431,0.5095,0.4431,3397,2661.3,,0.0000,
0002,千房FC,500002,FC第2エリア,562   ,せんちゅうパル店,2026/08/19,水,平日,休,晴,34.0,26.0,計,,0,,1.1534,,,,,,0,0,,,,0,,,0.0000,0,0,,0.4431,,0.4431,0,,,,
0002,千房FC,500002,FC第2エリア,562   ,せんちゅうパル店,2026/08/20,木,平日,,晴,35.0,26.0,計,218764,190000,1.1514,1.1526,173621,1.2600,130,67,1682.8,4.81,132,0.9848,104,1.2500,0,,0.0000,0.0000,0,64367,0.2942,0.3854,0.2942,0.3854,3047,4307.8,,0.0000,
0002,千房FC,500002,FC第2エリア,562   ,せんちゅうパル店,2026/08/21,金,平日,,晴,35.0,27.0,計,146372,190000,0.7704,1.0458,158209,0.9252,87,49,1682.4,3.22,132,0.6591,105,0.8286,0,,0.0000,0.0000,0,80210,0.5480,0.4189,0.5480,0.4189,3498,2510.7,,0.0000,
0002,千房FC,500002,FC第2エリア,562   ,せんちゅうパル店,2026/08/22,土,土曜,,晴,35.0,27.0,計,234217,250000,0.9369,1.0165,250841,0.9337,133,60,1761.0,4.93,161,0.8261,165,0.8061,0,,0.0000,0.0000,0,81992,0.3501,0.4018,0.3501,0.4018,3643,3857.5,,0.0000,
0002,千房FC,500002,FC第2エリア,562   ,せんちゅうパル店,2026/08/23,日,日祝,,晴,36.0,27.0,計,227390,260000,0.8746,0.9855,223356,1.0181,119,50,1910.8,4.41,169,0.7041,153,0.7778,0,,0.0000,0.0000,0,77922,0.3427,0.3904,0.3427,0.3904,3365,4054.5,,0.0000,
0002,千房FC,500002,FC第2エリア,562   ,せんちゅうパル店,2026/08/24,月,平日,,晴,35.0,27.0,計,164374,180000,0.9132,0.9760,167500,0.9813,74,38,2221.3,2.74,125,0.5920,105,0.7048,0,,0.0000,0.0000,0,63845,0.3884,0.3901,0.3884,0.3901,2744,3594.2,,0.0000,
0002,千房FC,500002,FC第2エリア,562   ,せんちゅうパル店,2026/08/25,火,平日,,晴,35.0,28.0,計,135533,180000,0.7530,0.9501,137581,0.9851,81,49,1673.2,3.00,125,0.6480,84,0.9643,0,,0.0000,0.0000,0,71876,0.5303,0.4030,0.5303,0.4030,3024,2689.1,,0.0000,
0002,千房FC,500002,FC第2エリア,562   ,せんちゅうパル店,2026/08/26,水,平日,休,晴,35.0,27.0,計,,0,,0.9501,,,,,,0,0,,,,0,,,0.0000,0,0,,0.4030,,0.4030,0,,,,
0002,千房FC,500002,FC第2エリア,562   ,せんちゅうパル店,2026/08/27,木,平日,,晴,33.0,29.0,計,125048,190000,0.6581,0.9182,150742,0.8296,77,41,1624.0,2.85,132,0.5833,97,0.7938,0,,0.0000,0.0000,0,61450,0.4914,0.4099,0.4914,0.4099,2762,2716.5,,0.0000,
0002,千房FC,500002,FC第2エリア,562   ,せんちゅうパル店,2026/08/28,金,平日,,曇,30.0,24.0,計,162630,190000,0.8559,0.9121,179721,0.9049,82,41,1983.3,3.04,132,0.6212,104,0.7885,0,,0.0000,0.0000,0,69082,0.4248,0.4113,0.4248,0.4113,3093,3154.8,,0.0000,
0002,千房FC,500002,FC第2エリア,562   ,せんちゅうパル店,2026/08/29,土,土曜,,晴,32.0,26.0,計,272356,250000,1.0894,0.9324,252349,1.0793,140,67,1945.4,5.19,161,0.8696,158,0.8861,0,,0.0000,0.0000,0,83494,0.3066,0.3973,0.3066,0.3973,3315,4929.5,,0.0000,
0002,千房FC,500002,FC第2エリア,562   ,せんちゅうパル店,2026/08/30,日,日祝,,晴,34.0,27.0,計,184787,260000,0.7107,0.9088,212511,0.8695,104,52,1776.8,3.85,169,0.6154,136,0.7647,0,,0.0000,0.0000,0,85403,0.4622,0.4027,0.4622,0.4027,3413,3248.5,,0.0000,
0002,千房FC,500003,FC第3エリア,563   ,北新地,2026/08/17,月,平日,,曇,31.0,25.0,計,132490,175000,0.7571,0.7571,208025,0.6369,19,9,6973.2,,20,0.9500,20,0.9500,6727,13380,0.1010,0.1010,,0,0.0000,0.0000,0.1010,0.1010,0,,,0.0000,
0002,千房FC,500003,FC第3エリア,563   ,北新地,2026/08/18,火,平日,,曇,32.0,26.0,計,69802,175000,0.3989,0.5780,13610,5.1287,13,6,5369.4,,20,0.6500,3,4.3333,6727,,0.0000,0.0661,,0,0.0000,0.0000,0.0000,0.0661,0,,,0.0000,
0002,千房FC,500003,FC第3エリア,563   ,北新地,2026/08/19,水,平日,,晴,34.0,26.0,計,334412,175000,1.9109,1.0223,93000,3.5958,20,7,16720.6,,20,1.0000,13,1.5385,6727,11977,0.0358,0.0472,,0,0.0000,0.0000,0.0358,0.0472,0,,,0.0000,
0002,千房FC,500003,FC第3エリア,563   ,北新地,2026/08/20,木,平日,,晴,34.0,27.0,計,97590,175000,0.5577,0.9061,8030,12.1532,18,8,5421.7,,20,0.9000,3,6.0000,6727,2450,0.0251,0.0438,,0,0.0000,0.0000,0.0251,0.0438,0,,,0.0000,
0002,千房FC,500003,FC第3エリア,563   ,北新地,2026/08/21,金,平日,,晴,35.0,28.0,計,51470,175000,0.2941,0.7837,155050,0.3320,13,7,3959.2,,20,0.6500,12,1.0833,6727,45157,0.8773,0.1064,,0,0.0000,0.0000,0.8773,0.1064,0,,,0.0000,
0002,千房FC,500003,FC第3エリア,563   ,北新地,2026/08/22,土,土曜,,晴,35.0,28.0,計,76221,280000,0.2722,0.6597,182109,0.4185,11,6,6929.2,,28,0.3929,15,0.7333,9226,5457,0.0716,0.1029,,0,0.0000,0.0000,0.0716,0.1029,0,,,0.0000,
0002,千房FC,500003,FC第3エリア,563   ,北新地,2026/08/23,日,日祝,休,晴,36.0,28.0,計,,0,,0.6597,,,,,,,0,,,,0,,,0.1029,,0,,0.0000,,0.1029,0,,,,
0002,千房FC,500003,FC第3エリア,563   ,北新地,2026/08/24,月,平日,,晴,35.0,28.0,計,185140,175000,1.0579,0.7121,206080,0.8984,18,8,10285.6,,20,0.9000,13,1.3846,6727,1142,0.0062,0.0840,,0,0.0000,0.0000,0.0062,0.0840,0,,,0.0000,
0002,千房FC,500003,FC第3エリア,563   ,北新地,2026/08/25,火,平日,,晴,34.0,28.0,計,101360,175000,0.5792,0.6967,157350,0.6442,19,9,5334.7,,20,0.9500,15,1.2667,6727,,0.0000,0.0759,,0,0.0000,0.0000,0.0000,0.0759,0,,,0.0000,
0002,千房FC,500003,FC第3エリア,563   ,北新地,2026/08/26,水,平日,,晴,35.0,28.0,計,139953,175000,0.7997,0.7074,6800,20.5813,15,6,9330.2,,20,0.7500,2,7.5000,6727,,0.0000,0.0669,,0,0.0000,0.0000,0.0000,0.0669,0,,,0.0000,
0002,千房FC,500003,FC第3エリア,563   ,北新地,2026/08/27,木,平日,,晴,33.0,29.0,計,95656,175000,0.5466,0.6922,148910,0.6424,13,12,7358.2,,20,0.6500,14,0.9286,6727,,0.0000,0.0620,,0,0.0000,0.0000,0.0000,0.0620,0,,,0.0000,
0002,千房FC,500003,FC第3エリア,563   ,北新地,2026/08/28,金,平日,,曇,32.0,24.0,計,134123,175000,0.7664,0.6986,191750,0.6995,23,9,5831.4,,20,1.1500,14,1.6429,6727,10316,0.0769,0.0634,,0,0.0000,0.0000,0.0769,0.0634,0,,,0.0000,
0002,千房FC,500003,FC第3エリア,563   ,北新地,2026/08/29,土,土曜,休,晴,32.0,27.0,計,,280000,0.0000,0.6139,319230,0.0000,,,,,28,0.0000,21,0.0000,9226,,,0.0634,,0,,0.0000,,0.0634,0,,,,
0002,千房FC,500003,FC第3エリア,563   ,北新地,2026/08/30,日,日祝,休,晴,35.0,28.0,計,,0,,0.6139,64140,0.0000,,,,,0,,6,0.0000,0,,,0.0634,,0,,0.0000,,0.0634,0,,,,
1004,千房フロンティア,300000,IZAKAYA事業部,703   ,いやさか 福島本店,2026/08/17,月,平日,,雨,31.0,25.0,計,330059,350000,0.9430,0.9430,380718,0.8669,85,16,3883.0,1.18,92,0.9239,97,0.8763,0,38734,0.1174,0.1174,0,90872,0.2753,0.2753,0.3927,0.3927,3955,5007.2,,0.0000,
1004,千房フロンティア,300000,IZAKAYA事業部,703   ,いやさか 福島本店,2026/08/18,火,平日,,曇,32.0,26.0,計,338633,350000,0.9675,0.9553,344299,0.9835,86,14,3937.6,1.19,92,0.9348,90,0.9556,0,48584,0.1435,0.1306,0,92167,0.2722,0.2737,0.4156,0.4043,4015,5060.5,,0.0000,
1004,千房フロンティア,300000,IZAKAYA事業部,703   ,いやさか 福島本店,2026/08/19,水,平日,,晴,34.0,26.0,計,322717,350000,0.9220,0.9442,350927,0.9196,92,18,3507.8,1.28,92,1.0000,96,0.9583,0,60232,0.1866,0.1488,0,99313,0.3077,0.2848,0.4944,0.4336,4438,4363.0,,0.0000,
1004,千房フロンティア,300000,IZAKAYA事業部,703   ,いやさか 福島本店,2026/08/20,木,平日,,晴,34.0,27.0,計,322864,350000,0.9225,0.9388,419998,0.7687,86,19,3754.2,1.19,92,0.9348,102,0.8431,0,66235,0.2051,0.1627,0,71998,0.2230,0.2696,0.4281,0.4323,3128,6193.0,,0.0000,
1004,千房フロンティア,300000,IZAKAYA事業部,703   ,いやさか 福島本店,2026/08/21,金,平日,,晴,35.0,28.0,計,472129,360000,1.3115,1.0150,402963,1.1716,113,19,4178.1,1.57,94,1.2021,113,1.0000,0,63167,0.1338,0.1550,0,116144,0.2460,0.2634,0.3798,0.4184,5089,5566.5,,0.0000,
1004,千房フロンティア,300000,IZAKAYA事業部,703   ,いやさか 福島本店,2026/08/22,土,土曜,,晴,35.0,28.0,計,316263,350000,0.9036,0.9965,360266,0.8779,83,18,3810.4,1.15,92,0.9022,110,0.7545,0,68736,0.2173,0.1644,0,89179,0.2820,0.2662,0.4993,0.4306,3787,5010.8,,0.0000,
1004,千房フロンティア,300000,IZAKAYA事業部,703   ,いやさか 福島本店,2026/08/23,日,日祝,,晴,36.0,28.0,計,,0,,0.9965,,,,,,0,0,,,,0,,,0.1644,0,0,,0.2662,,0.4306,0,,,,
1004,千房フロンティア,300000,IZAKAYA事業部,703   ,いやさか 福島本店,2026/08/24,月,平日,,晴,35.0,28.0,計,131436,350000,0.3755,0.9082,299396,0.4390,38,11,3458.8,0.53,92,0.4130,93,0.4086,0,133536,1.0160,0.2145,0,61687,0.4693,0.2781,1.4853,0.4926,2629,2999.7,,0.0000,
1004,千房フロンティア,300000,IZAKAYA事業部,703   ,いやさか 福島本店,2026/08/25,火,平日,,晴,34.0,28.0,計,366263,350000,1.0465,0.9254,432735,0.8464,85,13,4309.0,1.18,92,0.9239,106,0.8019,0,62740,0.1713,0.2084,0,108118,0.2952,0.2805,0.4665,0.4889,4714,4661.8,,0.0000,
1004,千房フロンティア,300000,IZAKAYA事業部,703   ,いやさか 福島本店,2026/08/26,水,平日,,晴,35.0,28.0,計,362574,350000,1.0359,0.9376,438909,0.8261,98,18,3699.7,1.36,92,1.0652,113,0.8673,0,48995,0.1351,0.1995,0,121800,0.3359,0.2873,0.4711,0.4868,5371,4050.4,,0.0000,
1004,千房フロンティア,300000,IZAKAYA事業部,703   ,いやさか 福島本店,2026/08/27,木,平日,,晴,33.0,29.0,計,319725,350000,0.9135,0.9352,391783,0.8161,84,14,3806.3,1.17,92,0.9130,99,0.8485,0,72189,0.2258,0.2020,0,104642,0.3273,0.2912,0.5531,0.4932,4620,4152.3,,0.0000,
1004,千房フロンティア,300000,IZAKAYA事業部,703   ,いやさか 福島本店,2026/08/28,金,平日,,曇,32.0,24.0,計,470139,360000,1.3059,0.9697,398176,1.1807,111,22,4235.5,1.54,94,1.1809,103,1.0777,0,70214,0.1493,0.1954,0,132710,0.2823,0.2901,0.4316,0.4855,5782,4878.6,,0.0000,
1004,千房フロンティア,300000,IZAKAYA事業部,703   ,いやさか 福島本店,2026/08/29,土,土曜,,晴,33.0,27.0,計,290134,350000,0.8290,0.9580,335735,0.8642,81,19,3581.9,1.13,92,0.8804,93,0.8710,0,33818,0.1166,0.1898,0,97826,0.3372,0.2935,0.4537,0.4832,4143,4201.8,,0.0000,
1004,千房フロンティア,300000,IZAKAYA事業部,703   ,いやさか 福島本店,2026/08/30,日,日祝,,晴,35.0,28.0,計,,0,,0.9580,,,,,,0,0,,,,0,,,0.1898,0,0,,0.2935,,0.4832,0,,,,
1004,千房フロンティア,300000,IZAKAYA事業部,705   ,ときわ福島,2026/08/17,月,平日,,雨,31.0,25.0,計,99293,110000,0.9027,0.9027,95140,1.0437,26,6,3819.0,0.65,30,0.8667,25,1.0400,0,13222,0.1332,0.1332,0,15424,0.1553,0.1553,0.2885,0.2885,662,8999.4,,0.0000,
1004,千房フロンティア,300000,IZAKAYA事業部,705   ,ときわ福島,2026/08/18,火,平日,,曇,32.0,26.0,計,117030,110000,1.0639,0.9833,117940,0.9923,28,5,4179.6,0.70,30,0.9333,26,1.0769,0,9926,0.0848,0.1070,0,11407,0.0975,0.1240,0.1823,0.2310,451,15569.4,,0.0000,
1004,千房フロンティア,300000,IZAKAYA事業部,705   ,ときわ福島,2026/08/19,水,平日,,晴,34.0,26.0,計,109467,110000,0.9952,0.9872,91867,1.1916,27,6,4054.3,0.68,30,0.9000,27,1.0000,0,13630,0.1245,0.1129,0,23416,0.2139,0.1542,0.3384,0.2671,984,6674.8,,0.0000,
1004,千房フロンティア,300000,IZAKAYA事業部,705   ,ときわ福島,2026/08/20,木,平日,,晴,34.0,27.0,計,121070,110000,1.1006,1.0156,126284,0.9587,45,11,2690.4,1.13,30,1.5000,30,1.5000,0,37537,0.3100,0.1663,0,24698,0.2040,0.1677,0.5140,0.3340,1030,7052.6,,0.0000,
1004,千房フロンティア,300000,IZAKAYA事業部,705   ,ときわ福島,2026/08/21,金,平日,,晴,35.0,28.0,計,179304,120000,1.4942,1.1182,120104,1.4929,43,10,4169.9,1.08,33,1.3030,33,1.3030,0,39522,0.2204,0.1818,0,33150,0.1849,0.1726,0.4053,0.3544,1472,7308.6,,0.0000,
1004,千房フロンティア,300000,IZAKAYA事業部,705   ,ときわ福島,2026/08/22,土,土曜,,晴,35.0,28.0,計,141849,110000,1.2895,1.1463,72704,1.9510,39,11,3637.2,0.98,30,1.3000,25,1.5600,0,22026,0.1553,0.1769,0,13366,0.0942,0.1582,0.2495,0.3351,514,16558.2,,0.0000,
1004,千房フロンティア,300000,IZAKAYA事業部,705   ,ときわ福島,2026/08/23,日,日祝,,晴,36.0,28.0,計,,0,,1.1463,,,,,,0,0,,,,0,,,0.1769,0,0,,0.1582,,0.3351,0,,,,
1004,千房フロンティア,300000,IZAKAYA事業部,705   ,ときわ福島,2026/08/24,月,平日,,晴,35.0,28.0,計,89156,110000,0.8105,1.0989,88794,1.0041,22,3,4052.5,0.55,30,0.7333,26,0.8462,0,32315,0.3625,0.1962,0,28568,0.3204,0.1750,0.6829,0.3712,1297,4124.4,,0.0000,
1004,千房フロンティア,300000,IZAKAYA事業部,705   ,ときわ福島,2026/08/25,火,平日,,晴,34.0,28.0,計,120739,110000,1.0976,1.0988,55684,2.1683,27,6,4471.8,0.68,30,0.9000,17,1.5882,0,25988,0.2152,0.1986,0,21378,0.1771,0.1753,0.3923,0.3738,904,8013.7,,0.0000,
1004,千房フロンティア,300000,IZAKAYA事業部,705   ,ときわ福島,2026/08/26,水,平日,,晴,35.0,28.0,計,95294,110000,0.8663,1.0732,131630,0.7240,28,5,3403.4,0.70,30,0.9333,35,0.8000,0,31636,0.3320,0.2104,0,38863,0.4078,0.1959,0.7398,0.4063,1729,3306.9,,0.0000,
1004,千房フロンティア,300000,IZAKAYA事業部,705   ,ときわ福島,2026/08/27,木,平日,,晴,33.0,29.0,計,91930,110000,0.8357,1.0497,88703,1.0364,24,5,3830.4,0.60,30,0.8000,22,1.0909,0,14368,0.1563,0.2061,0,17753,0.1931,0.1957,0.3494,0.4018,739,7463.9,,0.0000,
1004,千房フロンティア,300000,IZAKAYA事業部,705   ,ときわ福島,2026/08/28,金,平日,,曇,32.0,24.0,計,184869,120000,1.5406,1.0976,158020,1.1699,50,10,3697.4,1.25,33,1.5152,41,1.2195,0,12049,0.0652,0.1868,0,37597,0.2034,0.1968,0.2685,0.3836,1592,6967.4,,0.0000,
1004,千房フロンティア,300000,IZAKAYA事業部,705   ,ときわ福島,2026/08/29,土,土曜,,晴,33.0,27.0,計,101386,110000,0.9217,1.0831,137978,0.7348,31,9,3270.5,0.78,30,1.0333,37,0.8378,0,,0.0000,0.1738,0,30595,0.3018,0.2041,0.3018,0.3779,1104,5510.1,,0.0000,
1004,千房フロンティア,300000,IZAKAYA事業部,705   ,ときわ福島,2026/08/30,日,日祝,,晴,35.0,28.0,計,,0,,1.0831,,,,,,0,0,,,,0,,,0.1738,0,0,,0.2041,,0.3779,0,,,,
1004,千房フロンティア,300000,IZAKAYA事業部,706   ,いやさか別邸(旧 大阪吉野工房),2026/08/17,月,平日,,雨,31.0,25.0,計,0,2000,0.0000,0.0000,0,,0,0,,,1,0.0000,0,,0,,,,0,0,,,,,0,,,,
1004,千房フロンティア,300000,IZAKAYA事業部,706   ,いやさか別邸(旧 大阪吉野工房),2026/08/18,火,平日,,曇,32.0,26.0,計,0,2000,0.0000,0.0000,0,,0,0,,,1,0.0000,0,,0,,,,0,0,,,,,0,,,,
1004,千房フロンティア,300000,IZAKAYA事業部,706   ,いやさか別邸(旧 大阪吉野工房),2026/08/19,水,平日,,晴,34.0,26.0,計,0,2000,0.0000,0.0000,3547,0.0000,0,0,,,1,0.0000,2,0.0000,0,26207,,,0,0,,,,,0,,,,
1004,千房フロンティア,300000,IZAKAYA事業部,706   ,いやさか別邸(旧 大阪吉野工房),2026/08/20,木,平日,,晴,34.0,27.0,計,1139,2000,0.5695,0.1424,0,,1,1,1139.0,,1,1.0000,0,,0,12281,10.7823,33.7910,0,0,0.0000,0.0000,10.7823,33.7910,0,,,0.0000,
1004,千房フロンティア,300000,IZAKAYA事業部,706   ,いやさか別邸(旧 大阪吉野工房),2026/08/21,金,平日,,晴,35.0,28.0,計,4556,2000,2.2780,0.5695,3232,1.4097,3,3,1518.7,,1,3.0000,2,1.5000,0,,0.0000,6.7582,0,0,0.0000,0.0000,0.0000,6.7582,0,,,0.0000,
1004,千房フロンティア,300000,IZAKAYA事業部,706   ,いやさか別邸(旧 大阪吉野工房),2026/08/22,土,土曜,,晴,35.0,28.0,計,0,2000,0.0000,0.4746,1908,0.0000,0,0,,,1,0.0000,1,0.0000,0,24780,,11.1094,0,0,,0.0000,,11.1094,0,,,,
1004,千房フロンティア,300000,IZAKAYA事業部,706   ,いやさか別邸(旧 大阪吉野工房),2026/08/23,日,日祝,,晴,36.0,28.0,計,,0,,0.4746,,,,,,,0,,,,0,,,11.1094,0,0,,0.0000,,11.1094,0,,,,
1004,千房フロンティア,300000,IZAKAYA事業部,706   ,いやさか別邸(旧 大阪吉野工房),2026/08/24,月,平日,,晴,35.0,28.0,計,0,1000,0.0000,0.4381,1204,0.0000,0,0,,,0,,1,0.0000,0,,,11.1094,0,0,,0.0000,,11.1094,0,,,,
1004,千房フロンティア,300000,IZAKAYA事業部,706   ,いやさか別邸(旧 大阪吉野工房),2026/08/25,火,平日,,晴,34.0,28.0,計,0,2000,0.0000,0.3797,0,,0,0,,,1,0.0000,0,,0,,,11.1094,0,0,,0.0000,,11.1094,0,,,,
1004,千房フロンティア,300000,IZAKAYA事業部,706   ,いやさか別邸(旧 大阪吉野工房),2026/08/26,水,平日,,晴,35.0,28.0,計,0,2000,0.0000,0.3350,0,,0,0,,,1,0.0000,0,,0,,,11.1094,0,0,,0.0000,,11.1094,0,,,,
1004,千房フロンティア,300000,IZAKAYA事業部,706   ,いやさか別邸(旧 大阪吉野工房),2026/08/27,木,平日,,晴,33.0,29.0,計,3417,2000,1.7085,0.4796,1204,2.8380,2,2,1708.5,,1,2.0000,1,2.0000,0,,0.0000,6.9434,0,0,0.0000,0.0000,0.0000,6.9434,0,,,0.0000,
1004,千房フロンティア,300000,IZAKAYA事業部,706   ,いやさか別邸(旧 大阪吉野工房),2026/08/28,金,平日,,曇,32.0,24.0,計,0,2000,0.0000,0.4339,2186,0.0000,0,0,,,1,0.0000,1,0.0000,0,,,6.9434,0,0,,0.0000,,6.9434,0,,,,
1004,千房フロンティア,300000,IZAKAYA事業部,706   ,いやさか別邸(旧 大阪吉野工房),2026/08/29,土,土曜,,晴,33.0,27.0,計,0,2000,0.0000,0.3962,1047,0.0000,0,0,,,1,0.0000,1,0.0000,0,,,6.9434,0,0,,0.0000,,6.9434,0,,,,
1004,千房フロンティア,300000,IZAKAYA事業部,706   ,いやさか別邸(旧 大阪吉野工房),2026/08/30,日,日祝,,晴,35.0,28.0,計,,0,,0.3962,,,,,,,0,,,,0,,,6.9434,0,0,,0.0000,,6.9434,0,,,,
1004,千房フロンティア,300000,IZAKAYA事業部,707   ,ニューイヤサカ,2026/08/17,月,平日,,雨,31.0,25.0,計,,,,,,,,,,0,,,,,,2600,,,,0,,,,,0,,,,
1004,千房フロンティア,300000,IZAKAYA事業部,707   ,ニューイヤサカ,2026/08/18,火,平日,,曇,32.0,26.0,計,,,,,,,,,,0,,,,,,235150,,,,0,,,,,0,,,,
1004,千房フロンティア,300000,IZAKAYA事業部,707   ,ニューイヤサカ,2026/08/19,水,平日,,晴,34.0,26.0,計,,,,,,,,,,0,,,,,,1060,,,,0,,,,,0,,,,
1004,千房フロンティア,300000,IZAKAYA事業部,707   ,ニューイヤサカ,2026/08/20,木,平日,,晴,34.0,27.0,計,,,,,,,,,,0,,,,,,39859,,,,0,,,,,0,,,,
1004,千房フロンティア,300000,IZAKAYA事業部,707   ,ニューイヤサカ,2026/08/21,金,平日,,晴,35.0,28.0,計,,,,,,,,,,0,,,,,,33528,,,,0,,,,,0,,,,
1004,千房フロンティア,300000,IZAKAYA事業部,707   ,ニューイヤサカ,2026/08/22,土,土曜,,晴,35.0,28.0,計,,,,,,,,,,0,,,,,,,,,,0,,,,,0,,,,
1004,千房フロンティア,300000,IZAKAYA事業部,707   ,ニューイヤサカ,2026/08/23,日,日祝,,晴,36.0,28.0,計,,,,,,,,,,0,,,,,,,,,,0,,,,,0,,,,
1004,千房フロンティア,300000,IZAKAYA事業部,707   ,ニューイヤサカ,2026/08/24,月,平日,,晴,35.0,28.0,計,,,,,,,,,,0,,,,,,,,,,0,,,,,0,,,,
1004,千房フロンティア,300000,IZAKAYA事業部,707   ,ニューイヤサカ,2026/08/25,火,平日,,晴,34.0,28.0,計,,,,,,,,,,0,,,,,,16715,,,,0,,,,,0,,,,
1004,千房フロンティア,300000,IZAKAYA事業部,707   ,ニューイヤサカ,2026/08/26,水,平日,,晴,35.0,28.0,計,,,,,,,,,,0,,,,,,58025,,,,0,,,,,0,,,,
1004,千房フロンティア,300000,IZAKAYA事業部,707   ,ニューイヤサカ,2026/08/27,木,平日,,晴,33.0,29.0,計,,,,,,,,,,0,,,,,,24567,,,,0,,,,,0,,,,
1004,千房フロンティア,300000,IZAKAYA事業部,707   ,ニューイヤサカ,2026/08/28,金,平日,,曇,32.0,24.0,計,146507,,,,,,51,18,2872.7,1.59,,,,,,22019,0.1503,2.9591,,0,0.0000,0.0000,0.1503,2.9591,0,,,0.0000,
1004,千房フロンティア,300000,IZAKAYA事業部,707   ,ニューイヤサカ,2026/08/29,土,土曜,,晴,33.0,27.0,計,117598,,,,,,44,16,2672.7,1.38,,,,,,,0.0000,1.6415,,0,0.0000,0.0000,0.0000,1.6415,0,,,0.0000,
1004,千房フロンティア,300000,IZAKAYA事業部,707   ,ニューイヤサカ,2026/08/30,日,日祝,,晴,35.0,28.0,計,,,,,,,,,,0,,,,,,,,1.6415,,0,,0.0000,,1.6415,0,,,,
